{"type":"FeatureCollection","crs":{"type":"name","properties":{"name":"EPSG:4326"}},"features":[{"type":"Feature","id":1,"geometry":{"type":"MultiPolygon","coordinates":[[[[32.5991170003493,-19.9176939999781],[32.5897589995782,-19.9354759998175],[32.5850789995962,-19.9467059996821],[32.5878860004386,-19.9560659996461],[32.6140930002918,-19.9766540002818],[32.6402959999605,-19.9981780000147],[32.5910296211202,-20.0716107486371],[32.5907504454767,-20.0720909299524],[32.6749219995507,-20.0421630004221],[32.7095480000402,-20.0430999995653],[32.7367238467282,-20.0362271025987],[32.7502589996532,-20.0328039996049],[32.7437049995861,-20.0833409999871],[32.8457140003009,-20.0562010002759],[32.8503950003291,-20.0964429998445],[32.8774070004328,-20.1024790003056],[32.878494000198,-20.1042480000451],[32.8697810003929,-20.1104429997446],[32.8681790002607,-20.111581000063],[32.8556820004241,-20.1560609999152],[32.8708490001812,-20.1802860000988],[32.8712689997646,-20.1894770003633],[32.8468319996971,-20.200334000114],[32.8388969997968,-20.2193449999717],[32.8487999996203,-20.2311300002493],[32.8665190001518,-20.2399820001691],[32.8606680001282,-20.2741690001991],[32.8639860002538,-20.2870539999421],[32.8278799998621,-20.3201540002069],[32.8070709998268,-20.3392349996954],[32.8003569995759,-20.3529910000346],[32.798258999953,-20.3745800000669],[32.7875020003171,-20.3877179997858],[32.7786969998667,-20.3972739997952],[32.7586319999669,-20.4181379996689],[32.7372159998186,-20.4445429996597],[32.7074890004171,-20.4930760002571],[32.6905699999056,-20.5237170004391],[32.6770509997039,-20.546842000258],[32.6581230000764,-20.5615880003859],[32.6472539997723,-20.5600939998382],[32.6340749999613,-20.5602180001606],[32.567065999896,-20.560861000135],[32.5572539997723,-20.5656010001859],[32.5428432749972,-20.5773014264196],[32.5398706073427,-20.5624380863485],[32.5575605175039,-20.4975750827239],[32.569058958704,-20.4458320950751],[32.5790242752502,-20.4209188050588],[32.5636930197172,-20.3718587882524],[32.5591504253519,-20.343467574369],[32.5575605175039,-20.3227987705468],[32.5514280152907,-20.2676062515273],[32.5544942663973,-20.2185462338216],[32.5449234950233,-20.1929481226577],[32.5514280152907,-20.1848174725483],[32.5514280152907,-20.0744324336099],[32.5422292619709,-20.0376374203306],[32.5330305086511,-20.0161736625844],[32.5115667509049,-19.9732461479913],[32.4962354953719,-19.9487161391385],[32.4778379896316,-19.9241861302857],[32.4733145661144,-19.9196627067685],[32.480265999976,-19.9120800000919],[32.5373530002408,-19.9139530001308],[32.5541990000838,-19.9214379999637],[32.5663639998987,-19.9214379999637],[32.571978999831,-19.9186320000667],[32.5766559996747,-19.9139530001308],[32.5897589995782,-19.9092730001488],[32.5991170003493,-19.9120800000919],[32.5991170003493,-19.9176939999781]]],[[[32.7226859997591,-19.0248309999507],[32.7422370002374,-19.0290049999807],[32.7641980003375,-19.0281710001914],[32.7914919999559,-19.0190499995578],[32.8022650003296,-19.0169230003961],[32.810263999584,-19.0167860003736],[32.8212540000721,-19.0165969997517],[32.8222500001374,-19.0165799998671],[32.833205999957,-19.0163930002367],[32.8452749998414,-19.0248259997201],[32.8512680001182,-19.0648380003734],[32.8579550000233,-19.0768290002581],[32.8712190001568,-19.0822060000069],[32.8773949998794,-19.0978690001542],[32.8775319999019,-19.1128019999123],[32.8614949995946,-19.1802149997224],[32.8522870003449,-19.2190700000804],[32.851753000001,-19.2213229996566],[32.8492729998491,-19.2317769997087],[32.8526109999977,-19.2786860000588],[32.8498420000083,-19.2936300003242],[32.8090819999344,-19.3351470002338],[32.7764119997141,-19.3613239996029],[32.7756149998324,-19.3705080004438],[32.7783770003983,-19.3747479999202],[32.7794830001404,-19.3764449999368],[32.7803149998374,-19.3778219995856],[32.7846560003742,-19.3849920001806],[32.7853659998411,-19.3944720002825],[32.7782279998224,-19.4086619999513],[32.7802349997455,-19.4311900001184],[32.7766340000591,-19.4575820004089],[32.7934720004325,-19.4753949998793],[32.8448669999121,-19.476455000198],[32.8448059997971,-19.4869670002269],[32.8410910002495,-19.5126969996667],[32.8413349998104,-19.5278909997698],[32.8511839998418,-19.5412839995569],[32.8523129997452,-19.5525490001362],[32.8475300004092,-19.6094869998252],[32.8527639998588,-19.623767000047],[32.8503679999833,-19.6296400001858],[32.8356850000628,-19.6657610003698],[32.8351359999265,-19.6771690003491],[32.8501350000303,-19.6846269998362],[32.8897090002702,-19.6846710000666],[32.9291570000955,-19.6725230001363],[32.9458380004234,-19.6657689998394],[32.9627489996666,-19.6546000000899],[32.9688139996664,-19.6548689999044],[32.978411999814,-19.672388000206],[32.9792550000183,-19.6916899999935],[32.9572709997569,-19.7117670004467],[32.958891999866,-19.7232009998262],[32.9848509999737,-19.7418700001004],[33.0387679997435,-19.7669459999579],[33.0459550002232,-19.7749440000655],[33.0532450000567,-19.7830519998499],[33.0562170004143,-19.7987459996281],[33.0474279998024,-19.8209829998655],[33.0480800001919,-19.8333930001868],[33.028471999783,-19.932867000012],[33.0252149997725,-19.9596690003241],[33.0099859998541,-20.0192830002102],[33.0015900002783,-20.0236639998936],[32.9545280000672,-20.0404559999444],[32.9297369998627,-20.0435539998172],[32.9209345642788,-20.0483990164015],[32.9086594928414,-20.0385789583522],[32.8829905321874,-20.0353703382705],[32.8599604369247,-20.0339309571479],[32.8573215715334,-20.0353703382705],[32.8481332512486,-20.0358078773317],[32.8428827816151,-20.036974648761],[32.8059836511247,-20.0385789583522],[32.7819190009612,-20.0337660286792],[32.7498328001437,-20.0129099985975],[32.6904733299803,-19.9711979375347],[32.6869438479803,-19.968951904107],[32.6471569593263,-19.9391117376165],[32.6393894248821,-19.9324538505647],[32.6696172998985,-19.9038169167173],[32.6824517793262,-19.8781479569626],[32.6896711751846,-19.86451132184],[32.7009013450211,-19.8436552908589],[32.7049121198984,-19.8364358958999],[32.7177466002255,-19.8123712457364],[32.7289767700619,-19.7899109051641],[32.7302602186342,-19.7860605612458],[32.7321853901437,-19.7818893554094],[32.7324527756751,-19.7794828901232],[32.7337897006342,-19.7754721152459],[32.7330713527608,-19.773915695453],[32.7337897006342,-19.7674505654912],[32.7262694968398,-19.7591783414073],[32.724163840389,-19.7546160851642],[32.724163840389,-19.7449902249189],[32.7189886467087,-19.7411088301084],[32.7193509098167,-19.7385729847554],[32.7097250504708,-19.7289471245102],[32.7129336705525,-19.7000695446737],[32.712744928036,-19.6994089458661],[32.7129336705525,-19.6984652341832],[32.7111511036406,-19.6938305609316],[32.7097250504708,-19.6888393739379],[32.7078468334647,-19.6852394588339],[32.7049121198984,-19.6776092041014],[32.7000991902255,-19.6703898091423],[32.6904733299803,-19.6519402434474],[32.6856603994079,-19.635897143938],[32.6776388496532,-19.6150411129569],[32.6888690194897,-19.5909764627935],[32.6968905701438,-19.5839576067581],[32.6984948797349,-19.5829549130388],[32.7129336705525,-19.5733290527935],[32.7257681499802,-19.5620988829571],[32.7289767700619,-19.5556816427936],[32.7289767700619,-19.5492644026301],[32.7305810805525,-19.5460557825483],[32.7289767700619,-19.5380342327936],[32.7177466002255,-19.5203868218943],[32.7049121198984,-19.5043437223848],[32.6968905701438,-19.4915092420578],[32.6872647098985,-19.4832585045763],[32.6848760700746,-19.4801873962313],[32.6848519997201,-19.4804360003211],[32.6787449995821,-19.4845080001441],[32.666525999975,-19.486544999652],[32.6527087558045,-19.4839517217945],[32.6529996118427,-19.4832730565063],[32.6575754046812,-19.4695456788899],[32.669014886328,-19.4489546124653],[32.6713027822976,-19.4375151308186],[32.6896059527526,-19.4146361684244],[32.6874940478121,-19.4104123594428],[32.6896059527526,-19.4077724796162],[32.6896059527526,-19.4003368165908],[32.7033333303689,-19.3848935163227],[32.7259377450309,-19.3501174936274],[32.7399396703796,-19.3345597986957],[32.7513791520263,-19.3185445251097],[32.7879854920369,-19.2956655627155],[32.7917293220506,-19.2923377132149],[32.7971370768147,-19.2842260810688],[32.8134791928106,-19.2695181762228],[32.8200160401082,-19.2590592218056],[32.8291676248861,-19.2338923634418],[32.8360313136942,-19.1812707489459],[32.8360313136942,-19.1652554753599],[32.8314555208556,-19.1583917865516],[32.8131523513,-19.1606796825213],[32.7884801722222,-19.1677288762866],[32.7422275663492,-19.1698312672991],[32.7216364999246,-19.1789828529762],[32.7010454335,-19.1675433713295],[32.6978646995963,-19.1654228823601],[32.6941817446918,-19.1378007201271],[32.6941817446918,-19.1332249272885],[32.6918938487222,-19.1149217568336],[32.6873180558836,-19.094330690409],[32.6873180558836,-19.078315416823],[32.6855204235288,-19.0405651283779],[32.6873180558836,-19.027981699196],[32.685030159914,-19.0073906327714],[32.6839902072823,-18.9718242453926],[32.6781664711058,-18.9456174334977],[32.6781664711058,-18.9389799178889],[32.6920580001766,-18.938501000121],[32.7021359999765,-18.9386099997516],[32.700408000329,-18.9405819998594],[32.709597999648,-19.0018040001544],[32.7154840003864,-19.018341000137],[32.7226859997591,-19.0248309999507]]],[[[32.9982869999452,-18.2019420000232],[32.9926600003588,-18.2034809999482],[32.9983629998526,-18.2021460004375],[32.9989770002884,-18.203762000316],[33.0084190004366,-18.2286559998744],[33.0088270003658,-18.2403709996219],[32.9975540003169,-18.2726820003739],[33.0020940001381,-18.3047499998126],[33.012911999889,-18.3182500000374],[33.0314100003713,-18.3247939996433],[33.040018999877,-18.3338049997009],[33.0387570001355,-18.3434419998484],[33.0550190000269,-18.3619129999849],[33.0467259998051,-18.3795490002861],[33.0237770000086,-18.3911219997804],[33.0162999996453,-18.4312700004102],[33.022727000151,-18.4441709999916],[33.0228840001965,-18.4574920000557],[33.0143499996528,-18.4737489997165],[32.9790680003879,-18.4896039997247],[32.9603499996528,-18.4780019997924],[32.9446020000823,-18.4905310002055],[32.9148779999198,-18.5025080003439],[32.9040559999845,-18.4994480004248],[32.899188000326,-18.5060760003071],[32.8917160001933,-18.5067130000049],[32.8845020002672,-18.522292999922],[32.8946339998593,-18.5426750000512],[32.8956259997402,-18.5578249999238],[32.8858979998928,-18.5790690002341],[32.8988380003735,-18.5910580000266],[32.9092169996649,-18.6213969997717],[32.910747000074,-18.6222680003679],[32.9541240003224,-18.6901930004066],[32.9550390002497,-18.6980090002152],[32.9332499999875,-18.7442640000835],[32.9277910000546,-18.766281000068],[32.9207259998051,-18.7758800002617],[32.892421000329,-18.7962829995607],[32.8776010003859,-18.7971799995573],[32.8429670004268,-18.7790200002727],[32.8270450000268,-18.7775279998173],[32.7772210001491,-18.7998209999391],[32.758917999666,-18.8142350000452],[32.7468940000581,-18.8171080003339],[32.7380060002768,-18.8168940003578],[32.7119140003309,-18.8336270003857],[32.7040969995769,-18.8443619999063],[32.7047229996667,-18.8567710001815],[32.7240099996618,-18.8911490000263],[32.7307389997051,-18.9254279998023],[32.7253759997027,-18.9303910002444],[32.7167530804903,-18.9324949344936],[32.7137451585123,-18.9264790905376],[32.7021123190283,-18.908198914848],[32.6954649819234,-18.896566075364],[32.6925945411052,-18.8822138712731],[32.687155810992,-18.869976728743],[32.6876947845867,-18.8680903225103],[32.687155810992,-18.8666530601905],[32.6921413133709,-18.8450492159485],[32.6921413133709,-18.8234453717065],[32.6948606788773,-18.8161937315554],[32.6954649819234,-18.8101506974966],[32.6971268166493,-18.7752521799441],[32.6904794795444,-18.7519865009762],[32.687155810992,-18.7420154962181],[32.6854939771654,-18.7353681591132],[32.6845119840409,-18.7245662374419],[32.6854939771654,-18.7137643148712],[32.675522971508,-18.7037933101131],[32.6695403691928,-18.6958165061268],[32.6655519667499,-18.6838512996977],[32.6688756353024,-18.6539382845241],[32.6888176457178,-18.6489527821452],[32.7054359875808,-18.6522764506976],[32.7212788062719,-18.6551569630234],[32.7336871680284,-18.6622474554557],[32.7353490027543,-18.663078372369],[32.7469818422383,-18.6705566263872],[32.7652620179279,-18.6672329578347],[32.7785566912384,-18.6622474554557],[32.7918513645489,-18.6456291135927],[32.792424410758,-18.6443684115729],[32.8001605354804,-18.6323344402821],[32.8018223702063,-18.6190397669716],[32.8051460387587,-18.6040832589352],[32.8068078725853,-18.5791557461407],[32.8051460387587,-18.5675229066568],[32.8018223702063,-18.5409335600357],[32.7987679253995,-18.5042802277503],[32.8045689995597,-18.4907450001816],[32.7982519996301,-18.5054769996638],[32.7609020003271,-18.4986359998514],[32.7493279998873,-18.4912700001104],[32.7324900004132,-18.5212609999951],[32.7059210000542,-18.5801859995842],[32.7022390002297,-18.5780809996384],[32.6932939996184,-18.5565100004361],[32.6906659998361,-18.5575630004321],[32.6785620001363,-18.5628240002274],[32.6706729996592,-18.5628240002274],[32.6669879996965,-18.5586140003358],[32.6633069999182,-18.5512499997876],[32.656467000152,-18.5475669999171],[32.6475180002556,-18.5438840000465],[32.6448929997122,-18.5359910002844],[32.6433139997413,-18.5254699998406],[32.6396289997786,-18.5249439998657],[32.6327930001968,-18.5280989996691],[32.6275290002632,-18.528624999644],[32.6191129997652,-18.5249439998657],[32.6054340002789,-18.5096850003624],[32.5989838089557,-18.5030920641474],[32.6129932841128,-18.493990827015],[32.636957910779,-18.472686777173],[32.6462335795161,-18.4547616502299],[32.6602406867584,-18.4308124469369],[32.6683181590558,-18.3952756058845],[32.6668285301126,-18.3836727462002],[32.6677400154894,-18.3776453423586],[32.6636047213809,-18.3454148102452],[32.6567793517857,-18.3250290185743],[32.6515060087953,-18.2996943107438],[32.6579259631127,-18.2791946801903],[32.661304680067,-18.2748925114802],[32.6613201600974,-18.2748767724451],[32.6925810458786,-18.23726389861],[32.6925858140841,-18.237255314581],[32.6925921381167,-18.2372477045179],[32.6967719207876,-18.2297188069773],[32.69966608752,-18.2247690571462],[32.6996867647325,-18.2247299789054],[32.7142589187142,-18.1997858385456],[32.7186539226404,-18.1930371406515],[32.7407690206738,-18.1637006151912],[32.7707285532802,-18.1392740310716],[32.8279233148092,-18.1131163221605],[32.8525137796872,-18.1015104686332],[32.8647026250262,-18.0981984085297],[32.8816291312795,-18.0956493764176],[32.8816463964641,-18.0956449634443],[32.8891766564776,-18.0945096619913],[32.9349485945021,-18.0842814025646],[32.9640799423355,-18.0833787997917],[32.974075000361,-18.1083309998757],[32.9700999996153,-18.128055000238],[32.9719310004154,-18.1423049999757],[32.978340000091,-18.1549769997887],[32.9874680001481,-18.1566420001282],[32.9974819996946,-18.1708079995894],[32.9962270002759,-18.1907530002507],[32.9975619997865,-18.1985950003589],[32.9982869999452,-18.2019420000232]]]]},"properties":{"FID":1,"gez_name":"Region I","ID2":1,"ID3":1,"GlobalID":"84ca8de9-4c29-46f9-a443-2f538db1114a"}},{"type":"Feature","id":2,"geometry":{"type":"MultiPolygon","coordinates":[[[[32.7498328001437,-20.0129099985975],[32.7819190009612,-20.0337660286792],[32.8059836511247,-20.0385789583522],[32.8428827816151,-20.036974648761],[32.8481332512486,-20.0358078773317],[32.8573215715334,-20.0353703382705],[32.8599604369247,-20.0339309571479],[32.8829905321874,-20.0353703382705],[32.9086594928414,-20.0385789583522],[32.9209345642788,-20.0483990164015],[32.9196810001781,-20.0490889996576],[32.913501000271,-20.0605120003285],[32.9185330002978,-20.0735279998173],[32.9198180002006,-20.115175000326],[32.9097900000086,-20.120180000007],[32.8941989995842,-20.1156650004394],[32.8874769998637,-20.1027540003968],[32.880661000305,-20.1027080000741],[32.878494000198,-20.1042480000451],[32.8774070004328,-20.1024790003056],[32.8503950003291,-20.0964429998445],[32.8457140003009,-20.0562010002759],[32.7437049995861,-20.0833409999871],[32.7502589996532,-20.0328039996049],[32.7367238467282,-20.0362271025987],[32.7095480000402,-20.0430999995653],[32.6749219995507,-20.0421630004221],[32.5907504454767,-20.0720909299524],[32.5910296211202,-20.0716107486371],[32.5996875005777,-20.0587059665071],[32.608121809474,-20.0422121834455],[32.6263654259237,-20.0189418630765],[32.6402959999605,-19.9981780000147],[32.6140930002918,-19.9766540002818],[32.5878860004386,-19.9560659996461],[32.5850789995962,-19.9467059996821],[32.5897589995782,-19.9354759998175],[32.5991170003493,-19.9176939999781],[32.5991170003493,-19.9139885548279],[32.6102578288358,-19.907025536799],[32.624696618754,-19.924672946799],[32.6393894248821,-19.9324538505647],[32.6471569593263,-19.9391117376165],[32.6869438479803,-19.968951904107],[32.6904733299803,-19.9711979375347],[32.7498328001437,-20.0129099985975]]],[[[32.3957399997013,-18.742769000389],[32.4168849999429,-18.7500190001767],[32.4283629995529,-18.7494140001559],[32.4398420001083,-18.7409569995658],[32.4489019997276,-18.7409569995658],[32.4627990002737,-18.7512260000798],[32.4792170001645,-18.75632200036],[32.4803159995838,-18.7566639999436],[32.4881700002454,-18.7566639999436],[32.5056909997399,-18.7584759998675],[32.5165630001824,-18.7633089997106],[32.5159600002539,-18.7784110000675],[32.5114279999023,-18.7838489999314],[32.4890779998499,-18.8116369998476],[32.4866599998592,-18.8436559997246],[32.4413519995952,-18.8696319997169],[32.4159809996235,-18.9221889997225],[32.4155778596306,-18.9237773886155],[32.3990431268389,-18.8907079230321],[32.3898915411618,-18.867828960638],[32.3853157492225,-18.8518136861526],[32.3715883716061,-18.8312226197281],[32.3501965416372,-18.8156649256957],[32.346421512343,-18.8106315533035],[32.3052393794938,-18.7969041756871],[32.2663451426143,-18.7786010061315],[32.26509861391,-18.7780192922565],[32.2697860000239,-18.7747870002198],[32.2818669995625,-18.7584759998675],[32.291534000194,-18.7518310001005],[32.3102600003987,-18.7530380000036],[32.3229480000502,-18.7463930002367],[32.3323090000604,-18.735518999702],[32.3377490000164,-18.7288739999351],[32.3407659997511,-18.7222300002143],[32.3455999996403,-18.7131669995574],[32.3558690001543,-18.7125639996289],[32.3576810000781,-18.7149790003805],[32.3588900000735,-18.7276659999859],[32.3661419999534,-18.7367279996974],[32.3739920004305,-18.7397489996166],[32.3957399997013,-18.742769000389]]],[[[32.6191129997652,-18.5249439998657],[32.6275290002632,-18.528624999644],[32.6327930001968,-18.5280989996691],[32.6396289997786,-18.5249439998657],[32.6433139997413,-18.5254699998406],[32.6448929997122,-18.5359910002844],[32.6475210003939,-18.5438840000465],[32.656467000152,-18.5475669999171],[32.6633069999182,-18.5512499997876],[32.6669879996965,-18.5586140003358],[32.6706729996592,-18.5628240002274],[32.6785620001363,-18.5628240002274],[32.6906659998361,-18.5575630004321],[32.6932939996184,-18.5565100004361],[32.7022390002297,-18.5780809996384],[32.7059210000542,-18.5801859995842],[32.7324900004132,-18.5212609999951],[32.7493279998873,-18.4912700001104],[32.7609020003271,-18.4986359998514],[32.7982549997685,-18.5054769996638],[32.7987679253995,-18.5042802277503],[32.8018223702063,-18.5409335600357],[32.8051460387587,-18.5675229066568],[32.8068078725853,-18.5791557461407],[32.8051460387587,-18.6040832589352],[32.8018223702063,-18.6190397669716],[32.8001605354804,-18.6323344402821],[32.792424410758,-18.6443684115729],[32.7918513645489,-18.6456291135927],[32.7785566912384,-18.6622474554557],[32.7652620179279,-18.6672329578347],[32.7469818422383,-18.6705566263872],[32.7353490027543,-18.663078372369],[32.7336871680284,-18.6622474554557],[32.7212788062719,-18.6551569630234],[32.7054359875808,-18.6522764506976],[32.6888176457178,-18.6489527821452],[32.6688756353024,-18.6539382845241],[32.6655519667499,-18.6838512996977],[32.6695403691928,-18.6958165061268],[32.675522971508,-18.7037933101131],[32.6854939771654,-18.7137643148712],[32.6845119840409,-18.7245662374419],[32.6854939771654,-18.7353681591132],[32.687155810992,-18.7420154962181],[32.6904794795444,-18.7519865009762],[32.6971268166493,-18.7752521799441],[32.6954649819234,-18.8101506974966],[32.6948606788773,-18.8161937315554],[32.6921413133709,-18.8234453717065],[32.6921413133709,-18.8450492159485],[32.687155810992,-18.8666530601905],[32.6876947845867,-18.8680903225103],[32.687155810992,-18.869976728743],[32.6925945411052,-18.8822138712731],[32.6954649819234,-18.896566075364],[32.7021123190283,-18.908198914848],[32.7137451585123,-18.9264790905376],[32.7167530804903,-18.9324949344936],[32.7049819999194,-18.9353670003867],[32.70445199976,-18.9359700003152],[32.7021359999765,-18.9386099997516],[32.6920580001766,-18.938501000121],[32.6781664711058,-18.9389799178889],[32.6781664711058,-18.9456174334977],[32.6839902072823,-18.9718242453926],[32.685030159914,-19.0073906327714],[32.6758785751362,-19.0073906327714],[32.6438480270648,-18.9913753591854],[32.6049537901853,-18.977647981569],[32.5912264125689,-18.9684963958919],[32.5797869318215,-18.952154279896],[32.5785692515698,-18.9511105546084],[32.5724439996909,-18.9517909996549],[32.5609660000809,-18.9596440002704],[32.5361969999916,-18.9687059999819],[32.5132399998262,-18.9711219998803],[32.4914929997022,-18.9656860001087],[32.4685360004361,-18.9638740001849],[32.4413519995952,-18.9674980000326],[32.4274590001328,-18.9693099999565],[32.4141689996997,-18.9687059999819],[32.4057079998244,-18.9626650001896],[32.4106236266791,-18.9432972491687],[32.4245860097366,-18.9414355985739],[32.4528371910836,-18.9314645929166],[32.4591346676308,-18.9262166962435],[32.4744410353256,-18.9231554219851],[32.5093395537774,-18.9231554219851],[32.5187566139267,-18.9214935881585],[32.5458999051565,-18.9214935881585],[32.5550399939007,-18.9154001965618],[32.5682591286559,-18.9118750933608],[32.5957549307455,-18.913184417227],[32.6057259364029,-18.908198914848],[32.6078409979638,-18.9068392325445],[32.6173587758868,-18.9015515777431],[32.6276230450675,-18.8898209837514],[32.6261427564831,-18.8861202609413],[32.6223442782659,-18.8832714020535],[32.6073877702295,-18.8733003972955],[32.599078599298,-18.8666530601905],[32.5857839259875,-18.85335838688],[32.5843926226215,-18.8511554903336],[32.5724892526769,-18.8284308740855],[32.5542090760881,-18.798517858912],[32.5425762375034,-18.7752521799441],[32.5379918669312,-18.7666564859081],[32.5342670665719,-18.7569720042545],[32.5286168303026,-18.7484966494008],[32.522634227088,-18.7320444914601],[32.5126632214306,-18.7071169786656],[32.5093395537774,-18.6788657973186],[32.5259578956404,-18.6705566263872],[32.5409935377216,-18.6713479758284],[32.5425762375034,-18.6705566263872],[32.5575327446405,-18.6688947925606],[32.5628506139647,-18.6649063901178],[32.5670289397339,-18.6591611917356],[32.5717770381798,-18.6512476955247],[32.5750257365486,-18.6420430507462],[32.577474755056,-18.6273489379031],[32.577474755056,-18.6173779322457],[32.5724892526769,-18.5907885856247],[32.5641800817454,-18.5769399677053],[32.560856413193,-18.5741702437617],[32.5508854084349,-18.5691847413827],[32.5305935383611,-18.5653800155752],[32.5235088762337,-18.5649864227851],[32.5209723923621,-18.5675229066568],[32.5026922166725,-18.5708465752093],[32.4877357086361,-18.5675229066568],[32.4694555329465,-18.5625374042777],[32.4668448756905,-18.5605794111109],[32.4718579998469,-18.5470369997577],[32.4742769998837,-18.5440169998846],[32.4742769998837,-18.534954000127],[32.4842450000068,-18.5174349998254],[32.4558520000698,-18.4944799997521],[32.4377279997474,-18.4872299999645],[32.4280620000613,-18.4775630002322],[32.4226260002897,-18.4527960002352],[32.431685999909,-18.4340679999382],[32.4460789999459,-18.3969630002422],[32.4573279997874,-18.3923600002138],[32.4694290002482,-18.3913070002179],[32.4788999999351,-18.3897300003392],[32.4836339997094,-18.3955170001094],[32.4899480004,-18.4144570002903],[32.4910010003959,-18.4276099998016],[32.498367000137,-18.4333969995718],[32.5130989996192,-18.4355029995637],[32.5346709997669,-18.436029000438],[32.5494000000101,-18.4370800003417],[32.558344999722,-18.4486559999744],[32.5751799999571,-18.4718050000007],[32.5817560001394,-18.4854830003401],[32.6054340002789,-18.5096850003624],[32.6191129997652,-18.5249439998657]]],[[[32.5359840000616,-18.0772130001798],[32.5351347243881,-18.0776375575272],[32.5351347243881,-18.0751746822658],[32.5410226766552,-18.0604548011481],[32.5427049484746,-18.0419498075375],[32.5469106289224,-18.0251270857464],[32.5574469655051,-17.9777135738223],[32.5616305109394,-17.9721355135431],[32.5704624388905,-17.948583703575],[32.576350392057,-17.9309198458742],[32.5822383443242,-17.9191439413398],[32.5894232017195,-17.9071691778153],[32.5912279998723,-17.9135869998401],[32.5885959999055,-17.9199019996775],[32.5980679996385,-17.9472590004025],[32.5975409996175,-17.9525220002901],[32.5849150001272,-17.9630429998346],[32.5699190001618,-17.9898749997314],[32.5688660001658,-17.9925069996982],[32.5680799998921,-18.0009250002885],[32.5633429999795,-18.0151289997035],[32.5649219999504,-18.0245990002436],[32.5591350001802,-18.0414349996255],[32.5596610001551,-18.0477500003622],[32.5465079997444,-18.0624799997522],[32.5417699997857,-18.0724770003133],[32.5359840000616,-18.0772130001798]]],[[[31.898477783423,-17.669372031494],[31.9868053834617,-17.713535830614],[32.0085747686107,-17.7119808749174],[32.0577959996857,-17.7170709999267],[32.0983389996452,-17.729411999764],[32.1424100004213,-17.732937999589],[32.1459350002002,-17.7399880000461],[32.144171999838,-17.7540910001995],[32.1353599999641,-17.7681940003528],[32.1353599999641,-17.79110900038],[32.1424100004213,-17.8016869998551],[32.1547500002124,-17.8016869998551],[32.1670910000497,-17.792872999889],[32.1811900000185,-17.7963979996679],[32.2075650004245,-17.8157900000085],[32.2058749998315,-17.8163539999371],[32.1996610001551,-17.8216779999397],[32.187678999786,-17.8225650003744],[32.1752539996724,-17.8296659995862],[32.1637190001318,-17.8332169996648],[32.156620000113,-17.8367669996973],[32.1477429999396,-17.8429790001807],[32.1468540003119,-17.858065999846],[32.1441949999993,-17.8704920000058],[32.1424169998447,-17.9015539998172],[32.1441949999993,-17.9246290000283],[32.1344290001982,-17.9317280000471],[32.1086920004355,-17.9503649997449],[32.0820690002842,-17.9725530004206],[32.0740809997384,-17.9814279996024],[32.0558889998775,-18.0045029998136],[32.0390240000576,-18.022254000022],[32.0239370003923,-18.0400040001844],[32.0008620001812,-18.0577540003468],[31.9822249995841,-18.0701770003682],[31.9777869999701,-18.0781650000147],[31.9777869999701,-18.0905910001745],[31.9946489996516,-18.1207669995973],[32.0008620001812,-18.1358540001619],[32.0017499997628,-18.1420649996999],[31.9910999996653,-18.1447290002431],[31.9715740003399,-18.1456159997785],[31.95737400021,-18.1402909997298],[31.9360750000612,-18.1394040001944],[31.9174360002713,-18.1411800002568],[31.9032360001414,-18.1323030000834],[31.8872620000413,-18.1305290001132],[31.8739490003462,-18.1349669997272],[31.8628549995586,-18.1456159997785],[31.8699549996236,-18.1580419999383],[31.8690680000882,-18.1669170000195],[31.8637440000856,-18.1766789996361],[31.8610800004417,-18.2041910003144],[31.8575300004093,-18.2228290000583],[31.8552529997262,-18.231182000349],[31.8548690000044,-18.2325909996749],[31.8495439999557,-18.2503409998373],[31.8522050003605,-18.2601050004454],[31.8522050003605,-18.274304999676],[31.8575300004093,-18.2929420002731],[31.8548690000044,-18.3062549999683],[31.8597500002624,-18.3302169997147],[31.8615240002325,-18.3355419997635],[31.8553119997491,-18.3399790002306],[31.8508750001812,-18.3506290003281],[31.8491000001649,-18.3648299996048],[31.8437740000701,-18.3737039996398],[31.8375619995867,-18.3816920001856],[31.8295739999402,-18.3958910002694],[31.8384490000214,-18.4163050000756],[31.8402250000838,-18.4287300001893],[31.8153739998103,-18.4349419997734],[31.7807609999203,-18.4447040002893],[31.7665609997904,-18.4509159998735],[31.7603490002062,-18.4642289995686],[31.7541369997228,-18.4864170002443],[31.7448169998048,-18.498842000358],[31.7226310001206,-18.5077170004392],[31.7057680003929,-18.5174800001019],[31.7048809999582,-18.5219169996698],[31.7110930004417,-18.5361169997997],[31.7199679996235,-18.5414419998484],[31.7244050000907,-18.5512040003643],[31.7315060002018,-18.5556409999322],[31.7315060002018,-18.5627420000432],[31.7261810001531,-18.574278999676],[31.7278060004466,-18.5807870003198],[31.7267110003125,-18.5809990002037],[31.711381000233,-18.5820940003378],[31.7048130004197,-18.5815460002477],[31.7004329998831,-18.5804500000674],[31.6933149998874,-18.5771649996649],[31.6757959995858,-18.5782599997991],[31.6730590001728,-18.5755230003861],[31.6714169999946,-18.5722379999836],[31.6664900003133,-18.5700489997615],[31.6626579998668,-18.5684069995833],[31.6577300001395,-18.5618359996316],[31.651708000324,-18.550888000181],[31.6429480001501,-18.5481509998687],[31.6336419999783,-18.5437710002314],[31.6287130002049,-18.5388429996047],[31.6270710000267,-18.5366530002357],[31.6221440003454,-18.5361060001917],[31.6150280004419,-18.5289890002421],[31.6188599999891,-18.5191339999341],[31.6254289998485,-18.5098279997623],[31.6079100004462,-18.4819059999619],[31.5772510003334,-18.4786219996055],[31.5679450001617,-18.473145999788],[31.5509729999041,-18.4528900000734],[31.5370120000039,-18.4386570002204],[31.5227790001508,-18.4304440000905],[31.501428000302,-18.4255160003631],[31.4855510001786,-18.4183990004135],[31.467484999833,-18.4118299996547],[31.4609139998813,-18.4101880003759],[31.4499660004306,-18.4107359995667],[31.4499660004306,-18.4162100001913],[31.4494170002944,-18.4255160003631],[31.467484999833,-18.4485109995829],[31.4631040001495,-18.4545320002516],[31.4505129995753,-18.460554000067],[31.4286129995903,-18.4720509996538],[31.4094520000098,-18.4851910003644],[31.4012409999722,-18.4873789996411],[31.3922079997994,-18.4890229999115],[31.3818050003006,-18.4857380004083],[31.3653810001331,-18.4676720000627],[31.353884999693,-18.4561759996226],[31.3429350001502,-18.4523409999372],[31.3259619998465,-18.4643869996602],[31.3150130003497,-18.473145999788],[31.3040649999998,-18.4753360000563],[31.29740806533,-18.475891019355],[31.2139388871699,-18.4091156766471],[31.1145703382506,-18.3428699770677],[31.0262427382119,-18.2987061779477],[31.0245389914813,-18.2970024303178],[30.9599970386325,-18.2324604783684],[30.8827103892731,-18.188296678349],[30.838546590153,-18.1662147778896],[30.7833418403537,-18.1220509787696],[30.7721853429792,-18.1053162322582],[30.7391780403344,-18.0558052791902],[30.695014240315,-18.0226824289509],[30.650850441195,-17.9564367293715],[30.6287685407356,-17.9012319795722],[30.5514818913762,-17.8681091302321],[30.5243277813021,-17.8491012528205],[30.4410723917775,-17.7908224808728],[30.4079495424375,-17.713535830614],[30.3858676419782,-17.6031263319147],[30.3969085926575,-17.4927168323159],[30.4631542922368,-17.4154301829565],[30.4741952420168,-17.3491844833771],[30.4852361917968,-17.2829387837978],[30.4189904922175,-17.2277340339984],[30.3858676419782,-17.1062835846197],[30.3858676419782,-16.9737921854609],[30.4962771415769,-16.9185874356616],[30.5228736575933,-16.9067667619764],[30.5956456913956,-16.8744236356423],[30.6287685407356,-16.7971369862829],[30.7612599398944,-16.7750550867228],[30.8716694394931,-16.7529731862635],[30.9258473802524,-16.7839320095546],[31.0262427382119,-16.8413007863022],[31.0291639169813,-16.8439298463853],[31.1366522378106,-16.9406693352216],[31.1587341382699,-17.0510788348203],[31.1647137197624,-17.0809767431821],[31.1808160378299,-17.1614883344191],[31.2249798378493,-17.1946111837591],[31.2801845867493,-17.2829387837978],[31.368512186788,-17.3491844833771],[31.4099390278639,-17.371278798078],[31.4251176873315,-17.3793740832473],[31.4484142229381,-17.3917989025973],[31.5341264352868,-17.4375120825166],[31.5553424109236,-17.462971252921],[31.5893311850862,-17.5037577820959],[31.590431632414,-17.5044914139476],[31.6886997349049,-17.5700034816753],[31.898477783423,-17.669372031494]]],[[[31.025274000195,-18.0183269996912],[31.0283600004137,-18.0190410002419],[31.0258040003544,-18.0184489999214],[31.025274000195,-18.0183269996912]]]]},"properties":{"FID":2,"gez_name":"Region IIa","ID2":2,"ID3":2,"GlobalID":"caaba76e-bfa2-435b-9feb-4c16f522c048"}},{"type":"Feature","id":3,"geometry":{"type":"MultiPolygon","coordinates":[[[[32.5428432749972,-20.5773014264196],[32.4973155460756,-20.6142665239809],[32.4931692442653,-20.601827619449],[32.4839704909455,-20.5680988572764],[32.4809042398388,-20.5486792666348],[32.4809042398388,-20.4515813161248],[32.4778379896316,-20.4301175583786],[32.4809042398388,-20.3810575415723],[32.4870367420521,-20.344262528293],[32.4839704909455,-20.3227987705468],[32.4919427443622,-20.3068542655119],[32.5054342486917,-20.2798712559537],[32.5115667509049,-20.261473749314],[32.5134065021084,-20.257180997405],[32.5146330020115,-20.2553412471008],[32.5157480021686,-20.251717495466],[32.5207655042247,-20.2400099915678],[32.52243800491,-20.229974988355],[32.5268980064379,-20.215479982715],[32.5449234950233,-20.1929481226577],[32.5544942663973,-20.2185462338216],[32.5514280152907,-20.2676062515273],[32.5575605175039,-20.3227987705468],[32.5591504253519,-20.343467574369],[32.5636930197172,-20.3718587882524],[32.5790242752502,-20.4209188050588],[32.569058958704,-20.4458320950751],[32.5575605175039,-20.4975750827239],[32.5398706073427,-20.5624380863485],[32.5428432749972,-20.5773014264196]]],[[[31.2748770002734,-20.1189229995967],[31.3024080000292,-20.1236429996247],[31.3093118408688,-20.1198078578463],[31.3091193670652,-20.1215786166598],[31.3086756298765,-20.1221959895532],[31.3076916906191,-20.1251478082247],[31.305014797395,-20.1272893224443],[31.2927010865859,-20.1444214415962],[31.2890922367174,-20.1464836419065],[31.2877042185749,-20.1487044718339],[31.2791381589989,-20.1537013398449],[31.2748551287613,-20.1565566927371],[31.2684305843041,-20.1572705314098],[31.2612922011742,-20.1572705314098],[31.2551294637538,-20.158811215765],[31.2599309999158,-20.1197099999165],[31.2748770002734,-20.1189229995967]]],[[[31.3126885586301,-20.088742054802],[31.3120649408444,-20.0893656725877],[31.3110609997654,-20.0874590001327],[31.3055530002708,-20.0559949997694],[31.3327266193381,-20.0411228571341],[31.3327987935295,-20.0411649588957],[31.3333898693471,-20.0430564031304],[31.3348175457932,-20.0601885222824],[31.3298206777821,-20.0701822583046],[31.3271849672125,-20.0730376120961],[31.3255376484438,-20.0751791263156],[31.3226822946522,-20.080175995226],[31.3162577501951,-20.0858867010104],[31.31404173254,-20.0876595156741],[31.3126885586301,-20.088742054802]]],[[[30.0266047560048,-19.6997492178521],[29.9911893306232,-19.7110821541181],[29.9571905227245,-19.7082489200516],[29.9401911183255,-19.7025824519186],[29.9302747995424,-19.6827498134531],[29.9345246501925,-19.6657504090541],[29.9401911183255,-19.6544174736874],[29.9586071393081,-19.6530008562045],[29.9770231602907,-19.6289183670889],[29.9727733096406,-19.6275017505054],[30.0138552031552,-19.6246685164388],[30.0407709263372,-19.6303349845718],[30.0591869473198,-19.655834090271],[30.0535204791868,-19.6799165793866],[30.0365210747878,-19.6898328981697],[30.0266047560048,-19.6997492178521]]],[[[30.8193180002256,-19.3020170003842],[30.811685633885,-19.3099260278639],[30.8104026052961,-19.307275357072],[30.7924593237389,-19.2743793401344],[30.7674749827843,-19.2137030844298],[30.7339450993869,-19.1701142353836],[30.7409780001346,-19.170079999992],[30.7501100003762,-19.1737090000702],[30.7578690002542,-19.1874289996485],[30.7670700000805,-19.201138999665],[30.7771980003874,-19.2116390000398],[30.787788000416,-19.2170899996037],[30.7988679996585,-19.2257479995705],[30.8099590003077,-19.2339490000463],[30.8239089997006,-19.241219999903],[30.835468000348,-19.2475789999708],[30.8426889996977,-19.2516699997706],[30.8511860003337,-19.2570640003033],[30.8630479996655,-19.2699520001846],[30.8410559999345,-19.2819900004381],[30.8300260002997,-19.2909449997119],[30.8193180002256,-19.3020170003842]]],[[[32.5912264125689,-18.9684963958919],[32.6049537901853,-18.977647981569],[32.6438480270648,-18.9913753591854],[32.6758785751362,-19.0073906327714],[32.685030159914,-19.0073906327714],[32.6873180558836,-19.0185250607829],[32.6873180558836,-19.027981699196],[32.6855204235288,-19.0405651283779],[32.6873180558836,-19.078315416823],[32.6873180558836,-19.094330690409],[32.6918938487222,-19.1149217568336],[32.6941817446918,-19.1332249272885],[32.6941817446918,-19.1378007201271],[32.6978646995963,-19.1654228823601],[32.7010454335,-19.1675433713295],[32.7216364999246,-19.1789828529762],[32.7422275663492,-19.1698312672991],[32.7884801722222,-19.1677288762866],[32.8131523513,-19.1606796825213],[32.8314555208556,-19.1583917865516],[32.8360313136942,-19.1652554753599],[32.8360313136942,-19.1812707489459],[32.8291676248861,-19.2338923634418],[32.8200160401082,-19.2590592218056],[32.8134791928106,-19.2695181762228],[32.7971370768147,-19.2842260810688],[32.7917293220506,-19.2923377132149],[32.7879854920369,-19.2956655627155],[32.7513791520263,-19.3185445251097],[32.7399396703796,-19.3345597986957],[32.7259377450309,-19.3501174936274],[32.7033333303689,-19.3848935163227],[32.6896059527526,-19.4003368165908],[32.6896059527526,-19.4077724796162],[32.6874940478121,-19.4104123594428],[32.6896059527526,-19.4146361684244],[32.6713027822976,-19.4375151308186],[32.669014886328,-19.4489546124653],[32.6575754046812,-19.4695456788899],[32.6529996118427,-19.4832730565063],[32.6527087558045,-19.4839517217945],[32.666525999975,-19.486544999652],[32.6787449995821,-19.4845080001441],[32.6848519997201,-19.4804360003211],[32.6848760700746,-19.4801873962313],[32.6872647098985,-19.4832585045763],[32.6968905701438,-19.4915092420578],[32.7049121198984,-19.5043437223848],[32.7177466002255,-19.5203868218943],[32.7289767700619,-19.5380342327936],[32.7305810805525,-19.5460557825483],[32.7289767700619,-19.5492644026301],[32.7289767700619,-19.5556816427936],[32.7257681499802,-19.5620988829571],[32.7129336705525,-19.5733290527935],[32.6984948797349,-19.5829549130388],[32.6968905701438,-19.5839576067581],[32.6888690194897,-19.5909764627935],[32.6776388496532,-19.6150411129569],[32.6856603994079,-19.635897143938],[32.6904733299803,-19.6519402434474],[32.7000991902255,-19.6703898091423],[32.7049121198984,-19.6776092041014],[32.7078468334647,-19.6852394588339],[32.7097250504708,-19.6888393739379],[32.7111511036406,-19.6938305609316],[32.7129336705525,-19.6984652341832],[32.712744928036,-19.6994089458661],[32.7129336705525,-19.7000695446737],[32.7097250504708,-19.7289471245102],[32.7193509098167,-19.7385729847554],[32.7189886467087,-19.7411088301084],[32.724163840389,-19.7449902249189],[32.724163840389,-19.7546160851642],[32.7262694968398,-19.7591783414073],[32.7337897006342,-19.7674505654912],[32.7330713527608,-19.773915695453],[32.7337897006342,-19.7754721152459],[32.7324527756751,-19.7794828901232],[32.7321853901437,-19.7818893554094],[32.7302602186342,-19.7860605612458],[32.7289767700619,-19.7899109051641],[32.7177466002255,-19.8123712457364],[32.7049121198984,-19.8364358958999],[32.7009013450211,-19.8436552908589],[32.6896711751846,-19.86451132184],[32.6824517793262,-19.8781479569626],[32.6696172998985,-19.9038169167173],[32.6393894248821,-19.9324538505647],[32.624696618754,-19.924672946799],[32.6102578288358,-19.907025536799],[32.6279052388358,-19.9006082966355],[32.630472135081,-19.8986831251261],[32.6455526497351,-19.8797522665538],[32.6567828195715,-19.8701264063085],[32.6615957492445,-19.863709166145],[32.6728259199803,-19.8476660666356],[32.6888690194897,-19.8171841754093],[32.6920776395714,-19.8043496959816],[32.693681950062,-19.7915152156546],[32.6904733299803,-19.7834936650006],[32.6904733299803,-19.7642419454094],[32.6728259199803,-19.7594290148371],[32.6583871291627,-19.7578247052459],[32.6327181694081,-19.7498031545919],[32.6295095493263,-19.7433859153277],[32.6214879986723,-19.7369686751642],[32.5974233485088,-19.6968609245919],[32.5894017987541,-19.6744005840197],[32.5894017987541,-19.6503359338562],[32.5926104188358,-19.6342928334474],[32.5958190389176,-19.6214583531204],[32.6022362790811,-19.610228183284],[32.6102578288358,-19.5957893933658],[32.6311138589175,-19.58455922263],[32.6359267894898,-19.5749333632841],[32.6359267894898,-19.5556816427936],[32.6279052388358,-19.5476600921395],[32.6086535192446,-19.536429922303],[32.594214728427,-19.5316169926301],[32.5877974882635,-19.5155738922213],[32.5781716289176,-19.5011351023031],[32.5683675113516,-19.4893701614038],[32.5634973704074,-19.4867137214611],[32.5709078380264,-19.4877537352467],[32.5698415865201,-19.4858877948858],[32.5683474501747,-19.4649698860513],[32.5642292368898,-19.4196695399173],[32.5660595542051,-19.4031966867776],[32.5660595542051,-19.3894693091613],[32.5683474501747,-19.3643024498981],[32.5683474501747,-19.352100336861],[32.5706353461443,-19.3391355915343],[32.5723300843659,-19.3238829493386],[32.5797869318215,-19.307105043463],[32.5729232430133,-19.2796502882302],[32.5729232430133,-19.2636350146441],[32.5866506206297,-19.2361802594114],[32.5820748277911,-19.2018618153704],[32.5706353461443,-19.1675433713295],[32.5546200725584,-19.1446644089353],[32.5546200725584,-19.12864913445],[32.5386047989724,-19.1103459648943],[32.5157258365782,-19.0920427944393],[32.4791194956682,-19.0806033127926],[32.4539526373044,-19.0645880392066],[32.4539526373044,-19.0508606615902],[32.4478733695604,-19.0164114804055],[32.4470889484962,-19.0142543215797],[32.4448010516273,-18.977647981569],[32.4398256018701,-18.9676970811553],[32.4413519995952,-18.9674980000326],[32.4685360004361,-18.9638740001849],[32.4914929997022,-18.9656860001087],[32.5132399998262,-18.9711219998803],[32.5361969999916,-18.9687059999819],[32.5609660000809,-18.9596440002704],[32.5724439996909,-18.9517909996549],[32.5785692515698,-18.9511105546084],[32.5797869318215,-18.952154279896],[32.5912264125689,-18.9684963958919]]],[[[30.595898999839,-18.9331089996805],[30.6021300002993,-18.9335399997711],[30.6073790004406,-18.9312300002642],[30.6135899999786,-18.9284489997215],[30.6222089999454,-18.9284190001367],[30.6312899996339,-18.9270089998654],[30.6417990004236,-18.9237489997165],[30.6527989995742,-18.9209589996581],[30.6614090000254,-18.9204589999828],[30.6646189996671,-18.9199899999385],[30.6709690002193,-18.9190499997576],[30.6781500004222,-18.9176400003857],[30.6838980001926,-18.919448000125],[30.6853580000717,-18.9244879996214],[30.6858779997699,-18.9304500002672],[30.6859199999081,-18.9377889996626],[30.6859490003461,-18.9423800000369],[30.6854889998176,-18.9465099998366],[30.6850389997501,-18.9501800000069],[30.6845679996135,-18.9520089998155],[30.6846190001668,-18.960269000314],[30.6966300000745,-18.9675590001477],[30.7019190002617,-18.9716600004086],[30.6966989996591,-18.9799400000309],[30.6890900004033,-18.9882290000683],[30.681958999808,-18.9965190001517],[30.6762580004064,-19.0043390001447],[30.6750290003881,-19.0083289997835],[30.6734399999561,-19.0135189999019],[30.6763589996681,-19.0222200000529],[30.6855499999326,-19.0377779998548],[30.6937690003392,-19.051039999896],[30.6960979998229,-19.0541890003221],[30.7005290000134,-19.0601900000684],[30.7048790000658,-19.0661289996536],[30.7097089997706,-19.0720690001842],[30.7169390004346,-19.0802990001986],[30.7246600003588,-19.089429000348],[30.7295090000404,-19.0985789996211],[30.7324289997986,-19.1059090004],[30.7334300000945,-19.112778999751],[30.7349199995584,-19.1201190000917],[30.7349390004346,-19.1237900003083],[30.7301590003377,-19.1247189999818],[30.7239089999005,-19.122918999712],[30.7200900000535,-19.1238490003311],[30.7182380000837,-19.1353300000794],[30.7168899999735,-19.1490889996576],[30.7171262464792,-19.1514253717834],[30.6889527701543,-19.1209041046407],[30.6389840891445,-19.0780738067607],[30.5640310671801,-19.0352435088808],[30.4855088536507,-19.024535934186],[30.4105558325857,-19.0281051257509],[30.349879576881,-19.0495202751405],[30.3034800865368,-19.0994889561504],[30.2249578739068,-19.1351808709004],[30.1555839572339,-19.0935565207168],[30.1648709996969,-19.0838369996778],[30.1750499996578,-19.0787200002278],[30.1803090002602,-19.0782500001374],[30.1875190000019,-19.0802970001064],[30.1980469998692,-19.0858800003617],[30.2225389997751,-19.0956090002551],[30.2527790003506,-19.1120700003302],[30.2599290000234,-19.1131170000494],[30.2609379997889,-19.1086209995594],[30.2540980000227,-19.0753700004251],[30.2560360003612,-19.0695399995713],[30.2644020003521,-19.0627300002893],[30.289938999885,-19.0491479998802],[30.3009490003961,-19.0459089998005],[30.3173399999411,-19.0491120000187],[30.3263679998834,-19.0541090002301],[30.3370109996579,-19.0559709997618],[30.3439779998848,-19.0479979999078],[30.3390170004343,-19.0420720000228],[30.3390170004343,-19.0377290002931],[30.3469880001961,-18.957991999631],[30.3652590001028,-18.9558479996854],[30.379118999842,-18.9507690001892],[30.3789690001193,-18.9140700003302],[30.3731089996807,-18.8838099997317],[30.3730060003267,-18.8719250002386],[30.3749000004347,-18.8512399996262],[30.378995000419,-18.840002000292],[30.3921429996997,-18.8453709996718],[30.407065999896,-18.8530900004031],[30.4197690002392,-18.855946999954],[30.4385959997057,-18.8676160002781],[30.4427559999895,-18.8725179997059],[30.4621250001687,-18.8807790002507],[30.4771210001341,-18.8843209999142],[30.4839949996696,-18.8849120001886],[30.4921180001456,-18.8855010003708],[30.4996159996787,-18.8866819999743],[30.5171099997268,-18.893172999834],[30.536315000437,-18.9042560001143],[30.5503100001065,-18.9103390000448],[30.5598999998852,-18.9130589995731],[30.5690190004266,-18.9171500002723],[30.5771799999571,-18.922628000182],[30.582457999637,-18.9262790003755],[30.5887100001664,-18.9308390002196],[30.595898999839,-18.9331089996805]]],[[[29.7854249995642,-18.646915000227],[29.7916689997246,-18.6531580003414],[29.7958330001928,-18.6677280004468],[29.7999949996695,-18.6729310002654],[29.8169910001346,-18.6802149998223],[29.8232360003412,-18.6812570002103],[29.8315600001939,-18.6750120000037],[29.8386719999129,-18.6763990001137],[29.8501199999381,-18.6916629998475],[29.8549759999425,-18.6923560003291],[29.8657280002471,-18.6895820001092],[29.8809919999809,-18.6951309996958],[29.8848069996434,-18.7013739998102],[29.8931329995883,-18.7048449997969],[29.9011109996729,-18.7034559995947],[29.9090879997115,-18.7072730002487],[29.9160270004458,-18.7069260004345],[29.9184549999983,-18.7055370002323],[29.9208829995508,-18.6982529997761],[29.9257389995552,-18.6937439995859],[29.9295550001632,-18.6958250002235],[29.9347590000279,-18.6958250002235],[29.9416959997706,-18.6916629998475],[29.9517549995936,-18.6927030001433],[29.9552230003412,-18.6927030001433],[29.9673649999948,-18.6875010003708],[29.971874000185,-18.6878470001389],[29.9815860001938,-18.6982529997761],[29.9871379999188,-18.7003340004138],[29.9947680001432,-18.6979059999619],[29.9954619997715,-18.6965189998519],[30.0055209995945,-18.7031089997805],[30.0109755613731,-18.7054311005648],[30.010138660371,-18.7115285193257],[30.0114189999869,-18.7138630001773],[30.0122742228771,-18.714611281985],[30.0183559997296,-18.7159439999156],[30.0256400001859,-18.7090070001728],[30.0308450000968,-18.7041510001685],[30.0381289996537,-18.7038040003543],[30.0443940952114,-18.7071106339486],[30.0432041788299,-18.7166299703968],[30.0401985438278,-18.7248954666524],[30.0350624086033,-18.7438991667131],[30.0336863343569,-18.7604120531737],[30.0317827654623,-18.7813513101148],[30.0317827654623,-18.7946762914776],[30.0300744348873,-18.8185929249235],[30.0302536697711,-18.8230737934208],[30.0355899032515,-18.8479762178281],[30.0355899032515,-18.874626181453],[30.0393970410407,-18.8993725752841],[30.0393970410407,-18.9279261078036],[30.0365314538636,-18.9494180134305],[30.0355899032515,-19.0002617222007],[29.9600339362173,-18.9238269709379],[29.955640013276,-18.9203118322252],[29.8966293802417,-18.8993725752841],[29.8604615730432,-18.9031797130733],[29.8185830600602,-18.9031797130733],[29.7748009772833,-18.8993725752841],[29.7462474447638,-18.8708190436639],[29.7367296011902,-18.8232298230978],[29.7386331700848,-18.8080012728404],[29.7310188945064,-18.7851584470047],[29.7195974820382,-18.7642191909628],[29.7161668130481,-18.7628469226473],[29.6685912333987,-18.7568999757532],[29.661351490379,-18.6919552192579],[29.6658010121071,-18.6857258888387],[29.6866019811965,-18.6713252175847],[29.7068204575981,-18.659157601642],[29.7213226020565,-18.6494895056362],[29.726254628948,-18.6466433707949],[29.7321161366505,-18.6428785703897],[29.7373819999794,-18.6479559996696],[29.7425859998441,-18.6476089998554],[29.7529920003806,-18.6392839999566],[29.7555939998633,-18.6375500000324],[29.7660000003997,-18.6347749997664],[29.7698170001545,-18.6365079996444],[29.7729390002347,-18.6430999996652],[29.7854249995642,-18.646915000227]]],[[[32.2383908985212,-16.867815789567],[32.2276833238264,-16.867815789567],[32.2205449406965,-16.8642465980021],[32.2110270971229,-16.858297945094],[32.2086476357798,-16.8475903712986],[32.2116219617841,-16.843426314173],[32.2193552104746,-16.8350982008213],[32.2312525153913,-16.8309341436957],[32.2437446858686,-16.8309341436957],[32.2514779336598,-16.8333136050388],[32.2609957781327,-16.8362879310432],[32.2639701041371,-16.8440211797336],[32.2633752385764,-16.8523492930854],[32.2604009125721,-16.861867136659],[32.2562368563459,-16.8648414635627],[32.2383908985212,-16.867815789567]]],[[[31.3879979999078,-16.4639980001076],[31.4209990001038,-16.4680000002998],[31.4399980003075,-16.4680000002998],[31.4541110000227,-16.4701400000609],[31.4729970004113,-16.4729969996118],[31.4879999998002,-16.4729969996118],[31.4907890411814,-16.4732513099],[31.4938768436415,-16.484573251954],[31.4946059006418,-16.4872464633535],[31.5019739328508,-16.5009807045958],[31.5071714378117,-16.5091482116206],[31.5071262432816,-16.5093591179289],[31.4989310218492,-16.5338694586086],[31.4824501908237,-16.5552945392116],[31.4808021076312,-16.5816638684927],[31.4840982740162,-16.6179216969287],[31.4956348554642,-16.6508833589798],[31.5104676032973,-16.6805488546459],[31.5203561024522,-16.7233990158518],[31.522333802463,-16.7352652141183],[31.5292908876644,-16.7654125854224],[31.5599100972732,-16.7975627550171],[31.5697985955288,-16.8156916692351],[31.5615581795664,-16.8404129162231],[31.5610467063404,-16.8412653727987],[31.5517252935875,-16.8649926027264],[31.5519999996004,-16.9049979996579],[31.545998999854,-16.9089999998501],[31.5389969998117,-16.9049979996579],[31.5329990002037,-16.8909999998501],[31.520998999904,-16.8819980002075],[31.512997999658,-16.8750000003497],[31.5029999999501,-16.8610000004496],[31.4849999999501,-16.8490000001498],[31.4739999999001,-16.843998999754],[31.4610000002498,-16.8409989999039],[31.4501619995767,-16.8401919995611],[31.4360000002998,-16.8390000003497],[31.4019979998079,-16.8399999997002],[31.4005919997211,-16.8398429996547],[31.3929990003037,-16.8390000003497],[31.3865907047972,-16.8463576723686],[31.3991779776816,-16.8539100359194],[31.4151678283326,-16.8635039459503],[31.4680690222676,-16.8870155876992],[31.5126734181438,-16.9142309065311],[31.5561250666186,-16.9614729582104],[31.5284301717151,-17.0514813650729],[31.5185632311083,-17.0616496496116],[31.4722748924723,-17.0847938193792],[31.5210106479231,-17.1213456361921],[31.5739780877186,-17.1531076215195],[31.5867941957956,-17.1621324963176],[31.6251847682625,-17.1928449539315],[31.6550220623184,-17.2142375132506],[31.7234889236749,-17.2294523704305],[31.7301250003685,-17.2416169997247],[31.7392223290473,-17.2537478765632],[31.7571449100096,-17.2526936076238],[31.7791549240605,-17.2515038765026],[31.7970008818853,-17.2503141462808],[31.8130622439274,-17.2497192807202],[31.826149279066,-17.2485295504983],[31.8410209108864,-17.2437706287115],[31.851218600558,-17.2398857939942],[31.8679973580917,-17.2346124707889],[31.8784974214189,-17.2318733237948],[31.8909895918962,-17.2277092666693],[31.9070509530391,-17.2193811533175],[31.913169567022,-17.2170866725119],[31.9188567402464,-17.2132952242951],[31.9284661024287,-17.2027249257147],[31.9361993511192,-17.1949916779236],[31.9397685417848,-17.1884481603543],[31.9433377333498,-17.1830943730068],[31.9570196340489,-17.1807149116638],[31.9665374785218,-17.1789303158813],[31.9745086725372,-17.1789303158813],[31.9873577623509,-17.1771457200989],[32.0055735007165,-17.1743857600947],[32.0165061595317,-17.1711970680902],[32.047388231082,-17.1711970680902],[32.0473901331482,-17.1711970680902],[32.0454549998484,-17.1776479995555],[32.0384020001522,-17.1864620004209],[32.0382079120656,-17.187303293712],[32.0331150000573,-17.2093789996411],[32.0331150000573,-17.2181929996072],[32.0401679997535,-17.2375829998555],[32.0384020001522,-17.2587369996128],[32.0385537355665,-17.2605544809045],[32.0401679997535,-17.2798900002233],[32.0569110002425,-17.2975190002016],[32.0692520000798,-17.3186740000051],[32.0798299995549,-17.3327770001584],[32.076304999776,-17.3415900000784],[32.0727799999971,-17.3468780002195],[32.0604400002059,-17.3486419997284],[32.0551520000648,-17.3539309999157],[32.0463370000526,-17.3662699996607],[32.0516240001475,-17.3821350001301],[32.0550313955825,-17.4093767815132],[32.1950384560599,-17.4177834056796],[32.1930770103958,-17.4501667523937],[32.1975175766749,-17.5256563836351],[32.1999336107476,-17.5553075468058],[32.2003899600287,-17.5630654818864],[32.201123909341,-17.5699156763673],[32.2025270873552,-17.5871364048212],[32.2115456408187,-17.6713095659836],[32.2184655750263,-17.7358956260823],[32.2226334650624,-17.7644117773815],[32.2315243543655,-17.7966726966876],[32.2273622964329,-17.7997944359644],[32.2454233343195,-17.8399300763119],[32.2454233343195,-17.8509941206821],[32.2320020724378,-17.8946132229219],[32.2292060388277,-17.9011373007458],[32.228961193904,-17.9014800836389],[32.2201292650536,-17.9191439413398],[32.2174099813856,-17.9286614350771],[32.2118701791655,-17.9415876399576],[32.1984489172838,-17.9885620569933],[32.1963114994762,-17.9978242026248],[32.1818575739679,-18.0339590145968],[32.1833234356281,-18.0412883219984],[32.1716063935203,-18.0623789986918],[32.151474500248,-18.0925768381505],[32.1112107137035,-18.1697490955443],[32.0843681899401,-18.1965916193078],[32.0781957740158,-18.2181950741433],[32.0758744295613,-18.2223734952406],[32.0776575585496,-18.2259397541163],[32.0776575585496,-18.233500090157],[32.087723504736,-18.2603426148198],[32.117921345094,-18.2704085610063],[32.151474500248,-18.2771191923968],[32.1622742275736,-18.2739428013192],[32.2024654082521,-18.2694771151767],[32.2377931227545,-18.2429813286254],[32.2642889093058,-18.231205424091],[32.2900299964872,-18.2140446984041],[32.3158849603227,-18.2066575663935],[32.336016853595,-18.1932363045118],[32.369570008749,-18.1596831493578],[32.4064784795982,-18.1261299933045],[32.4366763190569,-18.0892215233546],[32.4601635280245,-18.0590236829966],[32.4534528966339,-18.0254705278425],[32.4467422661427,-17.9885620569933],[32.4601635280245,-17.9550089018393],[32.4702294742109,-17.9315216937711],[32.4870060517879,-17.9046791691083],[32.4983359033793,-17.9018469782554],[32.5056949621529,-17.8926481547885],[32.5244287028224,-17.8953244031986],[32.5351347243881,-17.8926481547885],[32.5527985820889,-17.8867602025213],[32.5704624388905,-17.8749842970876],[32.5742475513835,-17.867414073001],[32.5770461588532,-17.8656085203169],[32.5828090001353,-17.8741280004069],[32.5822830001604,-17.8783370002523],[32.5859680001232,-17.8830730001188],[32.5864940000981,-17.8967529996511],[32.5894232017195,-17.9071691778153],[32.5822383443242,-17.9191439413398],[32.576350392057,-17.9309198458742],[32.5704624388905,-17.948583703575],[32.5616305109394,-17.9721355135431],[32.5574469655051,-17.9777135738223],[32.5469106289224,-18.0251270857464],[32.5427049484746,-18.0419498075375],[32.5410226766552,-18.0604548011481],[32.5351347243881,-18.0751746822658],[32.5351347243881,-18.0776375575272],[32.5307230002663,-18.0798430000544],[32.5207249996591,-18.0893129996951],[32.4928429999046,-18.1050959999804],[32.4828450001967,-18.1103589998679],[32.4754789995562,-18.1240380002535],[32.4675899999785,-18.1303499999525],[32.4612770002335,-18.1371909997648],[32.4554860002788,-18.1461350003299],[32.4544369995679,-18.1482390002296],[32.4299689998695,-18.1613919997409],[32.4236560001244,-18.1698090002851],[32.4073479999103,-18.1803319999218],[32.3957740003699,-18.186644999667],[32.3905100004362,-18.1919070004077],[32.3841969997918,-18.1940110003074],[32.3815679999633,-18.1950640003033],[32.3789359999964,-18.2003260001447],[32.3778830000005,-18.2113739997103],[32.3831439997958,-18.223474000125],[32.395653628812,-18.2411925078279],[32.4043986246968,-18.2323298923107],[32.4254762953948,-18.2170213599478],[32.4494423510837,-18.195744808676],[32.4797365645908,-18.1801697244531],[32.5099319048336,-18.1616520009391],[32.5434729605088,-18.1518596294183],[32.5739347213104,-18.1421517015398],[32.5890234072045,-18.1328879713028],[32.6130488289404,-18.1145379290821],[32.6281325703619,-18.1052723057723],[32.642931637685,-18.0871901410122],[32.6518667673375,-18.0781031869125],[32.6665664379908,-18.057082610574],[32.6815473653187,-18.0448764658761],[32.6935494979111,-18.0356987872692],[32.7087165597215,-18.029368102356],[32.7450927290462,-18.0135831838168],[32.7753199556515,-17.9979769227967],[32.7964270827437,-17.9855816857461],[32.8268365434718,-17.9758453329957],[32.8435909968271,-17.9735495751527],[32.8573384482108,-17.9690426434032],[32.8726866550651,-17.9685760409515],[32.8910033711088,-17.9650796836804],[32.9125851864572,-17.9673613284625],[32.9461972624937,-17.9663290956112],[32.9427560003892,-17.9742500004371],[32.9490959995808,-18.0323879997064],[32.9585759996827,-18.0524290002981],[32.9594110004174,-18.0717229997166],[32.9640799423355,-18.0833787997917],[32.9349485945021,-18.0842814025646],[32.8891766564776,-18.0945096619913],[32.8816463964641,-18.0956449634443],[32.8816291312795,-18.0956493764176],[32.8647026250262,-18.0981984085297],[32.8525137796872,-18.1015104686332],[32.8279233148092,-18.1131163221605],[32.7707285532802,-18.1392740310716],[32.7407690206738,-18.1637006151912],[32.7186539226404,-18.1930371406515],[32.7142589187142,-18.1997858385456],[32.6996867647325,-18.2247299789054],[32.69966608752,-18.2247690571462],[32.6967719207876,-18.2297188069773],[32.6925921381167,-18.2372477045179],[32.6925858140841,-18.237255314581],[32.6925810458786,-18.23726389861],[32.6613201600974,-18.2748767724451],[32.661304680067,-18.2748925114802],[32.6579259631127,-18.2791946801903],[32.6515060087953,-18.2996943107438],[32.6567793517857,-18.3250290185743],[32.6636047213809,-18.3454148102452],[32.6677400154894,-18.3776453423586],[32.6668285301126,-18.3836727462002],[32.6683181590558,-18.3952756058845],[32.6602406867584,-18.4308124469369],[32.6462335795161,-18.4547616502299],[32.636957910779,-18.472686777173],[32.6129932841128,-18.493990827015],[32.5989838089557,-18.5030920641474],[32.5817560001394,-18.4854830003401],[32.5751799999571,-18.4718050000007],[32.558344999722,-18.4486559999744],[32.5494000000101,-18.4370800003417],[32.5346709997669,-18.436029000438],[32.5130989996192,-18.4355029995637],[32.498367000137,-18.4333969995718],[32.4910010003959,-18.4276099998016],[32.4899480004,-18.4144570002903],[32.4836339997094,-18.3955170001094],[32.4788999999351,-18.3897300003392],[32.4694290002482,-18.3913070002179],[32.4573279997874,-18.3923600002138],[32.4460789999459,-18.3969630002422],[32.431685999909,-18.4340679999382],[32.4226260002897,-18.4527960002352],[32.4280620000613,-18.4775630002322],[32.432608594611,-18.4821100651274],[32.4031231639029,-18.4952147008977],[32.3661438291744,-18.49910726259],[32.3643841014452,-18.49910726259],[32.3349443392099,-18.5020512391733],[32.3143365058251,-18.5197150959749],[32.3025606003915,-18.5432669059429],[32.302931714627,-18.5449987699772],[32.3113925292419,-18.5844825736119],[32.3113925292419,-18.6139223358471],[32.317280481509,-18.6845777666506],[32.3261124103595,-18.7257934334202],[32.3286528854224,-18.7397660453667],[32.3229480000502,-18.7463930002367],[32.3102600003987,-18.7530380000036],[32.291534000194,-18.7518310001005],[32.2818669995625,-18.7584759998675],[32.2697860000239,-18.7747870002198],[32.2626888858834,-18.779680974997],[32.2436810750216,-18.7670091010891],[32.2374422414663,-18.7645135678469],[32.2219361262513,-18.7602846273337],[32.1883829710973,-18.7535739959431],[32.1581851307392,-18.7468633654519],[32.1447638688575,-18.7300867878749],[32.1246319755853,-18.6764017394487],[32.1078553980083,-18.6428485842947],[32.0843681899401,-18.6126507439366],[32.0834696152306,-18.6099550216069],[32.0817623818285,-18.6080343835799],[32.0611545475444,-18.5815385979279],[32.0405467141596,-18.5432669059429],[32.0385190667016,-18.5209627812073],[32.0341665062793,-18.5057288197292],[32.0199388807748,-18.4843873814725],[32.013170767417,-18.4793112966789],[32.0050331052936,-18.4765987426378],[31.9913896937794,-18.4811465467757],[31.9904193549693,-18.481793439016],[31.9669321460018,-18.498570016593],[31.9400896222383,-18.5052806479835],[31.9074969178485,-18.5052806479835],[31.896291877768,-18.5108831671244],[31.8861475457726,-18.5253750710026],[31.8787804119865,-18.5358995473262],[31.8756840443832,-18.540322930259],[31.8608298396255,-18.5675556374826],[31.8580201866823,-18.5727066690775],[31.8403563289814,-18.6109783601631],[31.8408448452135,-18.6131766827577],[31.8394301567764,-18.6160060596319],[31.8444645121276,-18.638660659162],[31.8285804244471,-18.6492500512488],[31.7661359073463,-18.6467522706008],[31.7678940001081,-18.6488300004041],[31.7794299996948,-18.6630299996347],[31.7834240004173,-18.6692420001182],[31.7914120000638,-18.6710180001805],[31.7967370001125,-18.6798930002617],[31.8073860001638,-18.6932039998647],[31.8100489997616,-18.7038550000082],[31.8180370003074,-18.7145040000595],[31.8260249999539,-18.7251540001569],[31.8286870004048,-18.7366919998359],[31.8277999999701,-18.7420169998846],[31.8322370004373,-18.7464540003518],[31.8419990000539,-18.7491179999956],[31.8473240001026,-18.7562159999684],[31.8544250002137,-18.7500050004304],[31.8624109997679,-18.7455669999171],[31.8792740003948,-18.7535549995636],[31.8876209707313,-18.7643261698168],[31.8208529709879,-18.7735336492585],[31.821962846808,-18.7810832662797],[31.8229983837684,-18.7887589835402],[31.8247099995669,-18.7997700002853],[31.825622728706,-18.8125684168989],[31.7632794141137,-18.8317995923773],[31.741787360998,-18.8394753258256],[31.7133107331039,-18.849645550202],[31.6983906017449,-18.8645656815609],[31.680772161606,-18.8845448195877],[31.6645958491192,-18.9057762293894],[31.6628359999814,-18.9002450004064],[31.6534990001788,-18.8765409999671],[31.6398520003696,-18.8485289996136],[31.6218959997007,-18.8226729997591],[31.6190220002651,-18.8025620004359],[31.6118389999699,-18.7889149997274],[31.6053749995567,-18.7853239996028],[31.597475000371,-18.7817320003315],[31.5910109999577,-18.7817320003315],[31.5859830001154,-18.784605999767],[31.5766460003127,-18.7932239996878],[31.5658719998929,-18.7946600002588],[31.5522250000838,-18.7910700001803],[31.5364219997755,-18.7989710003114],[31.5285219996906,-18.7996880001011],[31.5220580001766,-18.7960980000227],[31.5137969996319,-18.7759849997079],[31.5116440001705,-18.7738320002466],[31.5044609998753,-18.7745490000363],[31.4979970003614,-18.7774230003711],[31.4879409997774,-18.7767039995899],[31.4735750000862,-18.769521000194],[31.4635200004477,-18.7479740002999],[31.4419719996081,-18.7350460003726],[31.4333529996413,-18.7343269995913],[31.4175520003246,-18.7321730000838],[31.4118059997471,-18.7271440001954],[31.4089330003577,-18.7206799997821],[31.4060590000229,-18.7120619998614],[31.3995949996096,-18.7077519998548],[31.3888220001352,-18.6991319998419],[31.3823559996297,-18.6984150000522],[31.3629640001885,-18.6725570001054],[31.3615279996175,-18.666809000335],[31.3564999997752,-18.6617829996857],[31.350753000051,-18.6581910004143],[31.3450080004189,-18.6510100002113],[31.3342339999991,-18.6495720004474],[31.3241780003145,-18.6431080000341],[31.3155590003477,-18.6466990001587],[31.28826499983,-18.6409529995812],[31.273181000303,-18.6237159996936],[31.2566620002511,-18.612941000127],[31.2530700000805,-18.6122240003373],[31.241578999871,-18.612941000127],[31.2394230002713,-18.611504999556],[31.2286489998515,-18.6057579998318],[31.2243399998911,-18.6057579998318],[31.2185950002591,-18.6071959995957],[31.2128479996355,-18.6093500000025],[31.2020740001151,-18.6050410000421],[31.1956099997018,-18.5992940003178],[31.1977650001547,-18.5842109999376],[31.2013560002792,-18.5719999998001],[31.2121289997536,-18.5569170003193],[31.2207479997205,-18.5411160001033],[31.2243399998911,-18.5303419996835],[31.2243399998911,-18.5181310004453],[31.2231899999186,-18.5156530003856],[31.2074370001175,-18.5131130001648],[31.1915599999941,-18.5076380003933],[31.178421000229,-18.4939509996389],[31.1680179998309,-18.4819059999619],[31.1576170004243,-18.4780749995616],[31.1411930002568,-18.4725999997901],[31.1302429998146,-18.4643869996602],[31.1253160001334,-18.4528900000734],[31.124593000067,-18.4410910000495],[31.112367000137,-18.4441469997842],[31.0873900003483,-18.4441469997842],[31.0675370003324,-18.4396639998936],[31.0566500000975,-18.4377440003853],[31.0380779997999,-18.4274969999865],[31.0214269999561,-18.4166099997517],[31.0140620002612,-18.4217330003776],[31.0115009999712,-18.4319799998771],[31.0121419998534,-18.4479899998386],[31.0230290000883,-18.4729669996273],[31.0275109999328,-18.4941000002148],[31.0275109999328,-18.5107510000586],[31.0262310002605,-18.5152349999952],[31.0082979997529,-18.526121000184],[30.9871650000647,-18.5209989996041],[30.9679519998849,-18.5190770000035],[30.9570649996501,-18.5145930000668],[30.9545040002595,-18.5139540002769],[30.9397729999241,-18.5209989996041],[30.913515000417,-18.5453350004099],[30.9045499997827,-18.5510969999266],[30.8837369995629,-18.5543000001449],[30.8683660002907,-18.5568610004348],[30.8626019997825,-18.560704999636],[30.8658039999547,-18.5690300004341],[30.8683660002907,-18.5741530001608],[30.8677250004085,-18.5799169997697],[30.8613220001102,-18.5811970003413],[30.8549169997198,-18.5876019998324],[30.840827000166,-18.6023310000755],[30.8273789996412,-18.6132200004026],[30.8145709998518,-18.6138590001926],[30.8068859997891,-18.615139999911],[30.798558999798,-18.6202639996838],[30.7844710003365,-18.623465999856],[30.7767860002737,-18.6253870003098],[30.7726229998516,-18.6266680000281],[30.7668590002427,-18.6305100000365],[30.7604539998522,-18.6356329997631],[30.7514890001173,-18.6420380001536],[30.7482869999452,-18.6433179998258],[30.7470050001807,-18.6445990004435],[30.7489279998274,-18.649082000334],[30.7546900002434,-18.6522839996068],[30.7598150000622,-18.6522839996068],[30.7649379997889,-18.6529250003884],[30.7700610004149,-18.663172999934],[30.7796680000782,-18.6657330001778],[30.7899149995776,-18.6670149999423],[30.7931169997498,-18.6702170001144],[30.7937560004391,-18.6753399998411],[30.7892739996954,-18.6811040003493],[30.7662180003605,-18.6830249999037],[30.7502070003528,-18.6823840000216],[30.7412429997647,-18.6798239997777],[30.7361179999458,-18.6753399998411],[30.7284329998831,-18.663811999724],[30.7220299995849,-18.6542070001529],[30.7085809999133,-18.6478019997624],[30.7021769995689,-18.6394759998175],[30.6993440002255,-18.6381010002609],[30.7051099999266,-18.6310800002417],[30.7095480004399,-18.618654000082],[30.7308479997354,-18.6035670004167],[30.7530360004112,-18.5733920001407],[30.7556990000089,-18.5645160000133],[30.7605800002668,-18.5574159999484],[30.7588040002045,-18.5272419997185],[30.7588040002045,-18.5239160001233],[30.7555919995712,-18.5260389999998],[30.7464309997908,-18.5323369999525],[30.7366959996207,-18.5435020004169],[30.7261040003993,-18.5532359996416],[30.7178019997625,-18.5543800002368],[30.7086409999822,-18.555811999724],[30.7039179998159,-18.5549539997273],[30.6861679996535,-18.5495139997713],[30.6707089999205,-18.5426440004202],[30.6555359998865,-18.5409240002424],[30.6478060004466,-18.5397809996933],[30.6400750000612,-18.5363459995682],[30.6320610001151,-18.5346270003358],[30.6201799999071,-18.5334829997406],[30.6095859996942,-18.5363459995682],[30.5892600003488,-18.5354860003786],[30.5823890000524,-18.5397809996933],[30.5749470004038,-18.5394949999942],[30.5715100001864,-18.5403529999909],[30.5689350001502,-18.5480820002841],[30.5657859997241,-18.5500850000227],[30.5488939995585,-18.548942000373],[30.5378720002926,-18.5392070002029],[30.5198360004311,-18.5309059996122],[30.5038050004005,-18.5237479995705],[30.4889180000657,-18.5243219999603],[30.4851970002414,-18.516591999621],[30.481475000371,-18.5140150003919],[30.4743170003293,-18.5200269997462],[30.4688789995662,-18.5203130003446],[30.4637260002548,-18.5180219999153],[30.4577140000011,-18.5148730003886],[30.451988000346,-18.5120099996617],[30.4499829996158,-18.5019909998847],[30.4569980002576,-18.4893949999792],[30.4638689996547,-18.4785150000671],[30.4678760000774,-18.4599069999081],[30.4744599997293,-18.4527509999586],[30.4756060004166,-18.4516040001245],[30.4756060004166,-18.444448000175],[30.4730300003343,-18.440152999961],[30.4652989999489,-18.4381500002223],[30.4496969999167,-18.4372900001334],[30.4348099995819,-18.4344270003058],[30.4262210000991,-18.430418999837],[30.4204969996369,-18.425840000016],[30.4101900000685,-18.4169649999348],[30.4016009996864,-18.4143879998063],[30.3967340000741,-18.4146740004048],[30.3898619997316,-18.4175370002324],[30.3858560002543,-18.4178229999314],[30.3736890003472,-18.4155330004476],[30.3585160003132,-18.4149600001039],[30.33332200041,-18.4115249999787],[30.3181490003761,-18.4126699997207],[30.2956770000935,-18.410666999982],[30.2724869999751,-18.4057990003236],[30.2673349998104,-18.405227000026],[30.2644709999367,-18.4032230002412],[30.2610349997655,-18.4009319998119],[30.2481530001609,-18.3992149997724],[30.2398490003312,-18.3880500002073],[30.2315479997404,-18.3843280003369],[30.2286849999128,-18.3840419997384],[30.2190950001342,-18.3828959999504],[30.2076429999245,-18.3823239996528],[30.2004869999751,-18.3817520002546],[30.1964790004056,-18.3774580000866],[30.192757999682,-18.3668649999198],[30.191611999894,-18.358276000437],[30.1877459996782,-18.350832999843],[30.1838216073813,-18.3466626897313],[30.1806311311219,-18.3511293570342],[30.1637105190253,-18.3574745866828],[30.1544570599454,-18.3630266619509],[30.0878321513327,-18.4058569598308],[30.0711759246292,-18.4141850740818],[30.0664170028425,-18.4177542656468],[30.0331045485361,-18.4296515705635],[30.0140688604895,-18.4391694141371],[29.9902742506562,-18.4439283359239],[29.9617207181367,-18.446307797267],[29.9141314984699,-18.4367899536933],[29.8903368877372,-18.4367899536933],[29.8736806610337,-18.4417868217044],[29.8570244343302,-18.4367899536933],[29.8330315356769,-18.4346087802709],[29.8308503631538,-18.4106158825169],[29.826091441367,-18.3915801944704],[29.8149872899315,-18.3788897351731],[29.8100300793247,-18.3689753148589],[29.8118146751072,-18.358267740164],[29.816573596894,-18.3320936689876],[29.8149325895674,-18.32758089794],[29.816573596894,-18.3201963640709],[29.814194135551,-18.3082990591542],[29.8070557533204,-18.2975914844594],[29.8070557533204,-18.2845044493208],[29.7917500304396,-18.2735717905057],[29.7889718492715,-18.2569027007989],[29.7883408912192,-18.2499621613246],[29.7902164902989,-18.2427723639534],[29.7951584475044,-18.2345357674117],[29.7951584475044,-18.2238281936162],[29.8022968306343,-18.1964643913186],[29.8094352137642,-18.1679108596984],[29.8213325186808,-18.1417367885219],[29.8332298235976,-18.1179421786886],[29.8346491516371,-18.1171072795772],[29.8379887462837,-18.1084243342156],[29.861936869491,-18.1010556805751],[29.8736806610337,-18.0941475688552],[29.8950958104234,-18.0870091857253],[29.9251597282389,-18.0761861749519],[29.9232210003489,-18.0645479997903],[29.9177810003929,-18.0602549996685],[29.9175165808256,-18.0546966453339],[30.0160447564604,-18.019921995004],[30.0660134374702,-17.9628149308643],[30.08029020373,-17.8700159510752],[30.0731632087152,-17.8648241010514],[29.944615801678,-17.7711802945349],[29.9500880000612,-17.7630739998651],[29.9507419996436,-17.7568620002811],[29.9527030001434,-17.7437889999623],[29.9530309999807,-17.7411739998801],[29.9598939999082,-17.7209069996583],[29.9628369998277,-17.7182919995761],[29.969047000219,-17.7101209995844],[29.9757479998704,-17.6980280003919],[29.9835910000247,-17.6774340003788],[29.9891490000264,-17.6584770003133],[29.9999350001002,-17.6404990004285],[30.0061469996843,-17.6369030000733],[30.036054000192,-17.6329820000192],[30.0796856344845,-17.6264989375759],[30.079409837594,-17.6254302246251],[30.0832169753832,-17.5987802610002],[30.0870241131723,-17.5454803346497],[30.0616431954771,-17.5234835397336],[30.028013480138,-17.534693444247],[29.9670992782092,-17.5626124538016],[29.9429220688984,-17.5723121447896],[29.9327886025121,-17.5736931149452],[29.9008788441834,-17.4655075803105],[29.8509101622742,-17.3798469845506],[29.7584670424201,-17.3072131037017],[29.7329773912936,-17.2890121223115],[29.684622028384,-17.2559268745256],[29.6853539515237,-17.2580418785298],[29.6815055564363,-17.2556595384569],[29.673891280858,-17.251852401567],[29.6624698683898,-17.2451899108856],[29.6520002399192,-17.2356720664127],[29.639627042554,-17.2271060068367],[29.6272538451889,-17.2175881623638],[29.6139288638261,-17.2090221027878],[29.6025074504585,-17.2023596121064],[29.5977305710091,-17.2013539533223],[29.5815681944167,-17.195697121425],[29.5701467810492,-17.1899864147412],[29.5549182307918,-17.1852274929544],[29.5490610955931,-17.1830310679294],[29.541593249429,-17.1795167862706],[29.5381322148299,-17.174325235721],[29.5368343267428,-17.169998942697],[29.532075404956,-17.1443007639691],[29.5302739253015,-17.1352933638976],[29.5282682671668,-17.1252650759225],[29.5282682671668,-17.1062293878759],[29.5242173357615,-17.0979574129042],[29.5213421537175,-17.0954416287281],[29.5188635484141,-17.0914138953349],[29.5141046266273,-17.0896833784851],[29.5106293611561,-17.087155913015],[29.5069662434974,-17.0830857819832],[29.5050626746028,-17.0809442668644],[29.5039919174931,-17.0777319946358],[29.5010175914887,-17.072973072849],[29.4974483999238,-17.0658346897191],[29.4932843427982,-17.0598860368111],[29.4867408252289,-17.0497733276769],[29.477222980756,-17.0390657529821],[29.4671102716218,-17.0253838522829],[29.4593770238307,-17.0117019515837],[29.455379529242,-17.0040876769047],[29.4546181011445,-17.0021841080101],[29.4468848533534,-16.9861227459679],[29.4415310660059,-16.9757720906094],[29.437961874441,-16.967681923482],[29.4361772786585,-16.9498359656573],[29.4385567400016,-16.9272310860458],[29.4421259315665,-16.9028416106518],[29.4445112403015,-16.8797047002117],[29.4414648606149,-16.8709239580742],[29.4391177955499,-16.8641588880223],[29.4288153465511,-16.8344635942195],[29.4235719833604,-16.8245012049666],[29.4188130615736,-16.8073690858146],[29.4173853842282,-16.8026101631285],[29.415957707782,-16.7988030253393],[29.415904831243,-16.7970580878604],[29.4150059237844,-16.7835744750819],[29.4140541388874,-16.7654905719323],[29.4150059237844,-16.7426477460966],[29.4150059237844,-16.732178117626],[29.4151452089843,-16.731551332428],[29.4150059237844,-16.7293227647338],[29.4292826900441,-16.6969620944251],[29.4388005336178,-16.6731674845917],[29.4473665931937,-16.6569871494373],[29.4559326527698,-16.6350961084985],[29.4654504972427,-16.6179639893466],[29.4730647719217,-16.6055907919814],[29.4802031550516,-16.5963108937327],[29.4816308314977,-16.5941693795132],[29.4836703697918,-16.5907701490231],[29.4863897541838,-16.5846515350403],[29.4987629506497,-16.5789408292558],[29.5120879329118,-16.5684712007853],[29.52350934538,-16.5627604941015],[29.532075404956,-16.5570497874177],[29.5454003863188,-16.5494355127387],[29.5615807214731,-16.5437248060549],[29.5730021348407,-16.5399176682657],[29.5863271162035,-16.5361105304765],[29.6091699420393,-16.5294480397952],[29.6256675382264,-16.5263056403929],[29.639627042554,-16.525640902006],[29.6577109466029,-16.5208819802191],[29.6698726360134,-16.5219395181942],[29.69102340001,-16.5227855491137],[29.7110108729535,-16.5227855491137],[29.7357572667845,-16.5237373331114],[29.7624072304094,-16.5275444709006],[29.7706560289526,-16.5284962557975],[29.7900089780319,-16.5284962557975],[29.8052375282894,-16.5303998246921],[29.8299839230197,-16.5323033926874],[29.834908373123,-16.5328827404461],[29.8423571203849,-16.5332551775843],[29.8585374555392,-16.534206961582],[29.8680552991128,-16.5494355127387],[29.8832838493702,-16.5646640629961],[29.8928016938431,-16.5789408292558],[29.9008918609707,-16.58905353839],[29.9089820280982,-16.5951211635108],[29.9116470250902,-16.6031161526882],[29.9127891658874,-16.6046390079838],[29.9184998725711,-16.6132050675598],[29.9283487718783,-16.6216469811233],[29.9318248539339,-16.6236746960304],[29.9356319917231,-16.6312889707094],[29.9403909135099,-16.6398550302854],[29.9575230326619,-16.6446139529715],[29.9670408771348,-16.6436621680746],[29.9682602535079,-16.6438838734419],[29.9692039400099,-16.6422140725214],[29.9946296070707,-16.6422140725214],[30.0393295154448,-16.6161391264195],[30.0740105886178,-16.5962697317627],[30.0840762110483,-16.5922453915115],[30.1544699355392,-16.5922453915115],[30.2230578636295,-16.5922453915115],[30.2872740019936,-16.6693047570089],[30.2970085210265,-16.6809395102501],[30.3740738310425,-16.7736712756088],[30.3917140950295,-16.8208154855462],[30.3878543873701,-16.8388274519253],[30.3792219245522,-16.8636457834261],[30.3560221793802,-16.906476081306],[30.3391338097775,-16.924771815267],[30.3314536669532,-16.9418387992212],[30.3221148604125,-16.9778599117055],[30.318948642466,-16.9816018054789],[30.3185456688476,-16.9832136990529],[30.3143816117221,-16.9869992045496],[30.3024843068054,-17.0010596559783],[30.28463834988,-17.0403207631926],[30.2703615836202,-17.084935656855],[30.2673872576159,-17.0950483659893],[30.2632232004904,-17.1117045926928],[30.2616616788434,-17.1145153311176],[30.2614386047079,-17.1152737842577],[30.2515546893974,-17.1338061253524],[30.2453772426657,-17.1473965083421],[30.234054290673,-17.1700424132267],[30.1775626047305,-17.1866576146571],[30.1775626047305,-17.1902268062221],[30.179347200513,-17.233057104102],[30.1918393700909,-17.2580414450566],[30.168722845483,-17.2715260848609],[30.1574549257043,-17.2780990372407],[30.149009072211,-17.2830257851119],[30.1920930760347,-17.3062248647856],[30.1995955928624,-17.306205181324],[30.2176358501144,-17.3061578518034],[30.2314450885201,-17.3050070820112],[30.2256349995556,-17.3123279996374],[30.2328260002198,-17.3061180001455],[30.2341340002839,-17.2946770004432],[30.2364209996295,-17.2881390002146],[30.2465550002132,-17.2793149997873],[30.2566869998053,-17.2744120003135],[30.2589740000501,-17.2708159999584],[30.2589740000501,-17.2678750001311],[30.2532549998185,-17.2593760003022],[30.2555440001555,-17.2528380000736],[30.2568510001736,-17.2466269996363],[30.2512950002641,-17.230284999653],[30.2493339997643,-17.2201509999686],[30.2516210000092,-17.213286999995],[30.262244999807,-17.1946559996746],[30.2678009997164,-17.177985999854],[30.2678009997164,-17.1564139997063],[30.2697630002623,-17.1537989996241],[30.2763000004447,-17.1528180002505],[30.2798949998544,-17.1498770004232],[30.2857789996012,-17.1479159999234],[30.2903550001832,-17.1446470002588],[30.29378700017,-17.1325530001208],[30.2950950002341,-17.1273229999565],[30.2977080002241,-17.1234009998562],[30.302611999744,-17.1214400002558],[30.3065349998904,-17.1181709996918],[30.3071890003721,-17.1145740001899],[30.3088220001353,-17.1077110002624],[30.3124160003982,-17.1031339996343],[30.315687000155,-17.1015009998712],[30.3218969996469,-17.0975779997249],[30.3264730002288,-17.0933279997873],[30.3326829997207,-17.0789470003038],[30.3284349998754,-17.0701209997843],[30.3289239999427,-17.0652190003565],[30.3325210003439,-17.0563939998832],[30.3364420003981,-17.0469129997351],[30.3351340003339,-17.0344939998981],[30.3285980001976,-17.0054030001483],[30.3315390000249,-17.0031139998112],[30.3343179995761,-17.0011530002108],[30.3356259996402,-16.9975579999017],[30.3356259996402,-16.9906939999281],[30.3349720000578,-16.9805600002438],[30.33758700014,-16.9756579999167],[30.3464119997141,-16.968792999897],[30.3640629998076,-16.9609479996504],[30.3741950002991,-16.9550659999958],[30.3738679996085,-16.9514689995946],[30.3663500000525,-16.9482020000223],[30.3656969996169,-16.9455869999401],[30.3715800002169,-16.9377419996935],[30.3688009997664,-16.9325120004284],[30.3619379998389,-16.9289160000733],[30.3625920003206,-16.9217260003546],[30.3710890000573,-16.9128999998351],[30.3815490003861,-16.8936149999323],[30.3885779998748,-16.8880590000228],[30.3974030003482,-16.8834800002018],[30.4147259997052,-16.8782530001758],[30.4176689996247,-16.8749839996119],[30.4209973428531,-16.8598917119329],[30.4586245033182,-16.8706423290802],[30.5135092716357,-16.8407051823982],[30.5371467168475,-16.8278120312002],[30.5371467168475,-16.8070554265666],[30.5371467168475,-16.784981732421],[30.5411734376041,-16.7737069148422],[30.5701829650718,-16.6924802366735],[30.5771007651882,-16.6750993929226],[30.5913898386702,-16.6417582214647],[30.5971247730898,-16.6315666984443],[30.6584992282569,-16.5565534758622],[30.822682037546,-16.5708302421219],[30.8417355915244,-16.5668189672215],[30.8416969998168,-16.5668730002887],[30.8417486047144,-16.5668162278865],[30.9583113152151,-16.5422767105018],[31.0408760649785,-16.5486278450989],[31.0460579496147,-16.5490264516094],[31.0646803353293,-16.5506487332524],[31.1296325076342,-16.5565534758622],[31.2295698696538,-16.5565534758622],[31.2356887642251,-16.5602248133245],[31.2633309732458,-16.5768101383771],[31.2633341667384,-16.5769658505935],[31.2637461623556,-16.5775358507988],[31.2639501591726,-16.5777268506136],[31.2641521567966,-16.5778178512128],[31.2641541568889,-16.5779158512355],[31.2642551552512,-16.5779138502439],[31.2643581537059,-16.5781038509119],[31.2644591529676,-16.5781018499204],[31.2644611530598,-16.5781998508424],[31.2645601522293,-16.5781978498508],[31.2645621523215,-16.5782948498274],[31.2645641524138,-16.5783898506111],[31.2645721518833,-16.578679851394],[31.2968020922428,-16.5970687398304],[31.297190999565,-16.5899499996927],[31.297387506828,-16.589753493329],[31.3100893389519,-16.5770516612051],[31.3250819997345,-16.5620590004225],[31.325195000449,-16.5619459997081],[31.328681000228,-16.5491159998035],[31.3329999997503,-16.5339979996079],[31.3415520002247,-16.5254470000789],[31.356193000007,-16.5114470001789],[31.3559969999616,-16.5109970001114],[31.354998999804,-16.5089999997501],[31.3312700000105,-16.4955989995941],[31.3308830001504,-16.4953719999179],[31.3199990000539,-16.4890000001498],[31.3039999997003,-16.4749980001575],[31.3179980004074,-16.4719980003074],[31.3449969999116,-16.4719980003074],[31.3769999999501,-16.4649999995503],[31.3879979999078,-16.4639980001076]]],[[[31.3218927636402,-16.6664857340294],[31.3201803186668,-16.6767604029702],[31.3229979998579,-16.674998999804],[31.3250000004497,-16.6709969996118],[31.3209080167916,-16.6619976655598],[31.3218927636402,-16.6664857340294]]],[[[30.6287685407356,-16.7971369862829],[30.5956456913956,-16.8744236356423],[30.5228736575933,-16.9067667619764],[30.4962771415769,-16.9185874356616],[30.3858676419782,-16.9737921854609],[30.3858676419782,-17.1062835846197],[30.4189904922175,-17.2277340339984],[30.4852361917968,-17.2829387837978],[30.4741952420168,-17.3491844833771],[30.4631542922368,-17.4154301829565],[30.3969085926575,-17.4927168323159],[30.3858676419782,-17.6031263319147],[30.4079495424375,-17.713535830614],[30.4410723917775,-17.7908224808728],[30.5243277813021,-17.8491012528205],[30.5514818913762,-17.8681091302321],[30.6287685407356,-17.9012319795722],[30.650850441195,-17.9564367293715],[30.695014240315,-18.0226824289509],[30.7391780403344,-18.0558052791902],[30.7721853429792,-18.1053162322582],[30.7833418403537,-18.1220509787696],[30.838546590153,-18.1662147778896],[30.8827103892731,-18.188296678349],[30.9599970386325,-18.2324604783684],[31.0245389914813,-18.2970024303178],[31.0262427382119,-18.2987061779477],[31.1145703382506,-18.3428699770677],[31.2139388871699,-18.4091156766471],[31.29740806533,-18.475891019355],[31.3040649999998,-18.4753360000563],[31.3150130003497,-18.473145999788],[31.3259619998465,-18.4643869996602],[31.3429350001502,-18.4523409999372],[31.353884999693,-18.4561759996226],[31.3653810001331,-18.4676720000627],[31.3818050003006,-18.4857380004083],[31.3922079997994,-18.4890229999115],[31.4012409999722,-18.4873789996411],[31.4094520000098,-18.4851910003644],[31.4286129995903,-18.4720509996538],[31.4505129995753,-18.460554000067],[31.4631040001495,-18.4545320002516],[31.467484999833,-18.4485109995829],[31.4494170002944,-18.4255160003631],[31.4499660004306,-18.4162100001913],[31.4499660004306,-18.4107359995667],[31.4609139998813,-18.4101880003759],[31.467484999833,-18.4118299996547],[31.4855510001786,-18.4183990004135],[31.501428000302,-18.4255160003631],[31.5227790001508,-18.4304440000905],[31.5370120000039,-18.4386570002204],[31.5509729999041,-18.4528900000734],[31.5679450001617,-18.473145999788],[31.5772510003334,-18.4786219996055],[31.6079100004462,-18.4819059999619],[31.6254289998485,-18.5098279997623],[31.6188599999891,-18.5191339999341],[31.6150280004419,-18.5289890002421],[31.6221440003454,-18.5361060001917],[31.6270710000267,-18.5366530002357],[31.6287130002049,-18.5388429996047],[31.6336419999783,-18.5437710002314],[31.6429480001501,-18.5481509998687],[31.651708000324,-18.550888000181],[31.6577300001395,-18.5618359996316],[31.6626579998668,-18.5684069995833],[31.6664900003133,-18.5700489997615],[31.6714169999946,-18.5722379999836],[31.6730590001728,-18.5755230003861],[31.6757959995858,-18.5782599997991],[31.6933149998874,-18.5771649996649],[31.7004329998831,-18.5804500000674],[31.7048130004197,-18.5815460002477],[31.711381000233,-18.5820940003378],[31.7267110003125,-18.5809990002037],[31.7278060004466,-18.5807870003198],[31.7261810001531,-18.574278999676],[31.7315060002018,-18.5627420000432],[31.7315060002018,-18.5556409999322],[31.7244050000907,-18.5512040003643],[31.7199679996235,-18.5414419998484],[31.7110930004417,-18.5361169997997],[31.7048809999582,-18.5219169996698],[31.7057680003929,-18.5174800001019],[31.7226310001206,-18.5077170004392],[31.7448169998048,-18.498842000358],[31.7541369997228,-18.4864170002443],[31.7603490002062,-18.4642289995686],[31.7665609997904,-18.4509159998735],[31.7807609999203,-18.4447040002893],[31.8153739998103,-18.4349419997734],[31.8402250000838,-18.4287300001893],[31.8384490000214,-18.4163050000756],[31.8295739999402,-18.3958910002694],[31.8375619995867,-18.3816920001856],[31.8437740000701,-18.3737039996398],[31.8491000001649,-18.3648299996048],[31.8508750001812,-18.3506290003281],[31.8553119997491,-18.3399790002306],[31.8615240002325,-18.3355419997635],[31.8597500002624,-18.3302169997147],[31.8548690000044,-18.3062549999683],[31.8575300004093,-18.2929420002731],[31.8522050003605,-18.274304999676],[31.8522050003605,-18.2601050004454],[31.8495439999557,-18.2503409998373],[31.8548690000044,-18.2325909996749],[31.8552529997262,-18.231182000349],[31.8575300004093,-18.2228290000583],[31.8610800004417,-18.2041910003144],[31.8637440000856,-18.1766789996361],[31.8690680000882,-18.1669170000195],[31.8699549996236,-18.1580419999383],[31.8628549995586,-18.1456159997785],[31.8739490003462,-18.1349669997272],[31.8872620000413,-18.1305290001132],[31.9032360001414,-18.1323030000834],[31.9174360002713,-18.1411800002568],[31.9360750000612,-18.1394040001944],[31.95737400021,-18.1402909997298],[31.9715740003399,-18.1456159997785],[31.9910999996653,-18.1447290002431],[32.0017499997628,-18.1420649996999],[32.0008620001812,-18.1358540001619],[31.9946489996516,-18.1207669995973],[31.9777869999701,-18.0905910001745],[31.9777869999701,-18.0781650000147],[31.9822249995841,-18.0701770003682],[32.0008620001812,-18.0577540003468],[32.0239370003923,-18.0400040001844],[32.0390240000576,-18.022254000022],[32.0558889998775,-18.0045029998136],[32.0740809997384,-17.9814279996024],[32.0820690002842,-17.9725530004206],[32.1086920004355,-17.9503649997449],[32.1344290001982,-17.9317280000471],[32.1441949999993,-17.9246290000283],[32.1424169998447,-17.9015539998172],[32.1441949999993,-17.8704920000058],[32.1468540003119,-17.858065999846],[32.1477429999396,-17.8429790001807],[32.156620000113,-17.8367669996973],[32.1637190001318,-17.8332169996648],[32.1752539996724,-17.8296659995862],[32.187678999786,-17.8225650003744],[32.1996610001551,-17.8216779999397],[32.2058749998315,-17.8163539999371],[32.2075650004245,-17.8157900000085],[32.1811900000185,-17.7963979996679],[32.1670910000497,-17.792872999889],[32.1547500002124,-17.8016869998551],[32.1424100004213,-17.8016869998551],[32.1353599999641,-17.79110900038],[32.1353599999641,-17.7681940003528],[32.144171999838,-17.7540910001995],[32.1459350002002,-17.7399880000461],[32.1424100004213,-17.732937999589],[32.0983389996452,-17.729411999764],[32.0577959996857,-17.7170709999267],[32.0085747686107,-17.7119808749174],[31.9868053834617,-17.713535830614],[31.898477783423,-17.669372031494],[31.6886997349049,-17.5700034816753],[31.590431632414,-17.5044914139476],[31.5893311850862,-17.5037577820959],[31.5553424109236,-17.462971252921],[31.5341264352868,-17.4375120825166],[31.4484142229381,-17.3917989025973],[31.4251176873315,-17.3793740832473],[31.4099390278639,-17.371278798078],[31.368512186788,-17.3491844833771],[31.2801845867493,-17.2829387837978],[31.2249798378493,-17.1946111837591],[31.1808160378299,-17.1614883344191],[31.1647137197624,-17.0809767431821],[31.1587341382699,-17.0510788348203],[31.1366522378106,-16.9406693352216],[31.0291639169813,-16.8439298463853],[31.0262427382119,-16.8413007863022],[30.9258473802524,-16.7839320095546],[30.8716694394931,-16.7529731862635],[30.7612599398944,-16.7750550867228],[30.6287685407356,-16.7971369862829]]]]},"properties":{"FID":3,"gez_name":"Region IIb","ID2":3,"ID3":2,"GlobalID":"b491ef3c-3bb2-4cae-83eb-ce381600aceb"}},{"type":"Feature","id":4,"geometry":{"type":"MultiPolygon","coordinates":[[[[30.807964902958,-20.8372601117647],[30.7920500980337,-20.8372601117647],[30.7681778901975,-20.8266502412156],[30.762872954923,-20.8239977735784],[30.7549155529105,-20.8107354362913],[30.7443056823614,-20.8054305010168],[30.7443056823614,-20.7842107608179],[30.7522630852732,-20.7736008902688],[30.7655254225602,-20.7497286824327],[30.7708303578348,-20.7232040069593],[30.7920500980337,-20.7205515393221],[30.8026599685828,-20.7364663451457],[30.8318371107941,-20.7470762147954],[30.850404384255,-20.7656434882563],[30.8716241244538,-20.7736008902688],[30.8769290597284,-20.7921681637298],[30.8769290597284,-20.7948206304676],[30.8663191891793,-20.808082968654],[30.850404384255,-20.8186928392031],[30.8450994489804,-20.8293027088529],[30.8318371107941,-20.8293027088529],[30.807964902958,-20.8372601117647]]],[[[30.1561455649659,-20.7045280531271],[30.1295734727376,-20.7127040821276],[30.0866493234076,-20.710660074203],[30.0621212382046,-20.6943080180006],[30.0539452092041,-20.6718239398229],[30.0457691811029,-20.6452518475946],[30.0355491459764,-20.6329878045435],[30.0314611310264,-20.6064157123153],[30.0478131881282,-20.5818876271123],[30.0662092522552,-20.5675795770358],[30.0743852803565,-20.5532715278587],[30.1213974437371,-20.5471395058834],[30.1602335790165,-20.5369194707569],[30.1908936852954,-20.5389634777822],[30.2195097854483,-20.5450954988581],[30.2276858135495,-20.5573595419093],[30.2399498557014,-20.5655355700105],[30.262433933879,-20.5716675910864],[30.2665219488289,-20.6064157123153],[30.2583459198284,-20.6268557834676],[30.241993863626,-20.6452518475946],[30.2399498557014,-20.6759119538735],[30.2195097854483,-20.6881759960254],[30.1827176571942,-20.7024840461018],[30.1561455649659,-20.7045280531271]]],[[[32.4919429997697,-20.6925899999285],[32.4941169777164,-20.7169328148975],[32.4927859631018,-20.716045471821],[32.4722324991306,-20.697360504084],[32.4699533436719,-20.6938151517478],[32.4471754785656,-20.653953887362],[32.4287779719259,-20.5956951172358],[32.4257117208193,-20.5589001039566],[32.4195792186061,-20.5129063373576],[32.4195792186061,-20.457713818338],[32.4165129674995,-20.4331838094852],[32.4349104741391,-20.3657262860392],[32.4563742318853,-20.3411962771864],[32.4839704909455,-20.3227987705468],[32.4870367420521,-20.344262528293],[32.4809042398388,-20.3810575415723],[32.4778379896316,-20.4301175583786],[32.4809042398388,-20.4515813161248],[32.4809042398388,-20.5486792666348],[32.4839704909455,-20.5680988572764],[32.4931692442653,-20.601827619449],[32.4973155460756,-20.6142665239809],[32.4920460000229,-20.6185450000517],[32.4846489997516,-20.6586990000588],[32.4852559998645,-20.6686720004125],[32.4856409996325,-20.6736370000475],[32.4919429997697,-20.6925899999285]]],[[[28.5941329997382,-20.0874739999251],[28.6061000003148,-20.0967210000741],[28.6055560004091,-20.0929139998812],[28.6082739998453,-20.0893779995949],[28.60718700008,-20.0891069996882],[28.60718700008,-20.0863870001599],[28.608817999751,-20.0839399997312],[28.6104500003673,-20.0844839996368],[28.6107230003662,-20.0863870001599],[28.6131699998956,-20.0869310000655],[28.6153460004176,-20.0880179998308],[28.6175209999942,-20.087746999924],[28.6188809997584,-20.0885629997826],[28.6194259997102,-20.0891069996882],[28.6229609999502,-20.0896509995939],[28.6259530003308,-20.0937299997397],[28.6286709997669,-20.0950900004032],[28.6267680001432,-20.0994409996024],[28.627040000096,-20.1008010002659],[28.6303040004293,-20.1005280002669],[28.6313910001946,-20.1005280002669],[28.6326139999362,-20.1040639996538],[28.6345189996522,-20.1035209997943],[28.6399570004153,-20.0918270001159],[28.6464840001365,-20.0929139998812],[28.6562760002373,-20.068165999861],[28.6679699999156,-20.0678919998159],[28.6617140001011,-20.0839399997312],[28.6622580000068,-20.0861160002532],[28.6606270003359,-20.0891069996882],[28.6576360000014,-20.0893779995949],[28.6570910000497,-20.1013450001716],[28.6519240000926,-20.1141259996152],[28.6535559998096,-20.1138549997085],[28.6568200001429,-20.111408000179],[28.6690569996808,-20.1141259996152],[28.6725919999209,-20.1133109998028],[28.6766730001589,-20.1141259996152],[28.6564614251547,-20.1457625268191],[28.6135264758662,-20.1529183514007],[28.5545088173281,-20.1251453359884],[28.5376794126748,-20.117225616469],[28.5077399781176,-20.0698215114536],[28.507550260736,-20.0641299819131],[28.5132249999339,-20.0602790003756],[28.5249189996122,-20.0466820001742],[28.5295419996636,-20.0458660003156],[28.5521160001533,-20.0442329996532],[28.5712890002872,-20.035802000262],[28.5799919996311,-20.035802000262],[28.5835259998251,-20.0385219997904],[28.583798999824,-20.0559270002308],[28.5832549999184,-20.0629989999039],[28.578358999868,-20.0708860002886],[28.5769990001038,-20.0727899999585],[28.5748229995818,-20.0768680000581],[28.5848859995892,-20.0784999997751],[28.5949489995967,-20.0855710003014],[28.5941329997382,-20.0874739999251]]],[[[29.0111919996111,-19.9746969999665],[29.0189009998813,-20.0106709996668],[29.0381709999917,-20.002962000296],[29.0561580002915,-20.1018900001234],[29.0689430098121,-20.1040211109855],[28.95973805137,-20.1100880535208],[28.8169055053848,-20.1130030035857],[28.8595230002863,-20.0768429998046],[28.8160609997154,-20.046631999667],[28.895034000219,-20.0408029997586],[28.9541299995998,-19.9819709999616],[28.9799339997543,-19.9546029996287],[28.9826770003434,-19.9563670000369],[29.0111919996111,-19.9746969999665]]],[[[30.9246777094088,-19.969073099444],[30.937050906774,-19.9724043447847],[30.9712746944716,-19.9724043447847],[30.9971560003492,-19.9717459996781],[30.9989273050512,-19.9717459996781],[31.0096580004164,-19.9717459996781],[31.0315390004246,-19.9670580002265],[31.0635770002784,-19.9897190002316],[31.0987410003969,-19.9842489997915],[31.1503139999912,-20.0061299997996],[31.1682869996454,-20.0170699997806],[31.1854780001097,-20.0280089997155],[31.1956360000015,-20.0280089997155],[31.2018869995854,-20.0201960000453],[31.2073570000256,-20.0030040004342],[31.2128269995664,-19.9819059996621],[31.2194690000943,-19.9748719999428],[31.2905799995674,-19.9498669997622],[31.3085510000287,-19.9522109999377],[31.3437150001472,-19.9326760001972],[31.358562000436,-19.9334580002865],[31.3759642957157,-19.9352888338126],[31.3706683482657,-19.9953560245609],[31.3804831668647,-20.0149856626582],[31.4032469998492,-20.002527000021],[31.403092999942,-20.0032920002256],[31.4204000003598,-20.0135169996098],[31.4259768114807,-20.01594513496],[31.4452973831678,-20.0188432209379],[31.461871377662,-20.0203499477918],[31.4865901838899,-20.0115218023892],[31.5208544221939,-20.0096182334946],[31.5532150916032,-20.0096182334946],[31.5836721930173,-20.0134253712838],[31.6122257246375,-20.0134253712838],[31.6712363576718,-20.0229432157568],[31.7473791098581,-20.0229432157568],[31.7569797180396,-20.0289435949709],[31.7645112290101,-20.0305574904358],[31.7759326423776,-20.0362681971196],[31.7892576237404,-20.0553038851661],[31.7857677478833,-20.0657735136367],[31.7873540548458,-20.0705324354235],[31.7733669620158,-20.0780639472933],[31.7664147979046,-20.0838574176856],[31.7649951497065,-20.0836799616608],[31.7604747649984,-20.0856635980965],[31.7592706537177,-20.0883625993544],[31.7580404917753,-20.0943606304387],[31.7528300185905,-20.0944635794306],[31.7489934981515,-20.0934585987353],[31.7448590961704,-20.0927307989871],[31.7411078386559,-20.0904244282447],[31.7408788433839,-20.0903194278993],[31.7405528481355,-20.0901694281765],[31.7404728489429,-20.0901704282226],[31.740390849658,-20.0900944283152],[31.7402288520799,-20.0900204276006],[31.7400668554011,-20.0900224276928],[31.7399028568314,-20.0899454277393],[31.7398228594375,-20.089871427924],[31.7395788616752,-20.0897974281088],[31.7392518672799,-20.0897224282474],[31.7390898697018,-20.0897244283397],[31.738847872931,-20.0896504276251],[31.7384418802886,-20.0896554278557],[31.737956886701,-20.0896594289394],[31.7376328924441,-20.0896634291239],[31.737226898003,-20.0896674293083],[31.7369029028467,-20.0896714303922],[31.7267020619507,-20.0901554401214],[31.7252450837937,-20.0901704408132],[31.7248410912434,-20.0902514409512],[31.7247590919586,-20.0902514418505],[31.724516096041,-20.0902544419889],[31.7239501041141,-20.0902604422656],[31.7237881074353,-20.0902604422656],[31.7213521425874,-20.0891374417395],[31.720217161293,-20.0889964433312],[31.718918181429,-20.0887784440699],[31.717783198336,-20.0885614439554],[31.7176212007578,-20.0885634440477],[31.7173772038949,-20.0885644449931],[31.7169712112524,-20.0884924452701],[31.7164042192794,-20.0884984446475],[31.7162422217012,-20.0885004447397],[31.7159182274443,-20.0885034457774],[31.7156762306736,-20.0885824458232],[31.7154342339028,-20.0885844459154],[31.7152712371779,-20.0885854468609],[31.7151912379853,-20.0885874469531],[31.7151112387927,-20.0886644469066],[31.7149492421139,-20.0887424469063],[31.714789244628,-20.088820446906],[31.7146292471421,-20.0889754477587],[31.714467249564,-20.0890534477584],[31.714306252032,-20.0891314477581],[31.7142262537387,-20.0892854485646],[31.7140642561606,-20.0893644486104],[31.7139042586746,-20.0895184503162],[31.7137442620881,-20.0896734502694],[31.7135032653634,-20.089827451076],[31.7130232729058,-20.0902934518813],[31.7127802769883,-20.0904474517884],[31.7126202804017,-20.0905254526875],[31.7123782836309,-20.090682452733],[31.7122182861451,-20.090760453632],[31.7120582886591,-20.0909144544385],[31.7118952919342,-20.0910694552911],[31.7116552952557,-20.0912234551983],[31.7114952977698,-20.0913784551515],[31.711333301091,-20.0914564560505],[31.7111733027058,-20.0916104559577],[31.7110923052657,-20.0916894560036],[31.7108503075956,-20.0917674569026],[31.7104483151377,-20.0919254578935],[31.7100433207427,-20.0920054579855],[31.7097213256787,-20.0922384588378],[31.7096413282847,-20.0922384588378],[31.7095593289999,-20.09224045893],[31.7052853972034,-20.0938904657723],[31.7052853972034,-20.0939664656798],[31.7052043979646,-20.0939664656798],[31.7052043979646,-20.0940424655873],[31.7050424012858,-20.0940444665789],[31.7048004036158,-20.0941244666707],[31.7046404070292,-20.0942034667166],[31.7045584077444,-20.0942034667166],[31.7045604078366,-20.094279466624],[31.7043984111578,-20.0943574684224],[31.7041554152403,-20.0944354684221],[31.7038334201762,-20.0945924693669],[31.7035114251123,-20.0947484693663],[31.7031884300021,-20.0948284703576],[31.7030264333233,-20.0949064703573],[31.7029464341307,-20.0949854704031],[31.7028664349381,-20.0950614712099],[31.7027864357455,-20.0950634713021],[31.7023014439565,-20.0952194713015],[31.70214144737,-20.0953744721541],[31.7020594480851,-20.0953764722464],[31.7018974496077,-20.0953774722925],[31.7016554537362,-20.0953794723847],[31.7005224716348,-20.0953914729381],[31.7000364789004,-20.0953954740219],[31.6997114836981,-20.0953984741602],[31.6995494870193,-20.0954004742524],[31.6994674877344,-20.0954004742524],[31.6993054910556,-20.0953264744372],[31.6989774948156,-20.0950234739541],[31.6987334988519,-20.0947964742778],[31.6982415058409,-20.0943424731266],[31.6979155105924,-20.094115472551],[31.6976705136833,-20.0938884728747],[31.6975045168201,-20.0936594731061],[31.6973425192419,-20.093508472438],[31.69717652058,-20.0932814718624],[31.6970945230938,-20.0931294720475],[31.697012523809,-20.0929764721864],[31.6969305254235,-20.0929004722789],[31.6969285253312,-20.0927474706192],[31.6967625266693,-20.0924424709432],[31.6967615266232,-20.0922894701829],[31.6966795282377,-20.0920614695611],[31.6965955288606,-20.0918324697926],[31.6965135295758,-20.0916794690322],[31.696429531098,-20.0914504692637],[31.6964275310058,-20.0913744693563],[31.696345531721,-20.0912214685958],[31.6958575388944,-20.090920468205],[31.695368546921,-20.0906974678139],[31.6949605532869,-20.0904704681375],[31.6945545588459,-20.0903214675616],[31.694472559561,-20.0903234685532],[31.6760489069316,-20.088631166595],[31.6731399265664,-20.0876645545755],[31.6709720532177,-20.0881648330406],[31.6655256509881,-20.0876645545755],[31.6464899629415,-20.0933752612593],[31.6440425173483,-20.0939191379578],[31.6179364313213,-20.0971823990485],[31.601756096167,-20.1057484586244],[31.5874793308065,-20.1105073804112],[31.5837515078259,-20.1142352024926],[31.5495088037883,-20.1127463892344],[31.5559816895034,-20.1167914930329],[31.5568769996739,-20.1173509999487],[31.5447695384835,-20.125673063561],[31.5411168151889,-20.1287169988904],[31.5268400489292,-20.1394245735851],[31.5097079297772,-20.1437076038228],[31.5009124225703,-20.1507440101279],[31.494717325744,-20.1544151785176],[31.4873707396679,-20.1625350889232],[31.4868651039415,-20.1629812380936],[31.4804405594843,-20.1694057825508],[31.4825820746031,-20.180827195019],[31.4840097510492,-20.1922486083865],[31.4882927812869,-20.2115222426573],[31.4918909373169,-20.2242844381763],[31.4854374274954,-20.2436449658425],[31.46759147057,-20.2465003187347],[31.4625946025589,-20.2422172893964],[31.4404656144966,-20.2300820382554],[31.4313723012907,-20.2248858588952],[31.3976560693721,-20.2233533035121],[31.39726062218,-20.2236574937983],[31.3969214779439,-20.2236574937983],[31.3957909995551,-20.2247879721871],[31.3775361829485,-20.2388301386],[31.3543209298671,-20.2481162394728],[31.3375426462762,-20.256505381718],[31.3212546182061,-20.2579217321022],[31.3098562796437,-20.2601278617114],[31.3063427399256,-20.2604977079029],[31.3029771386841,-20.2614593088999],[31.2991256310431,-20.2622047614406],[31.2973123666724,-20.263077815189],[31.2738413850719,-20.269783809675],[31.2717199707001,-20.2710566579383],[31.2662890691852,-20.2707708210165],[31.258564142821,-20.2789501550256],[31.258364549984,-20.2790699105479],[31.2475307653326,-20.2899036960986],[31.2387073629545,-20.2967663416933],[31.2327386686547,-20.2993243535361],[31.2267733989733,-20.3052896232175],[31.2196724609154,-20.3100235816229],[31.2014306332172,-20.3157841593115],[31.1884806943286,-20.3178841491341],[31.176094200487,-20.333481956527],[31.1685989034167,-20.340977252698],[31.1701420528136,-20.340977252698],[31.1692070600578,-20.342154651416],[31.1734900902955,-20.3564314176758],[31.166026814486,-20.3640132025472],[31.1717649792704,-20.3705547559972],[31.1695995250981,-20.3714832295673],[31.1614592603366,-20.3747292902245],[31.1564073385279,-20.3755712768929],[31.1387930001969,-20.3785070003977],[31.1262069998532,-20.384011999754],[31.1175530000709,-20.3847980000276],[31.1144079998294,-20.3792929997721],[31.1081140000611,-20.3651329996881],[31.0971010003109,-20.3486149996825],[31.0955289997636,-20.3336690002241],[31.0978879997314,-20.3195110002324],[31.1045739995905,-20.3069239998427],[31.1030019999424,-20.3006320001666],[31.1045739995905,-20.2880449997769],[31.1101525338124,-20.2829309995659],[31.0640942534471,-20.2892731103657],[30.9831925785747,-20.3249650251158],[30.9109841831736,-20.3177441858455],[30.7749897411837,-20.1465054495668],[30.7723199382146,-20.1412810593733],[30.6920851816859,-20.002006872619],[30.7035348031887,-19.9104098969991],[30.7063619470463,-19.8877927443396],[30.7521337834474,-19.9010072331972],[30.763425269061,-19.9118249370711],[30.7809582646123,-19.9286222629071],[30.803801090448,-19.945754382059],[30.8418724665411,-19.9552722256327],[30.8742331359505,-19.9590793634218],[30.9104009431491,-19.9666936390002],[30.9246777094088,-19.969073099444]]],[[[31.3110609997654,-20.0874590001327],[31.3120649408444,-20.0893656725877],[31.3126885586301,-20.088742054802],[31.31404173254,-20.0876595156741],[31.3162577501951,-20.0858867010104],[31.3226822946522,-20.080175995226],[31.3255376484438,-20.0751791263156],[31.3271849672125,-20.0730376120961],[31.3298206777821,-20.0701822583046],[31.3348175457932,-20.0601885222824],[31.3333898693471,-20.0430564031304],[31.3327987935295,-20.0411649588957],[31.3327266193381,-20.0411228571341],[31.3055530002708,-20.0559949997694],[31.3110609997654,-20.0874590001327]]],[[[31.2599309999158,-20.1197099999165],[31.2551294637538,-20.158811215765],[31.2612922011742,-20.1572705314098],[31.2684305843041,-20.1572705314098],[31.2748551287613,-20.1565566927371],[31.2791381589989,-20.1537013398449],[31.2877042185749,-20.1487044718339],[31.2890922367174,-20.1464836419065],[31.2927010865859,-20.1444214415962],[31.305014797395,-20.1272893224443],[31.3076916906191,-20.1251478082247],[31.3086756298765,-20.1221959895532],[31.3091193670652,-20.1215786166598],[31.3093118408688,-20.1198078578463],[31.3024080000292,-20.1236429996247],[31.2748770002734,-20.1189229995967],[31.2599309999158,-20.1197099999165]]],[[[30.9733507308516,-19.7182425589469],[30.9791829997957,-19.7310690002341],[30.9744940002979,-19.7209110003424],[30.9733507308516,-19.7182425589469]]],[[[32.0385190667016,-18.5209627812073],[32.0405467141596,-18.5432669059429],[32.0611545475444,-18.5815385979279],[32.0817623818285,-18.6080343835799],[32.0834696152306,-18.6099550216069],[32.0843681899401,-18.6126507439366],[32.1078553980083,-18.6428485842947],[32.1246319755853,-18.6764017394487],[32.1447638688575,-18.7300867878749],[32.1581851307392,-18.7468633654519],[32.1883829710973,-18.7535739959431],[32.2219361262513,-18.7602846273337],[32.2374422414663,-18.7645135678469],[32.2436810750216,-18.7670091010891],[32.2626888858834,-18.779680974997],[32.26509861391,-18.7780192922565],[32.2663451426143,-18.7786010061315],[32.3052393794938,-18.7969041756871],[32.346421512343,-18.8106315533035],[32.3501965416372,-18.8156649256957],[32.3715883716061,-18.8312226197281],[32.3853157492225,-18.8518136861526],[32.3898915411618,-18.867828960638],[32.3990431268389,-18.8907079230321],[32.4155778596306,-18.9237773886155],[32.4159809996235,-18.9221889997225],[32.4413519995952,-18.8696319997169],[32.4866599998592,-18.8436559997246],[32.4890779998499,-18.8116369998476],[32.5114279999023,-18.7838489999314],[32.5159600002539,-18.7784110000675],[32.5165630001824,-18.7633089997106],[32.5056909997399,-18.7584759998675],[32.4881700002454,-18.7566639999436],[32.4803159995838,-18.7566639999436],[32.4792170001645,-18.75632200036],[32.4627990002737,-18.7512260000798],[32.4489019997276,-18.7409569995658],[32.4398420001083,-18.7409569995658],[32.4283629995529,-18.7494140001559],[32.4168849999429,-18.7500190001767],[32.3957399997013,-18.742769000389],[32.3739920004305,-18.7397489996166],[32.3661419999534,-18.7367279996974],[32.3588900000735,-18.7276659999859],[32.3576810000781,-18.7149790003805],[32.3558690001543,-18.7125639996289],[32.3455999996403,-18.7131669995574],[32.3407659997511,-18.7222300002143],[32.3377490000164,-18.7288739999351],[32.3323090000604,-18.735518999702],[32.3286528854224,-18.7397660453667],[32.3261124103595,-18.7257934334202],[32.317280481509,-18.6845777666506],[32.3113925292419,-18.6139223358471],[32.3113925292419,-18.5844825736119],[32.302931714627,-18.5449987699772],[32.2923977522545,-18.5455444336287],[32.3025606003915,-18.5432669059429],[32.3143365058251,-18.5197150959749],[32.3349443392099,-18.5020512391733],[32.3643841014452,-18.49910726259],[32.3661438291744,-18.49910726259],[32.4031231639029,-18.4952147008977],[32.432608594611,-18.4821100651274],[32.4377279997474,-18.4872299999645],[32.4558520000698,-18.4944799997521],[32.4842450000068,-18.5174349998254],[32.4742769998837,-18.534954000127],[32.4742769998837,-18.5440169998846],[32.4718579998469,-18.5470369997577],[32.4668448756905,-18.5605794111109],[32.4694555329465,-18.5625374042777],[32.4877357086361,-18.5675229066568],[32.5026922166725,-18.5708465752093],[32.5209723923621,-18.5675229066568],[32.5235088762337,-18.5649864227851],[32.5305935383611,-18.5653800155752],[32.5508854084349,-18.5691847413827],[32.560856413193,-18.5741702437617],[32.5641800817454,-18.5769399677053],[32.5724892526769,-18.5907885856247],[32.577474755056,-18.6173779322457],[32.577474755056,-18.6273489379031],[32.5750257365486,-18.6420430507462],[32.5717770381798,-18.6512476955247],[32.5670289397339,-18.6591611917356],[32.5628506139647,-18.6649063901178],[32.5575327446405,-18.6688947925606],[32.5425762375034,-18.6705566263872],[32.5409935377216,-18.6713479758284],[32.5259578956404,-18.6705566263872],[32.5093395537774,-18.6788657973186],[32.5126632214306,-18.7071169786656],[32.522634227088,-18.7320444914601],[32.5286168303026,-18.7484966494008],[32.5342670665719,-18.7569720042545],[32.5379918669312,-18.7666564859081],[32.5425762375034,-18.7752521799441],[32.5542090760881,-18.798517858912],[32.5724892526769,-18.8284308740855],[32.5843926226215,-18.8511554903336],[32.5857839259875,-18.85335838688],[32.599078599298,-18.8666530601905],[32.6073877702295,-18.8733003972955],[32.6223442782659,-18.8832714020535],[32.6261427564831,-18.8861202609413],[32.6276230450675,-18.8898209837514],[32.6173587758868,-18.9015515777431],[32.6078409979638,-18.9068392325445],[32.6057259364029,-18.908198914848],[32.5957549307455,-18.913184417227],[32.5682591286559,-18.9118750933608],[32.5550399939007,-18.9154001965618],[32.5458999051565,-18.9214935881585],[32.5187566139267,-18.9214935881585],[32.5093395537774,-18.9231554219851],[32.4744410353256,-18.9231554219851],[32.4591346676308,-18.9262166962435],[32.4528371910836,-18.9314645929166],[32.4245860097366,-18.9414355985739],[32.4106236266791,-18.9432972491687],[32.4057079998244,-18.9626650001896],[32.4141689996997,-18.9687059999819],[32.4274590001328,-18.9693099999565],[32.4398256018701,-18.9676970811553],[32.4448010516273,-18.977647981569],[32.4470889484962,-19.0142543215797],[32.4478733695604,-19.0164114804055],[32.4539526373044,-19.0508606615902],[32.4539526373044,-19.0645880392066],[32.4791194956682,-19.0806033127926],[32.5157258365782,-19.0920427944393],[32.5386047989724,-19.1103459648943],[32.5546200725584,-19.12864913445],[32.5546200725584,-19.1446644089353],[32.5706353461443,-19.1675433713295],[32.5820748277911,-19.2018618153704],[32.5866506206297,-19.2361802594114],[32.5729232430133,-19.2636350146441],[32.5729232430133,-19.2796502882302],[32.5797869318215,-19.307105043463],[32.5723300843659,-19.3238829493386],[32.5706353461443,-19.3391355915343],[32.5683474501747,-19.352100336861],[32.5683474501747,-19.3643024498981],[32.5660595542051,-19.3894693091613],[32.5660595542051,-19.4031966867776],[32.5642292368898,-19.4196695399173],[32.5683474501747,-19.4649698860513],[32.5698415865201,-19.4858877948858],[32.5709078380264,-19.4877537352467],[32.5634973704074,-19.4867137214611],[32.5683675113516,-19.4893701614038],[32.5781716289176,-19.5011351023031],[32.5877974882635,-19.5155738922213],[32.594214728427,-19.5316169926301],[32.6086535192446,-19.536429922303],[32.6279052388358,-19.5476600921395],[32.6359267894898,-19.5556816427936],[32.6359267894898,-19.5749333632841],[32.6311138589175,-19.58455922263],[32.6102578288358,-19.5957893933658],[32.6022362790811,-19.610228183284],[32.5958190389176,-19.6214583531204],[32.5926104188358,-19.6342928334474],[32.5894017987541,-19.6503359338562],[32.5894017987541,-19.6744005840197],[32.5974233485088,-19.6968609245919],[32.6214879986723,-19.7369686751642],[32.6295095493263,-19.7433859153277],[32.6327181694081,-19.7498031545919],[32.6583871291627,-19.7578247052459],[32.6728259199803,-19.7594290148371],[32.6904733299803,-19.7642419454094],[32.6904733299803,-19.7834936650006],[32.693681950062,-19.7915152156546],[32.6920776395714,-19.8043496959816],[32.6888690194897,-19.8171841754093],[32.6728259199803,-19.8476660666356],[32.6615957492445,-19.863709166145],[32.6567828195715,-19.8701264063085],[32.6455526497351,-19.8797522665538],[32.630472135081,-19.8986831251261],[32.6279052388358,-19.9006082966355],[32.6102578288358,-19.907025536799],[32.5991170003493,-19.9139885548279],[32.5991170003493,-19.9120800000919],[32.5897589995782,-19.9092730001488],[32.5766559996747,-19.9139530001308],[32.571978999831,-19.9186320000667],[32.5663639998987,-19.9214379999637],[32.5541990000838,-19.9214379999637],[32.5373530002408,-19.9139530001308],[32.5168286455256,-19.9132796048698],[32.5139992272826,-19.9038169167173],[32.4980917032696,-19.8821248381907],[32.4941057838549,-19.8752601987991],[32.4899345771191,-19.8669177862268],[32.4878064106374,-19.8477642896902],[32.487314204487,-19.8312753656655],[32.4899345771191,-19.8011410758999],[32.4858331235998,-19.7816591721331],[32.4851216474461,-19.7578247052459],[32.4963518172826,-19.6920479940197],[32.4963518172826,-19.6423143841015],[32.4765263850846,-19.5932725246073],[32.4797163793075,-19.5859797656536],[32.4722558068601,-19.5747889069824],[32.4631042220822,-19.5587736333964],[32.4631042220822,-19.5456999397004],[32.4539526373044,-19.5313188781636],[32.4539526373044,-19.5198793965169],[32.4539526373044,-19.5164253739318],[32.4585284292436,-19.4901367453145],[32.4585284292436,-19.4558183012736],[32.4562405332741,-19.4100603755858],[32.4562405332741,-19.3986208939391],[32.4516647404355,-19.3803177243834],[32.4493768444659,-19.3505750722818],[32.4585284292436,-19.3368476946653],[32.4653921180519,-19.3162566282408],[32.4539526373044,-19.2956655627155],[32.4516647404355,-19.2750744962909],[32.4516647404355,-19.256771325836],[32.4470889484962,-19.222452881795],[32.4524441342894,-19.2028172002536],[32.4425131556577,-19.1789828529762],[32.4059068156471,-19.1675433713295],[32.3916074638134,-19.1646835011426],[32.3876036451921,-19.1629675784909],[32.3532852011512,-19.1561038896827],[32.3212546530798,-19.1561038896827],[32.2823604170996,-19.1698312672991],[32.2549056618669,-19.1812707489459],[32.2205872178259,-19.1858465417844],[32.2068598402095,-19.1868270681147],[32.1753783876026,-19.1958217688595],[32.1673635252066,-19.2004971049574],[32.1378961097178,-19.2332386786221],[32.135935056158,-19.2361802594114],[32.1260208381912,-19.2560086935463],[32.1199197816726,-19.2819381850991],[32.1039045080867,-19.2933776658466],[32.0604344792679,-19.2933776658466],[32.0578562065987,-19.2933776658466],[32.0575590004476,-19.2930390000498],[32.054617999721,-19.2884899998136],[32.0511889998725,-19.2834890003171],[32.0472669997723,-19.2775800003167],[32.0433499999026,-19.2716690002241],[32.0394210003789,-19.2652999996952],[32.0360410000922,-19.2630500002572],[32.0340799995923,-19.2598700002003],[32.0311199997882,-19.2543999997602],[32.0286399996363,-19.2484679995985],[32.0256500002474,-19.2397990000238],[32.0246079998594,-19.2343099996068],[32.0235590000478,-19.2279090003001],[32.0220479996156,-19.2224290002981],[32.0195500004322,-19.2151199995883],[32.0194700003403,-19.2096289999783],[32.0208280000122,-19.2041089999304],[32.0222200003528,-19.2008889998275],[32.0245469997443,-19.1962790003755],[32.0263589996682,-19.1884699999905],[32.0286170003743,-19.1788099996817],[32.0294870000251,-19.1728489999813],[32.0322869996454,-19.1673099999565],[32.0235709997019,-19.160538999775],[32.0206600003588,-19.1582870002448],[32.0177569995859,-19.1560280003919],[32.0143580002216,-19.1523990003136],[32.0296510003934,-19.1396689996246],[32.0447539998972,-19.1300039999846],[32.0520010004458,-19.1287949999892],[32.0640830000305,-19.1257760001622],[32.0725439999057,-19.1197350003699],[32.0737489997166,-19.1142969996068],[32.0761679997535,-19.1046309999207],[32.0803940003829,-19.0955690002091],[32.0870430003342,-19.0901330004376],[32.0973089998105,-19.0804669998521],[32.1090919999959,-19.068988000196],[32.1115069998482,-19.0647600003737],[32.1102979998529,-19.0581149997074],[32.1090919999959,-19.0514689998944],[32.1121099997767,-19.0490529999959],[32.1175489996866,-19.0466360000513],[32.1217760003622,-19.0448240001275],[32.1260070003229,-19.0424060001367],[32.1296310001705,-19.0363670004366],[32.135065999896,-19.0230770000035],[32.1374849999328,-19.0061619996765],[32.1392969998567,-18.9989119998888],[32.1435239996329,-18.9958909999696],[32.1556090002552,-18.9880370002073],[32.1695019997176,-18.9723319999218],[32.1676899997937,-18.9590410003419],[32.1722220001453,-18.9536029995787],[32.1746359999515,-18.9475629998325],[32.1752430000644,-18.9397100001163],[32.1758459999929,-18.9318560003541],[32.1824909997599,-18.9215849997479],[32.1800759999075,-18.9173559998794],[32.1824909997599,-18.9125250001286],[32.1885329995983,-18.9082960002602],[32.1957810001931,-18.9010459995732],[32.1975930001169,-18.8925889998824],[32.1997844096229,-18.8874738962033],[32.1950936015885,-18.8877866165591],[32.1716063935203,-18.8710100389821],[32.1112107137035,-18.8441675152186],[32.1078553980083,-18.8609440927956],[32.1055673239729,-18.8601814011507],[32.0699864763948,-18.8464964598437],[32.0535418394844,-18.8391877325278],[32.0441044033956,-18.8273909376416],[32.0107880253472,-18.8092183676335],[32.0044528797966,-18.7997156488581],[31.9937746706646,-18.7703505735201],[31.9501555684248,-18.7233761564844],[31.913155459357,-18.6933135669675],[31.8874599489176,-18.6816337900673],[31.8550762100991,-18.6610259566825],[31.8444645121276,-18.638660659162],[31.8394301567764,-18.6160060596319],[31.8408448452135,-18.6131766827577],[31.8403563289814,-18.6109783601631],[31.8580201866823,-18.5727066690775],[31.8608298396255,-18.5675556374826],[31.8756840443832,-18.540322930259],[31.8787804119865,-18.5358995473262],[31.8729833119303,-18.5220572255605],[31.8861475457726,-18.5253750710026],[31.896291877768,-18.5108831671244],[31.9074969178485,-18.5052806479835],[31.9400896222383,-18.5052806479835],[31.9669321460018,-18.498570016593],[31.9904193549693,-18.481793439016],[31.9913896937794,-18.4811465467757],[32.0050331052936,-18.4765987426378],[32.013170767417,-18.4793112966789],[32.0199388807748,-18.4843873814725],[32.0341665062793,-18.5057288197292],[32.0385190667016,-18.5209627812073]]],[[[25.3357350002701,-17.8505929996671],[25.3396679999782,-17.8511839999416],[25.3688979998429,-17.849029000388],[25.3746659996363,-17.8502039997148],[25.3826520000898,-17.8518290000083],[25.3845129995753,-17.859756000439],[25.3898270000161,-17.8641430003991],[25.4038310001006,-17.8617590001777],[25.4082539999222,-17.8613540003868],[25.4092629996877,-17.8614149996025],[25.4157690002392,-17.8618200002927],[25.4232920000258,-17.8617089996706],[25.4288059997971,-17.8603089998604],[25.4509080001042,-17.8549380003884],[25.4620529996463,-17.8605300001593],[25.4700519998,-17.8646620000512],[25.4785860003437,-17.8689800004266],[25.4867399995514,-17.8749460003576],[25.4882390003297,-17.8758220002851],[25.4907910002045,-17.8775479998403],[25.4933599999641,-17.878092999792],[25.497624999694,-17.8790279997423],[25.5014659996562,-17.8792950003639],[25.5059749998464,-17.8792989996491],[25.5082349997455,-17.8786310003204],[25.5090440001805,-17.878395000229],[25.5113159997337,-17.8776770003932],[25.5128339995895,-17.8769259999349],[25.5164520000598,-17.8748240001274],[25.5186760000974,-17.87272200032],[25.5217509998088,-17.8689380002884],[25.5249879997964,-17.8654319995871],[25.5285319995522,-17.8603930001368],[25.5319360000464,-17.8575090002401],[25.5365840003514,-17.8547050004354],[25.5441599998841,-17.8523899997986],[25.5451460003877,-17.8523440003753],[25.547267000172,-17.8522450003065],[25.5496520004395,-17.853202000372],[25.552657999667,-17.8541789995612],[25.5555069997483,-17.8548029995587],[25.5595950003091,-17.8547240004123],[25.5650530001959,-17.8544149996525],[25.5694349999254,-17.8560519996001],[25.57270399959,-17.8581730002837],[25.5771020000573,-17.8588099999815],[25.5841519996151,-17.8584440001904],[25.5902229998916,-17.8555899998785],[25.5945329998981,-17.8532390002796],[25.5993109999028,-17.8536450001166],[25.602401000306,-17.855311999649],[25.6052319995572,-17.8550639999036],[25.609230999611,-17.854105999792],[25.6314797980543,-17.8451701012191],[25.6384479476147,-17.928787891448],[25.6384479476147,-18.0550545530252],[25.6533028493471,-18.1293290598882],[25.6533028493471,-18.1367565103047],[25.6660356217466,-18.1876876008021],[25.6978675527454,-18.240740819733],[25.733806180311,-18.3072790813645],[25.7795695100249,-18.3595800299943],[25.8464165664714,-18.4264270864409],[25.8686989186202,-18.478419241155],[25.9132636220186,-18.5378388462857],[25.9206910733344,-18.6046859027322],[25.9150766291831,-18.6720592325475],[25.9281185237509,-18.7309525643093],[25.8917416376665,-18.7768154399805],[25.8686989186202,-18.8275094224219],[25.8584869782915,-18.8458909148338],[25.8610344078117,-18.8630498913394],[25.8534660003557,-18.8606090000053],[25.8511002329894,-18.8591870567373],[25.8456529997862,-18.8559130001848],[25.8256720001627,-18.8459029999234],[25.8196290002782,-18.843729000393],[25.8219369996928,-18.8266650003894],[25.8206949999743,-18.8166479998053],[25.8114279998024,-18.8063899997986],[25.8007120002587,-18.7879559995697],[25.7900159998385,-18.757114000011],[25.7931250002187,-18.7423609995605],[25.7875630000325,-18.7284369995678],[25.7866070000131,-18.7155850004474],[25.7900270003458,-18.704734000074],[25.7908569999506,-18.6973680003329],[25.7972370000875,-18.6901429998995],[25.7910479997655,-18.6812829996107],[25.7846869996054,-18.6630070003727],[25.785471999833,-18.6491410003569],[25.7859629999925,-18.6404739999751],[25.7836870002549,-18.634536000436],[25.7777859997241,-18.6281999996302],[25.7550790002957,-18.6122549999682],[25.7489099999966,-18.604311999699],[25.7409380001886,-18.6032920003255],[25.7295340003939,-18.5991069997882],[25.7162890002372,-18.5997770001084],[25.7102260003297,-18.5978050000007],[25.6952739996954,-18.5835679999632],[25.6740890003072,-18.5572490003411],[25.6643730001139,-18.5390239998577],[25.6606399997362,-18.5321900003682],[25.6498769998237,-18.5089240003423],[25.6434530003558,-18.499604999571],[25.6363900001984,-18.4951190004415],[25.6204370001675,-18.4919180003154],[25.60929099968,-18.4879530000309],[25.6021739997303,-18.4802489999913],[25.5937269996014,-18.4680529996462],[25.5821780003145,-18.4513770004482],[25.560527000121,-18.4239079999542],[25.5280220003151,-18.3913470002638],[25.5223349997605,-18.3856520002396],[25.518621000259,-18.3792760002871],[25.5135019998175,-18.3607440000355],[25.4915540003169,-18.2988159995587],[25.4900660000459,-18.2960810002379],[25.466597999698,-18.2580599996692],[25.4620909996,-18.237949000346],[25.4614159999485,-18.2349369999425],[25.4530180002806,-18.2210459996731],[25.4478979997929,-18.2167559996896],[25.4431510003184,-18.2055679999632],[25.4290399997962,-18.1800440001305],[25.4205300003593,-18.1588050000507],[25.3961789997611,-18.1233170002793],[25.3891310002955,-18.1183640002984],[25.3722780001297,-18.1163000004446],[25.3669309999657,-18.1124720001826],[25.361614000286,-18.0948600000889],[25.356257999707,-18.0903390002446],[25.328017999631,-18.0817689998394],[25.3221929999071,-18.0779429996696],[25.3171969997418,-18.0653800003867],[25.3103610001601,-18.0581220002301],[25.2920449999768,-18.0295480000401],[25.2821879995766,-18.0112760000873],[25.2763500001524,-17.9890739996653],[25.2737380002086,-17.9744089996756],[25.2679650001847,-17.9565669997672],[25.2455380001786,-17.9320499996077],[25.2371760003722,-17.9176880001011],[25.2370849997729,-17.9110289996886],[25.2410039997349,-17.8997260000548],[25.2370279998424,-17.8899020002771],[25.2375670004168,-17.8770349995655],[25.2396239999477,-17.8696610003548],[25.2521989997841,-17.8428630002272],[25.2558859998391,-17.8322520001296],[25.2594450002866,-17.8124560000443],[25.2606350003051,-17.8082520004294],[25.2679290003231,-17.8113320003715],[25.27974800037,-17.8148679997584],[25.2838760000774,-17.8161080002839],[25.2985699996058,-17.8296430003242],[25.3357350002701,-17.8505929996671]]],[[[32.2921383751859,-17.7211051598752],[32.2965584171373,-17.7290344158056],[32.2990640003034,-17.7276029999785],[32.30882599992,-17.7231669995574],[32.3150360003112,-17.7240539999921],[32.3176610224383,-17.7230032815762],[32.3467202446436,-17.771945128365],[32.3673280780284,-17.8426005582691],[32.446815436783,-17.8396565825852],[32.5188855047623,-17.8418741227925],[32.5267935717659,-17.8405561114753],[32.561721716584,-17.8256694187087],[32.5609739995505,-17.8294080002789],[32.5662380003835,-17.8404569998906],[32.5693930001868,-17.8467709996818],[32.5700266265276,-17.8483548937633],[32.5799342021018,-17.844873559667],[32.5973115933554,-17.8443746886409],[32.6166659480751,-17.8408753923854],[32.6683620396764,-17.8246703969213],[32.7235826912882,-17.8230555211953],[32.7327384354305,-17.8213157647107],[32.7979575705855,-17.8036316129086],[32.8329525080518,-17.787464759491],[32.8633275490272,-17.777732909646],[32.8963773221557,-17.7561552140918],[32.9262561990644,-17.731729897117],[32.9530620907429,-17.7073955537617],[32.9761838251235,-17.6931223344281],[32.9890520408191,-17.682779088584],[33.0011056640952,-17.6760724906529],[33.0211516019649,-17.6618388262008],[33.0178979995931,-17.6711819998494],[33.011950999639,-17.7021400002608],[33.0142739997453,-17.71386499957],[33.0202290000684,-17.7203289999833],[33.0125349995906,-17.7234970003862],[33.0033260002947,-17.7195599995943],[33.0019719999079,-17.7249730001038],[33.0016890003471,-17.7383190004215],[33.0168679997585,-17.7506590002126],[33.025584999748,-17.757338999795],[33.0266830000205,-17.7628440000505],[33.0136869996554,-17.7694240004172],[33.0155370004323,-17.7811450004414],[33.012435000375,-17.7928390001197],[33.0101310002455,-17.8015479997404],[32.9904320001368,-17.8050969997267],[32.9693370004023,-17.8019789998309],[32.9601169996998,-17.8175310002554],[32.9613109999028,-17.8549669999271],[32.9531630000724,-17.8836020002321],[32.9535520000248,-17.8985970001514],[32.9560540002919,-17.9107809999431],[32.9772369995879,-17.9173059995722],[32.9690699997807,-17.9535249997789],[32.9625240000826,-17.9628980003424],[32.9514959996407,-17.9600710003763],[32.9476310003704,-17.9630290000882],[32.9461972624937,-17.9663290956112],[32.9125851864572,-17.9673613284625],[32.8910033711088,-17.9650796836804],[32.8726866550651,-17.9685760409515],[32.8573384482108,-17.9690426434032],[32.8435909968271,-17.9735495751527],[32.8268365434718,-17.9758453329957],[32.7964270827437,-17.9855816857461],[32.7753199556515,-17.9979769227967],[32.7450927290462,-18.0135831838168],[32.7087165597215,-18.029368102356],[32.6935494979111,-18.0356987872692],[32.6815473653187,-18.0448764658761],[32.6665664379908,-18.057082610574],[32.6518667673375,-18.0781031869125],[32.642931637685,-18.0871901410122],[32.6281325703619,-18.1052723057723],[32.6130488289404,-18.1145379290821],[32.5890234072045,-18.1328879713028],[32.5739347213104,-18.1421517015398],[32.5434729605088,-18.1518596294183],[32.5099319048336,-18.1616520009391],[32.4797365645908,-18.1801697244531],[32.4494423510837,-18.195744808676],[32.4254762953948,-18.2170213599478],[32.4043986246968,-18.2323298923107],[32.395653628812,-18.2411925078279],[32.3831439997958,-18.223474000125],[32.3778799998622,-18.2113739997103],[32.3789359999964,-18.2003260001447],[32.3815679999633,-18.1950640003033],[32.3841969997918,-18.1940110003074],[32.3905100004362,-18.1919070004077],[32.3957740003699,-18.186644999667],[32.4073479999103,-18.1803319999218],[32.4236560001244,-18.1698090002851],[32.4299689998695,-18.1613919997409],[32.4544369995679,-18.1482390002296],[32.4554860002788,-18.1461350003299],[32.4612770002335,-18.1371909997648],[32.4675899999785,-18.1303499999525],[32.4754789995562,-18.1240380002535],[32.4828450001967,-18.1103589998679],[32.4928429999046,-18.1050959999804],[32.5207249996591,-18.0893129996951],[32.5307230002663,-18.0798430000544],[32.5359840000616,-18.0772130001798],[32.5417699997857,-18.0724770003133],[32.5465079997444,-18.0624799997522],[32.5596610001551,-18.0477500003622],[32.5591350001802,-18.0414349996255],[32.5649219999504,-18.0245990002436],[32.5633429999795,-18.0151289997035],[32.5680799998921,-18.0009250002885],[32.5688660001658,-17.9925069996982],[32.5699190001618,-17.9898749997314],[32.5849150001272,-17.9630429998346],[32.5975409996175,-17.9525220002901],[32.5980679996385,-17.9472590004025],[32.5885959999055,-17.9199019996775],[32.5912279998723,-17.9135869998401],[32.5864940000981,-17.8967529996511],[32.5859680001232,-17.8830730001188],[32.5822830001604,-17.8783370002523],[32.5828090001353,-17.8741280004069],[32.5770461588532,-17.8656085203169],[32.5742475513835,-17.867414073001],[32.5704624388905,-17.8749842970876],[32.5527985820889,-17.8867602025213],[32.5351347243881,-17.8926481547885],[32.5244287028224,-17.8953244031986],[32.5056949621529,-17.8926481547885],[32.4983359033793,-17.9018469782554],[32.4870060517879,-17.9046791691083],[32.4702294742109,-17.9315216937711],[32.4601635280245,-17.9550089018393],[32.4467422661427,-17.9885620569933],[32.4534528966339,-18.0254705278425],[32.4601635280245,-18.0590236829966],[32.4366763190569,-18.0892215233546],[32.4064784795982,-18.1261299933045],[32.369570008749,-18.1596831493578],[32.336016853595,-18.1932363045118],[32.3158849603227,-18.2066575663935],[32.2900299964872,-18.2140446984041],[32.2642889093058,-18.231205424091],[32.2377931227545,-18.2429813286254],[32.2024654082521,-18.2694771151767],[32.1622742275736,-18.2739428013192],[32.151474500248,-18.2771191923968],[32.117921345094,-18.2704085610063],[32.087723504736,-18.2603426148198],[32.0776575585496,-18.233500090157],[32.0776575585496,-18.2259397541163],[32.0758744295613,-18.2223734952406],[32.0781957740158,-18.2181950741433],[32.0843681899401,-18.1965916193078],[32.1112107137035,-18.1697490955443],[32.151474500248,-18.0925768381505],[32.1716063935203,-18.0623789986918],[32.1833234356281,-18.0412883219984],[32.1818575739679,-18.0339590145968],[32.1963114994762,-17.9978242026248],[32.1984489172838,-17.9885620569933],[32.2118701791655,-17.9415876399576],[32.2174099813856,-17.9286614350771],[32.2201292650536,-17.9191439413398],[32.228961193904,-17.9014800836389],[32.2292060388277,-17.9011373007458],[32.2320020724378,-17.8946132229219],[32.2454233343195,-17.8509941206821],[32.2454233343195,-17.8399300763119],[32.2273622964329,-17.7997944359644],[32.2315243543655,-17.7966726966876],[32.2226334650624,-17.7644117773815],[32.2184655750263,-17.7358956260823],[32.2115456408187,-17.6713095659836],[32.2025270873552,-17.5871364048212],[32.201123909341,-17.5699156763673],[32.2003899600287,-17.5630654818864],[32.1999336107476,-17.5553075468058],[32.1975175766749,-17.5256563836351],[32.1930770103958,-17.4501667523937],[32.1950384560599,-17.4177834056796],[32.0550313955825,-17.4093767815132],[32.0516240001475,-17.3821350001301],[32.0463370000526,-17.3662699996607],[32.0551520000648,-17.3539309999157],[32.0604400002059,-17.3486419997284],[32.0727799999971,-17.3468780002195],[32.076304999776,-17.3415900000784],[32.0798299995549,-17.3327770001584],[32.0692520000798,-17.3186740000051],[32.0569110002425,-17.2975190002016],[32.0401679997535,-17.2798900002233],[32.0385537355665,-17.2605544809045],[32.0384020001522,-17.2587369996128],[32.0401679997535,-17.2375829998555],[32.0331150000573,-17.2181929996072],[32.0331150000573,-17.2093789996411],[32.0382079120656,-17.187303293712],[32.1329494121857,-17.2188837940518],[32.1540633552397,-17.2289123473269],[32.2281850942667,-17.2725133704956],[32.2830202928523,-17.3016820015231],[32.3376415840919,-17.3300759124733],[32.371513911338,-17.3516310296483],[32.4364688499575,-17.3869258541448],[32.4731794528695,-17.4052811556008],[32.4976092916356,-17.4184955518282],[32.5065818618635,-17.4233489231142],[32.4440402854309,-17.4983988146535],[32.405207695279,-17.508789729962],[32.3435283501533,-17.5161517007404],[32.2640599976708,-17.5373432615823],[32.2665716746431,-17.5574366827566],[32.2736437588524,-17.6053158942131],[32.2739278331031,-17.6072536553319],[32.2752612983703,-17.6169495430869],[32.2822767387805,-17.6619353414428],[32.2918755672037,-17.7195283128813],[32.2921383751859,-17.7211051598752]]],[[[32.2662200001529,-17.7666530003357],[32.2617869998702,-17.7755289995636],[32.2662230002913,-17.7666530003357],[32.2706640000436,-17.7551169998496],[32.2662200001529,-17.7666530003357]]],[[[31.9066173997732,-17.179999511768],[31.9056582296436,-17.1801873414726],[31.9057839476711,-17.1800428608893],[31.9058659469559,-17.1800448600822],[31.9059479462408,-17.1800458601283],[31.9066173997732,-17.179999511768]]],[[[29.266404859097,-16.9171583265954],[29.2435620341606,-16.9171583265954],[29.2264299150086,-16.9133511888062],[29.2264299150086,-16.9000262074435],[29.2150085016411,-16.8809905193969],[29.2150085016411,-16.871472674924],[29.2169120705357,-16.8600512624557],[29.2207192083249,-16.854340555772],[29.2321406207931,-16.8486298490883],[29.241658465266,-16.8524369868774],[29.2435620341606,-16.8619548313503],[29.2435620341606,-16.8771833816077],[29.266404859097,-16.9057369132279],[29.266404859097,-16.9171583265954]]],[[[31.3229979998579,-16.674998999804],[31.3201803186668,-16.6767604029702],[31.3218927636402,-16.6664857340294],[31.3209080167916,-16.6619976655598],[31.3250000004497,-16.6709969996118],[31.3229979998579,-16.674998999804]]],[[[31.974806391302,-16.6715064196855],[31.9731676403744,-16.672102329359],[31.9729970003114,-16.672],[31.9650000002499,-16.6529959995657],[31.9689990003037,-16.6349979996579],[31.9689990003037,-16.6289990000038],[31.9666079997594,-16.6271950004489],[31.9440000003997,-16.6119990002536],[31.9349969998117,-16.5969980000576],[31.9079990003536,-16.5720000001998],[31.9249990001038,-16.5539980001076],[31.9429980000577,-16.5409999996502],[31.9379969996618,-16.5339979996079],[31.9379969996618,-16.5309979997579],[31.9440000003997,-16.5249970000115],[31.9490152613453,-16.5183097986582],[31.9552232994158,-16.5210258150893],[31.9758370809166,-16.5251485717491],[31.9873807984851,-16.5267976738735],[31.9985122407473,-16.5323633954543],[32.0179079346036,-16.5348932684096],[32.026340845054,-16.5354554624996],[32.0325249800438,-16.54576235325],[32.05210807193,-16.5529771769551],[32.0644763410104,-16.5591613110456],[32.0737525430455,-16.5663761347508],[32.0892128791711,-16.5725602688413],[32.107765282342,-16.5777137142165],[32.1180721730923,-16.5818364708764],[32.126485472027,-16.5837780010539],[32.1417780216385,-16.5890512945815],[32.1548814145457,-16.6112262667787],[32.1540752083043,-16.611548748376],[32.1395105052057,-16.6133755565367],[32.1325018196034,-16.6168798988882],[32.1252869967975,-16.6210026555481],[32.0974583915915,-16.6333709246284],[32.0716911647155,-16.6457391928095],[32.0562308285899,-16.6550153948446],[32.0390265838099,-16.6624955014662],[32.0191260222482,-16.663260907265],[32.0016043077926,-16.6642915968797],[31.9967944250228,-16.6663529743103],[31.9912974170422,-16.6663529743103],[31.974806391302,-16.6715064196855]]],[[[31.7539989996542,-16.87],[31.7359979996081,-16.8839999999],[31.7229969999117,-16.8879979999077],[31.7199970000615,-16.8799969996618],[31.7119989999539,-16.8780000001998],[31.7049979999578,-16.8819980002075],[31.6899979998079,-16.9019979998078],[31.6839980001077,-16.9059999999999],[31.6579989999539,-16.9079989995541],[31.6450959427236,-16.9144517386568],[31.6501590574945,-16.9650828899634],[31.6493085776288,-16.9661354843651],[31.6283675337347,-17.0149979201179],[31.6074267866169,-17.0429189162749],[31.6073287596146,-17.0436051034927],[31.6144671427445,-17.1149889329928],[31.6668955262076,-17.1359602867378],[31.7286105321504,-17.1594255144759],[31.7878790197011,-17.1728956248332],[31.798579308988,-17.1753275085576],[31.8214190042837,-17.1805183486428],[31.8205249019027,-17.1812195806191],[31.8239978453244,-17.1823772284263],[31.8404260453258,-17.1848789687893],[31.8523233502424,-17.1890430250156],[31.8650033944911,-17.1906617543365],[31.8659146325543,-17.1899989422973],[31.8790413044127,-17.1924538279817],[31.8802820172014,-17.1926122165805],[31.8838512087663,-17.1926122165805],[31.8986048162593,-17.1849403412238],[31.9006870219885,-17.1841908678143],[31.9008530197511,-17.1841148679068],[31.9010170174215,-17.1840398680454],[31.9012650135696,-17.1839658682302],[31.9014310113321,-17.1838918666163],[31.9015150098099,-17.1838128665705],[31.9016790083796,-17.183816866755],[31.9016810075725,-17.1837388667553],[31.9018450061422,-17.1837428669397],[31.9019290037206,-17.18366486694],[31.9040059753955,-17.1824478638778],[31.9040919730662,-17.1822928639245],[31.9041779716362,-17.1821368639251],[31.9042639711054,-17.1819798638796],[31.9043499696754,-17.1818258630731],[31.9043509697215,-17.1817458629811],[31.9043529689145,-17.1816678629814],[31.9044349681993,-17.1816698630737],[31.9044369682915,-17.1815908630279],[31.904546297074,-17.1814652178455],[31.9071040984754,-17.1799658168689],[31.907507924651,-17.1799378587451],[31.9075099247433,-17.1798518592759],[31.9075751022093,-17.1798119698465],[31.9072619249979,-17.1798732982141],[31.9144538654536,-17.1756573331194],[31.9156928911141,-17.1756838019658],[31.9172445660839,-17.1740188277067],[31.9260866410856,-17.1688176067471],[31.9373890813411,-17.1622740891778],[31.9463120602534,-17.157515167391],[31.9570196340489,-17.1543028942631],[31.9598948160929,-17.1531528214455],[31.9683220743044,-17.1491870531399],[31.9825988405641,-17.1485921884787],[31.9939012799202,-17.1479973229181],[32.004608854615,-17.1474024573575],[32.0135318335273,-17.1468075926962],[32.0254291384441,-17.151566514483],[32.0357168079843,-17.1510766258855],[32.0541723199966,-17.1516918089298],[32.0507429999895,-17.1600199996232],[32.0473901331482,-17.1711970680902],[32.047388231082,-17.1711970680902],[32.0165061595317,-17.1711970680902],[32.0055735007165,-17.1743857600947],[31.9873577623509,-17.1771457200989],[31.9745086725372,-17.1789303158813],[31.9665374785218,-17.1789303158813],[31.9570196340489,-17.1807149116638],[31.9433377333498,-17.1830943730068],[31.9397685417848,-17.1884481603543],[31.9361993511192,-17.1949916779236],[31.9284661024287,-17.2027249257147],[31.9188567402464,-17.2132952242951],[31.913169567022,-17.2170866725119],[31.9070509530391,-17.2193811533175],[31.8909895918962,-17.2277092666693],[31.8784974214189,-17.2318733237948],[31.8679973580917,-17.2346124707889],[31.851218600558,-17.2398857939942],[31.8410209108864,-17.2437706287115],[31.826149279066,-17.2485295504983],[31.8130622439274,-17.2497192807202],[31.7970008818853,-17.2503141462808],[31.7791549240605,-17.2515038765026],[31.7571449100096,-17.2526936076238],[31.7392223290473,-17.2537478765632],[31.7301250003685,-17.2416169997247],[31.7234889236749,-17.2294523704305],[31.6550220623184,-17.2142375132506],[31.6251847682625,-17.1928449539315],[31.5867941957956,-17.1621324963176],[31.5739780877186,-17.1531076215195],[31.5210106479231,-17.1213456361921],[31.4722748924723,-17.0847938193792],[31.5185632311083,-17.0616496496116],[31.5284301717151,-17.0514813650729],[31.5561250666186,-16.9614729582104],[31.5126734181438,-16.9142309065311],[31.4680690222676,-16.8870155876992],[31.4151678283326,-16.8635039459503],[31.3991779776816,-16.8539100359194],[31.3865907047972,-16.8463576723686],[31.3929990003037,-16.8390000003497],[31.4005919997211,-16.8398429996547],[31.4019979998079,-16.8399999997002],[31.4360000002998,-16.8390000003497],[31.4501619995767,-16.8401919995611],[31.4610000002498,-16.8409989999039],[31.4739999999001,-16.843998999754],[31.4849999999501,-16.8490000001498],[31.5029999999501,-16.8609999995503],[31.512997999658,-16.8750000003497],[31.520998999904,-16.8819980002075],[31.5329990002037,-16.8909999998501],[31.5389969998117,-16.9049979996579],[31.545998999854,-16.9089999998501],[31.5519999996004,-16.9049979996579],[31.5517252935875,-16.8649926027264],[31.5610467063404,-16.8412653727987],[31.5615581795664,-16.8404129162231],[31.5697985955288,-16.8156916692351],[31.5599100972732,-16.7975627550171],[31.5292908876644,-16.7654125854224],[31.522333802463,-16.7352652141183],[31.5203561024522,-16.7233990158518],[31.5104676032973,-16.6805488546459],[31.4956348554642,-16.6508833589798],[31.4840982740162,-16.6179216969287],[31.4808021076312,-16.5816638684927],[31.4824501908237,-16.5552945392116],[31.4989310218492,-16.5338694586086],[31.5071262432816,-16.5093591179289],[31.5681505123363,-16.517388627583],[31.5978160080024,-16.5355175418011],[31.6039729978556,-16.546805356382],[31.6077045071573,-16.5602387878897],[31.6208891717979,-16.5899042835558],[31.6258334213754,-16.6030889490957],[31.6538508338489,-16.6129774473513],[31.6568659315176,-16.6265453877594],[31.6390180860159,-16.6508833589798],[31.6126487558354,-16.6821969378383],[31.6027602575799,-16.7118624335045],[31.5912236761318,-16.7481202619405],[31.5928717593243,-16.7794338407991],[31.5952151272763,-16.7819574679627],[31.5961679248099,-16.7876742567615],[31.6079431944229,-16.7956646180277],[31.6142968390279,-16.8025070045945],[31.650554667464,-16.8272282506832],[31.683516329515,-16.8366458684121],[31.6913447246794,-16.840000895425],[31.7098856596955,-16.8486533312862],[31.7313107393991,-16.8568937472486],[31.7539989996542,-16.87]]],[[[31.7608295592368,-16.4991145897665],[31.7488408067579,-16.5059653049548],[31.7282886602935,-16.5042526261577],[31.706023835032,-16.4974019109694],[31.6888970461618,-16.4854131584904],[31.680333651277,-16.4682863696202],[31.6854716876683,-16.4528722595471],[31.704311156235,-16.4460215443588],[31.7214379451052,-16.4460215443588],[31.7402774127725,-16.4443088655617],[31.7574042016427,-16.4425961858652],[31.7728183117157,-16.4425961858652],[31.7899451005859,-16.4494469019529],[31.7950831369773,-16.4580102959384],[31.7882324217889,-16.4682863696202],[31.7916577793831,-16.4717117272144],[31.7848070641947,-16.4939765533752],[31.7659675965274,-16.4974019109694],[31.7608295592368,-16.4991145897665]]],[[[29.166273756129,-16.4518351523703],[29.1499398401515,-16.4588354014326],[29.112605176088,-16.4541685684246],[29.1219388421039,-16.4331678203386],[29.1429395910893,-16.4191673213148],[29.161606923121,-16.4191673213148],[29.1779408390985,-16.4285009873307],[29.1732740060905,-16.4401680694008],[29.166273756129,-16.4518351523703]]],[[[30.9733507308516,-19.7182425589469],[30.9721500001224,-19.7154399998561],[30.9705880000362,-19.7068460001428],[30.9635540003169,-19.6990310003803],[30.9596480000552,-19.6951230000264],[30.9549589996582,-19.6912169997647],[30.952615000382,-19.686529000313],[30.9221399997612,-19.6998129995702],[30.8924460000829,-19.708408000229],[30.8557179997859,-19.7170040000345],[30.8213359997566,-19.7068460001428],[30.7986749997515,-19.7466979997129],[30.7978929996623,-19.7670150004419],[30.7932050002107,-19.7771720002875],[30.7822640001835,-19.7763900001983],[30.7689810000732,-19.7701409998073],[30.7713240002025,-19.8154619997714],[30.7572590000029,-19.8185880000361],[30.7525709996519,-19.8138979995929],[30.7416299996248,-19.8045229998365],[30.7392860003487,-19.8021789996611],[30.7408499996278,-19.7842060000069],[30.7510070003728,-19.7670150004419],[30.7541329997382,-19.7545120003285],[30.7658549998084,-19.7443540004367],[30.7650729997192,-19.7209110003424],[30.7721060002917,-19.7115339995943],[30.7478820001542,-19.7209110003424],[30.6980049996311,-19.7439719999078],[30.6938199999931,-19.7591680001031],[30.6938680004079,-19.7678890002771],[30.6915179999558,-19.7761489998764],[30.6886990003586,-19.7876299996248],[30.6856019996326,-19.7986919998359],[30.681958999808,-19.8119159999234],[30.6820139996464,-19.8241169995998],[30.6869689997196,-19.8379869998001],[30.6920369996079,-19.8459409996773],[30.6920369996079,-19.8568807676333],[30.6675094665887,-19.803952507702],[30.6139997481899,-19.8240348321418],[30.5905009928266,-19.8077664632517],[30.5484158920798,-19.7695303484468],[30.5247699608651,-19.7419434279468],[30.4907527717231,-19.7042733887059],[30.4843233565377,-19.6979801587573],[30.452030862934,-19.6951721156006],[30.4129618482108,-19.6917748096597],[30.321576163809,-19.7091577407371],[30.2967180786765,-19.7574635752837],[30.2574569723614,-19.7753095331084],[30.1827591914836,-19.7935348186769],[30.1384160729435,-19.8063709843334],[30.0897049715073,-19.8252782141182],[30.0315307088752,-19.7912876997675],[29.9638930952902,-19.8043788502037],[29.9596868698532,-19.81470360149],[29.9461241563048,-19.8556700202552],[29.931847390045,-19.8985003190345],[29.8997246668599,-19.9556073831741],[29.8768457872034,-20.0405860769858],[29.8766130003897,-20.0484960001902],[29.8750300002343,-20.0590490003111],[29.874975000396,-20.0591670003568],[29.8697539997473,-20.0701309996459],[29.8568394779596,-20.0890901086216],[29.8412336719964,-20.1245578475666],[29.834401314669,-20.1241782725092],[29.8272759995878,-20.1360889998074],[29.8082800004217,-20.1756660001857],[29.7935039998098,-20.206797999628],[29.793241000272,-20.2215740002399],[29.7958789996162,-20.2279049999158],[29.7942960003602,-20.235291999726],[29.7874369997178,-20.2479570001154],[29.7853260003947,-20.2648409999122],[29.7811049999958,-20.2838380000236],[29.7644819996446,-20.3197210000241],[29.7579279995776,-20.3350120001037],[29.7549849996581,-20.3418840004462],[29.7176303634506,-20.332245311372],[29.681462556252,-20.31511319222],[29.6586197304163,-20.3017882108572],[29.6532361323417,-20.2974813323975],[29.6486839655926,-20.29217047149],[29.6449056438804,-20.2950131835116],[29.6395840423697,-20.2960775041734],[29.6383364749484,-20.2948299367521],[29.6296838277465,-20.2857446571902],[29.6297107930187,-20.2856974688631],[29.6290722356952,-20.2849405157921],[29.6276019484712,-20.2856460060583],[29.6288610074296,-20.2830454167126],[29.6310719538077,-20.281694879615],[29.6291272094532,-20.2810964968058],[29.6186447854286,-20.2732346783377],[29.6172430661147,-20.2774398371787],[29.6142892338611,-20.2765309652318],[29.6143399996913,-20.2778799995623],[29.6133915548764,-20.2813204873506],[29.5952080608034,-20.2698361753991],[29.591222814981,-20.2652816083595],[29.59253600863,-20.2558037162685],[29.5923267948457,-20.2537115811246],[29.5908300001045,-20.253241000072],[29.5871043984493,-20.2485579441938],[29.5767662715463,-20.2446811467175],[29.5634412901834,-20.23325973335],[29.5501163088206,-20.225645458671],[29.5405984643477,-20.2237418897764],[29.5273102059014,-20.2071315671681],[29.5243926783795,-20.202463521874],[29.5208234868145,-20.1953251387441],[29.5184325339343,-20.1925926206529],[29.517755638512,-20.1888696998767],[29.517755638512,-20.1861813816654],[29.5184440254715,-20.1834278338274],[29.517755638512,-20.1827129708269],[29.517755638512,-20.1780562381049],[29.50062351936,-20.1647312567421],[29.492193464257,-20.1647312567421],[29.4803726493783,-20.1602280895547],[29.4769661002054,-20.1602280895547],[29.4738555493942,-20.1591912386847],[29.4703241275565,-20.1579070850439],[29.4593554239137,-20.1518919902231],[29.4435164552203,-20.1418884309063],[29.4351545858156,-20.134362748442],[29.4266423569592,-20.1239589125737],[29.4250501810211,-20.1191823865579],[29.4202912592343,-20.1114491387667],[29.4155323374475,-20.1019312942938],[29.4136981530474,-20.0995968781933],[29.4130593547055,-20.0981063481294],[29.4105751385319,-20.0956221319558],[29.4089888198782,-20.093603180942],[29.3912548330442,-20.0758691950073],[29.3841616750213,-20.0652294579731],[29.3810301529193,-20.0537472090664],[29.3737372248931,-20.0492773500696],[29.367373703034,-20.0390957159945],[29.367373703034,-20.0257707337323],[29.350803174527,-20.0147237144278],[29.3453646557543,-20.0092851956552],[29.3445308771983,-20.0034487520582],[29.3445308771983,-19.993410064323],[29.331489017704,-19.9876136819259],[29.3137631247685,-19.9563823460684],[29.3149416890078,-19.9528921689384],[29.3144316618917,-19.9521781315155],[29.3072932796612,-19.935521904812],[29.3056678998537,-19.9336643281462],[29.3007487953207,-19.9172673121367],[29.2912309508478,-19.9077494676637],[29.2727260894375,-19.903123252536],[29.2644365632968,-19.8937284569027],[29.2567033155057,-19.8854003435509],[29.253483076183,-19.8814900526238],[29.248287947231,-19.8743278365604],[29.2465906054721,-19.8556570808096],[29.2465906054721,-19.852143472743],[29.2474885263745,-19.8467559509264],[29.2489162028206,-19.8386657837988],[29.2496018504451,-19.8211817671248],[29.2501126464815,-19.8150522164865],[29.2459744097912,-19.8015339780106],[29.2382889097055,-19.7784774777534],[29.236460066379,-19.7716193143798],[29.2352881661161,-19.7688067539285],[29.2346394365608,-19.7641034660021],[29.2346394365608,-19.7568123249288],[29.2300979168854,-19.745004372154],[29.229410136069,-19.7428264012174],[29.2198867787519,-19.7101748892597],[29.2192532216589,-19.6927520831421],[29.2192532216589,-19.6839371721627],[29.221314455198,-19.6835249256348],[29.2214654216919,-19.6828455759625],[29.2222011309774,-19.682551292608],[29.2220828404507,-19.6800671933463],[29.2222662391956,-19.6792418962965],[29.2222662391956,-19.6697240518235],[29.2208385627495,-19.661633884696],[29.2208385627495,-19.6535437175685],[29.2175073174088,-19.6473571184362],[29.2160796409627,-19.635935705968],[29.212748395622,-19.6283214303896],[29.2117966107251,-19.6254660774974],[29.2113207191759,-19.6183276943676],[29.210368934279,-19.6050027130048],[29.2080748221953,-19.5996497836106],[29.2073294991571,-19.5962958312875],[29.2055449033746,-19.5814241994672],[29.2043551731528,-19.5677422987681],[29.2042602775898,-19.56650865555],[29.204182336046,-19.565027768017],[29.2037064435975,-19.5521786782034],[29.2037064435975,-19.5435132354474],[29.1963479999603,-19.520325999845],[29.2069470004038,-19.5176769999935],[29.2175480000402,-19.5065470002438],[29.2247039999897,-19.4853450000717],[29.2267239996129,-19.4808169999046],[29.217810999578,-19.4733289999334],[29.1972310002105,-19.4564450001366],[29.194592999967,-19.4511679996035],[29.1824549995986,-19.4411410003568],[29.1645159997137,-19.4316440003703],[29.159767000147,-19.426365999791],[29.1565999997902,-19.4184509999137],[29.1534340003789,-19.4094809999481],[29.1333820001792,-19.3957610003698],[29.1228290000583,-19.3941780002145],[29.1175529995713,-19.3910119999038],[29.109373000064,-19.3815149999173],[29.1062079997994,-19.3794039996948],[29.0988209999892,-19.3767660003506],[29.0935440003554,-19.367795000339],[29.0939100001464,-19.3672979999027],[29.126259999999,-19.3234709995869],[29.1252399997263,-19.3221659996612],[29.1269949997195,-19.3207449997819],[29.2256100004013,-19.2310959997805],[29.3459959996158,-19.1593760001023],[29.4100320001767,-19.1388850003424],[29.623907000208,-19.1747450001816],[29.6391024796957,-19.1684463572136],[29.6424168888284,-19.1670725096885],[29.6348122593783,-19.1252470513104],[29.6113751201657,-19.0549356318739],[29.5840317900351,-19.023686112624],[29.5645008408412,-19.0041551625307],[29.5293451306733,-18.9807180224187],[29.4902832313861,-18.9611870732248],[29.4473151420802,-18.9299375530756],[29.4121594328116,-18.9104066038816],[29.3809099126624,-18.8908756537883],[29.3652851534871,-18.8752508937137],[29.3379418233565,-18.8596261345384],[29.3105984941253,-18.8440013744638],[29.2892365504265,-18.8440013744638],[29.2850551849489,-18.8413686631333],[29.2715365939387,-18.8244704243705],[29.2285685046329,-18.8049394751766],[29.2168499345769,-18.7971270951393],[29.2246623146142,-18.7932209051206],[29.2520056447448,-18.76587757499],[29.2676304039201,-18.7346280557401],[29.2949737340506,-18.7150971056469],[29.3223170632819,-18.6916599664343],[29.3340356333379,-18.6565042562664],[29.3535665834311,-18.6408794970911],[29.3574727734498,-18.6330671170538],[29.408253242793,-18.6486918771284],[29.4395027620429,-18.672129016341],[29.4551275221175,-18.6877537764156],[29.4735853795617,-18.6877537764156],[29.4740371063274,-18.6880764387766],[29.4752470883824,-18.6877537764156],[29.4980956114234,-18.6877537764156],[29.5566884608039,-18.672129016341],[29.5785829101732,-18.6627456807685],[29.5939619403913,-18.6576193373625],[29.6083129294981,-18.6522377168971],[29.6180106042061,-18.6498613303361],[29.6220451373732,-18.6475063188615],[29.6465308294343,-18.6447856871097],[29.6561630487857,-18.6293741365071],[29.6567797112148,-18.6290658057423],[29.6720082614721,-18.6157408234802],[29.6725062421694,-18.6153922372619],[29.6729598557128,-18.6156838595225],[29.6745979995981,-18.6167369998127],[29.6815350002401,-18.6177780001546],[29.6881250001687,-18.6132669998721],[29.6936739997553,-18.6129200000579],[29.7078970000466,-18.6160430001843],[29.722467000152,-18.6163899999984],[29.7282846155426,-18.6233956431943],[29.7287100002664,-18.6243680000831],[29.7300980004225,-18.6358140000161],[29.7321161366505,-18.6428785703897],[29.726254628948,-18.6466433707949],[29.7213226020565,-18.6494895056362],[29.7068204575981,-18.659157601642],[29.6866019811965,-18.6713252175847],[29.6658010121071,-18.6857258888387],[29.661351490379,-18.6919552192579],[29.6685912333987,-18.7568999757532],[29.7161668130481,-18.7628469226473],[29.7195974820382,-18.7642191909628],[29.7310188945064,-18.7851584470047],[29.7386331700848,-18.8080012728404],[29.7367296011902,-18.8232298230978],[29.7462474447638,-18.8708190436639],[29.7748009772833,-18.8993725752841],[29.8185830600602,-18.9031797130733],[29.8604615730432,-18.9031797130733],[29.8966293802417,-18.8993725752841],[29.955640013276,-18.9203118322252],[29.9600339362173,-18.9238269709379],[30.0355899032515,-19.0002617222007],[30.0365314538636,-18.9494180134305],[30.0393970410407,-18.9279261078036],[30.0393970410407,-18.8993725752841],[30.0355899032515,-18.874626181453],[30.0355899032515,-18.8479762178281],[30.0302536697711,-18.8230737934208],[30.0300744348873,-18.8185929249235],[30.0317827654623,-18.7946762914776],[30.0317827654623,-18.7813513101148],[30.0336863343569,-18.7604120531737],[30.0350624086033,-18.7438991667131],[30.0401985438278,-18.7248954666524],[30.0432041788299,-18.7166299703968],[30.0443940952114,-18.7071106339486],[30.0381289996537,-18.7038040003543],[30.0308450000968,-18.7041510001685],[30.0256400001859,-18.7090070001728],[30.0183559997296,-18.7159439999156],[30.0122742228771,-18.714611281985],[30.0114189999869,-18.7138630001773],[30.010138660371,-18.7115285193257],[30.0109755613731,-18.7054311005648],[30.0151982408062,-18.6927630631648],[30.0169242133818,-18.6875851436394],[30.0259661654063,-18.660459287566],[30.0259661654063,-18.5724192304631],[29.9954372315431,-18.5093261007189],[29.9807564061833,-18.4962764782768],[29.9683099950103,-18.4926157690025],[29.8950958104234,-18.4724818684434],[29.7856406039308,-18.4415488754802],[29.7975379088475,-18.3820623499974],[29.7023594686146,-18.3677855837377],[29.6576838743114,-18.3619583330106],[29.6613987470546,-18.354528586625],[29.6690470143083,-18.3511293570342],[29.6642880925215,-18.3352662838119],[29.6642880925215,-18.3320936689876],[29.6548922725604,-18.3039062082049],[29.6738059369944,-18.2868839097646],[29.668067236214,-18.269667809222],[29.6523907876048,-18.2559509168013],[29.6143194115117,-18.2583303781444],[29.5762480354185,-18.2654687612743],[29.5405561206685,-18.2749866048479],[29.5072436663622,-18.2821249879778],[29.4860069766407,-18.2883710727667],[29.4715517507128,-18.2964017542375],[29.4630084736622,-18.2986799609114],[29.4614684413156,-18.3005753855456],[29.4581430001994,-18.2976069995634],[29.454675000351,-18.296912999935],[29.4420140001461,-18.2930960001802],[29.4354220001252,-18.2868530000658],[29.4243219999604,-18.2851180000956],[29.4184259996602,-18.2823439998757],[29.4142640001835,-18.2778329995932],[29.4107950002891,-18.2708959998505],[29.4043479997604,-18.2681819996995],[29.4037890000624,-18.2705419997135],[29.3957459996782,-18.2866260003896],[29.3859169996699,-18.3036040000246],[29.3760869996154,-18.310751999605],[29.3751939998033,-18.322368000183],[29.3796629999475,-18.3411330003876],[29.3787680000432,-18.3536429999245],[29.3805559997596,-18.3607919995511],[29.3877040002395,-18.3795559997096],[29.4028930001119,-18.4027879999662],[29.4046819998745,-18.417979999977],[29.4028930001119,-18.4260210002689],[29.4064690004441,-18.4340639997537],[29.4037890000624,-18.4376369999475],[29.4091489999265,-18.4465730001438],[29.4073630003023,-18.45550900034],[29.4073630003023,-18.4671260000648],[29.3984260000599,-18.4796349995555],[29.3921730003837,-18.4841039996998],[29.3877040002395,-18.4957190002316],[29.3841299999996,-18.5019740000001],[29.3832370001875,-18.5126969998666],[29.3760869996154,-18.5225269999211],[29.3743009999912,-18.5305690002591],[29.3653639997489,-18.5386099996517],[29.361790999555,-18.5546950003739],[29.361344999672,-18.5573759999024],[29.3559829997157,-18.5609490000962],[29.3515139995715,-18.576141000107],[29.3434730001788,-18.576141000107],[29.339898999939,-18.5877569997857],[29.322921000304,-18.5984799996522],[29.3148779999198,-18.5957980000776],[29.3139328664087,-18.5957980000776],[29.3104109998678,-18.5957980000776],[29.2970079996196,-18.5984799996522],[29.2934340002789,-18.5975849997479],[29.286284999753,-18.6011600000339],[29.2773489995568,-18.5993740004097],[29.2693080001641,-18.5984799996522],[29.2505429999595,-18.6047340002738],[29.2460739998153,-18.6011600000339],[29.2353509999488,-18.6038409995624],[29.2282040004143,-18.6038409995624],[29.1987150002971,-18.6056270000859],[29.1870989997191,-18.6056270000859],[29.1288030003582,-18.6140570003303],[29.1246475164697,-18.6054277570853],[29.1129956401367,-18.6097972103729],[29.0994719562658,-18.6134035268512],[29.0844233153837,-18.6200918109883],[29.0609471716747,-18.6218976685426],[29.0372919054971,-18.6256327103812],[29.02908463225,-18.6272741646709],[29.0059198949872,-18.6335918211056],[28.9749869020239,-18.6431096646792],[28.9473232531657,-18.6545005793382],[28.926579641937,-18.6589456386303],[28.8998676358827,-18.6686590955408],[28.8707272660506,-18.673515823996],[28.8495114684795,-18.6765466517066],[28.823948865248,-18.6783725524513],[28.8075897961322,-18.6783725524513],[28.7711643331675,-18.6808009162293],[28.7701329052094,-18.6808802571181],[28.7632148721686,-18.6811810407723],[28.7600487243692,-18.6816559628523],[28.739595598658,-18.6832292800072],[28.7031701356933,-18.6880860084624],[28.6643163089506,-18.6880860084624],[28.6303192097638,-18.6832292800072],[28.5817519261105,-18.6832292800072],[28.5532340885824,-18.6856057672923],[28.5308228941613,-18.6842050669102],[28.5187372945906,-18.6833993606919],[28.4943357781736,-18.6811810407723],[28.4586438634236,-18.6764221189856],[28.4313377994,-18.6783725524513],[28.4239082526638,-18.6783725524513],[28.3971962466096,-18.6662307308635],[28.3534856905123,-18.6662307308635],[28.3170602275475,-18.6686590955408],[28.3120677770063,-18.6700855093387],[28.2967411520826,-18.6733121680221],[28.3016370001475,-18.6971369995728],[28.2923791703625,-18.7202840013056],[28.2094248828521,-18.7107123521932],[28.1737329681021,-18.7178507353231],[28.1451794355825,-18.7178507353231],[28.0916415630078,-18.7321275015829],[28.0786811964801,-18.7247215773389],[28.0666572220532,-18.7178507353231],[28.0095501579135,-18.6964355859335],[27.9913592183533,-18.6839293149859],[27.9704784605126,-18.6687433089565],[27.9517621307178,-18.6453478973875],[27.9233696146161,-18.6092119675582],[27.9096127958938,-18.5572371175988],[27.8846284558386,-18.5251143935144],[27.8703516895789,-18.4858532871994],[27.863213306449,-18.4323154146247],[27.8467380359317,-18.3883813608111],[27.7625210004439,-18.4006440000205],[27.6370309996809,-18.4183550001831],[27.5767699996358,-18.4248350004349],[27.5376139170487,-18.3741230432438],[27.5369630120334,-18.3732800412409],[27.539691252949,-18.3688044841396],[27.5552027667943,-18.3470883658354],[27.569479533054,-18.3185348333159],[27.5873254899794,-18.2899813016957],[27.5880393286521,-18.2878397865769],[27.6051714478041,-18.2507201953807],[27.6085026931448,-18.2290670997668],[27.612309830934,-18.2185974712962],[27.613812648435,-18.1960552096801],[27.6194482140639,-18.1650595987215],[27.6301557887587,-18.1400752586662],[27.6408633625542,-18.1115217261467],[27.655140128814,-18.0793990029616],[27.6587093203789,-18.0627427753587],[27.6658477035087,-18.0365687041823],[27.6715584101925,-18.0137258792459],[27.6747706824211,-18.0048921301676],[27.6872628528984,-17.9830308316076],[27.6959764390614,-17.9656036592814],[27.7122471929537,-17.9473389168575],[27.7300931507783,-17.9223545759029],[27.7764926402232,-17.8830934695879],[27.830030512798,-17.8259864054482],[27.8443072790577,-17.7938636822631],[27.8663172931086,-17.7648342572951],[27.8857970753748,-17.7537565980885],[27.9156911094572,-17.7367566181234],[27.9202512756759,-17.7291563395934],[27.9371062579475,-17.7117722771688],[27.969228982032,-17.6796495539837],[28.0156284714768,-17.6475268298992],[28.0798739187464,-17.6118349151492],[28.1966421180394,-17.5797121910647],[28.2012264301557,-17.5797121910647],[28.2090722937514,-17.5776121625712],[28.208998999904,-17.5830000000499],[28.1939999998002,-17.6139999997002],[28.1929980003575,-17.6240000003996],[28.1929980003575,-17.660998999704],[28.1909979998579,-17.6700000001998],[28.1779990002537,-17.6939999999],[28.1670150000423,-17.704979999927],[28.1519980000077,-17.7299989998539],[28.14100000005,-17.7350000002498],[28.1299969998617,-17.7359999996003],[28.1169980002576,-17.7339989999538],[28.1089970000116,-17.7359999996003],[28.0979969999617,-17.7430000004496],[28.06900000005,-17.7819990002536],[28.0659980001077,-17.7899999996002],[28.0659980001077,-17.7959990001537],[28.067997999708,-17.8040000003996],[28.0749999997502,-17.8159979997078],[28.0829999999501,-17.840998999704],[28.080670999567,-17.8549510000885],[28.0743379997989,-17.8681429995997],[28.062202000422,-17.885555000363],[28.0611470003338,-17.8876659996861],[28.063784999678,-17.9166879998513],[28.062202000422,-17.9282980001526],[28.0595640001785,-17.9314630004171],[28.0495390001248,-17.9367400000509],[28.0447899996588,-17.9414899996637],[28.0421500002224,-17.9509879996964],[28.0381940003529,-17.9562640001834],[28.0081150000073,-17.9784269997062],[27.9959789997311,-18.0037550003929],[28.00020000013,-18.0111420002031],[28.0073240004023,-18.0174749999712],[28.0178769996239,-18.0433309998257],[28.0205169999596,-18.0575770002783],[28.028431999837,-18.0581050003454],[28.0395119999789,-18.0559950001691],[28.0527050004355,-18.0538839999466],[28.0590360001113,-18.0586330004126],[28.0653679998334,-18.0939880003459],[28.063784999678,-18.1150949997344],[28.0603559998296,-18.1303970003212],[28.0529669999272,-18.1409509995889],[28.0471640003184,-18.1509759996427],[28.051911999839,-18.1631119999189],[28.0651050002956,-18.1720839999766],[28.0825170001595,-18.1747220002201],[28.0930720003726,-18.1747220002201],[28.1015140002709,-18.1763050003754],[28.1057349997704,-18.181052999896],[28.1052069997033,-18.1942460003526],[28.0999310001156,-18.1989949999192],[28.0946539995825,-18.2037440003852],[28.0920160002383,-18.2111320002415],[28.0846290004281,-18.2116580002165],[28.0529669999272,-18.2037440003852],[28.0439980000077,-18.2069089997505],[28.0355540000172,-18.2053259995952],[28.012337999599,-18.2174639999636],[28.0131280000572,-18.2232679996184],[28.0094349997255,-18.2259059998619],[28.005741000247,-18.2264339999291],[28.0031890003721,-18.2386850001126],[28.0031030000035,-18.2390970002263],[28.0009929998271,-18.2517619997165],[28.0007280001971,-18.4285330000978],[28.0003474934421,-18.4810766011042],[28.0037909148189,-18.4783864284909],[28.0721635434128,-18.4793718741126],[28.0894195801496,-18.4640331748911],[28.1437865071417,-18.4205723533314],[28.2187852875111,-18.4001181403399],[28.2899837424558,-18.3915161114793],[28.3596113335962,-18.3873687169926],[28.4492153441129,-18.3855674594706],[28.5414194583414,-18.3855674594706],[28.6231082837203,-18.382593132567],[28.7093637450408,-18.3201322810798],[28.7331583548742,-18.2755173874174],[28.587977258144,-18.2536032599824],[28.5594935777664,-18.2477164057875],[28.5041352336542,-18.2338768197594],[28.4743919709128,-18.2130565359303],[28.5190068645752,-18.183313273189],[28.5190068645752,-18.1544683828096],[28.4836913241953,-18.1220958036784],[28.4836913241953,-18.1012755198493],[28.5372291967701,-18.098301193845],[28.6205103320862,-18.1518390664197],[28.7305604041394,-18.2351202017359],[28.7870726027185,-18.2410688546439],[28.8108672125518,-18.2113255919025],[28.821998349944,-18.1803308209106],[28.8230462058178,-18.178459393786],[28.8554821062143,-18.1399417615031],[28.8765099193973,-18.1469510325641],[28.9328145895217,-18.1310187825907],[28.9439374036883,-18.1080780934292],[28.9423506848363,-18.071583558934],[28.9421528079058,-18.0670323904324],[28.9085959997057,-18.0096279996324],[28.9095324034977,-18.0081110196078],[28.9134539998023,-18.0017580000317],[28.9198360000314,-17.9991870001799],[28.9244759999675,-17.9955079995945],[28.9260040002844,-18.0003180001755],[28.9370149999423,-17.9939669995773],[28.9292750000413,-17.9845479995905],[28.9387340000741,-17.9829879995964],[28.9402859996992,-17.9782980000526],[28.9435760003322,-17.9688280004119],[28.952944999812,-17.9672689995646],[28.9592760003871,-17.9610080004188],[28.9640649999998,-17.9516390000398],[28.967115000357,-17.9626380000436],[28.9702849999528,-17.9547689995896],[28.9703460000679,-17.9500689995846],[28.9689359997966,-17.943769000439],[28.9736250001936,-17.9421989999838],[28.9799460003077,-17.9375280004168],[28.9847640003584,-17.9249680003729],[28.9895339999941,-17.9170969998266],[28.9954260001099,-17.9133450003714],[29.0006039996749,-17.9139480002999],[29.0099649996851,-17.9123870002598],[29.0115160001633,-17.9155989999938],[29.0068049996511,-17.9187670003967],[28.9957349999703,-17.9218189999468],[28.9971749998264,-17.9344080004289],[29.0158860002388,-17.9407879996664],[29.0064860002288,-17.9455390002246],[29.0016039999247,-17.9548980001425],[28.9812160004182,-17.9642980001526],[28.9904950002441,-17.9690390002496],[28.9887750000663,-17.9801190003915],[28.9997859997242,-17.9816580003164],[29.0139350002001,-17.9707390004045],[29.02502599995,-17.9660890000073],[29.0233229996568,-17.9754689999943],[29.0185449996521,-17.9849389996351],[29.0090250004035,-17.9911880000261],[29.0121440003454,-17.9958970004462],[29.0220850001227,-17.9958279999622],[29.0371359999265,-17.9929189998119],[29.0544640004134,-17.989788000216],[29.0686160001284,-17.9788680002579],[29.0811649996651,-17.9773270002408],[29.0922350002451,-17.9741779998148],[29.103205999857,-17.9711389999648],[29.1015659997711,-17.9758179999007],[29.1014649996101,-17.9837070003777],[29.1077839996319,-17.9790380000036],[29.1109459997581,-17.9806590001127],[29.1141639997688,-17.9695789999709],[29.1253559996797,-17.972498999729],[29.1392049998109,-17.9696879996014],[29.1423449998219,-17.9650089996656],[29.1422340000991,-17.9743990001137],[29.1595849998479,-17.9697780001545],[29.164244999807,-17.9713970001714],[29.179975000346,-17.9604889998674],[29.1877760003622,-17.9652079998493],[29.1986750002511,-17.9683570002753],[29.2049750002961,-17.9652879999412],[29.2034049998409,-17.9636889999474],[29.208215000422,-17.9606069999131],[29.2180000001999,-17.9529989998039],[29.2194899996638,-17.9548869996353],[29.2205310000057,-17.958356000429],[29.2205310000057,-17.961478999656],[29.2174089999255,-17.9646009997363],[29.2108169999047,-17.9673760000023],[29.2097769996089,-17.9725779997748],[29.2104700000905,-17.9777809995934],[29.212897999643,-17.9843729996142],[29.2135920001707,-17.9885360000363],[29.2097769996089,-17.9926980004124],[29.2044009999063,-17.9965130000748],[29.1995439998557,-18.0055329996481],[29.204053000046,-18.0232229997416],[29.2042269999761,-18.0336300003242],[29.2045739997903,-18.0540959998305],[29.2160199997232,-18.0703999998601],[29.2233060002717,-18.091904999616],[29.2278149995626,-18.0953749995566],[29.234057999677,-18.0995379999787],[29.2387419998435,-18.1089030001733],[29.2432510000337,-18.1161879997763],[29.243943999616,-18.1317970001314],[29.2553919996411,-18.1526100003512],[29.2626760000974,-18.158505999752],[29.2651039996499,-18.169606999963],[29.2671850002876,-18.1727290000433],[29.2751497893313,-18.1798081646151],[29.288333253377,-18.1798081646151],[29.3311635521563,-18.1726697814852],[29.3763733104799,-18.1679108596984],[29.4406187577495,-18.1607724765685],[29.4810695951857,-18.1631519379116],[29.5048642050191,-18.1655313983553],[29.5262793544088,-18.1655313983553],[29.5366624573066,-18.1642335111675],[29.5619712691588,-18.1583930152254],[29.6238372550853,-18.1607724765685],[29.6478772827105,-18.1607724765685],[29.6523907876048,-18.1607724765685],[29.6738059369944,-18.1583930152254],[29.692841625041,-18.1536340934386],[29.7023594686146,-18.1417367885219],[29.7237746180043,-18.1060448737719],[29.7281906777576,-18.0773404817778],[29.7294746254536,-18.0141323854012],[29.7306112327223,-17.9885587232064],[29.7435316144924,-17.9633979802326],[29.8427551387387,-17.9584011113222],[29.8518260120609,-17.9477526949309],[29.8598872578907,-17.9405551543968],[29.8709441580465,-17.9330522580552],[29.8813024072803,-17.9277060645832],[29.8913530317171,-17.9286197577956],[29.8900119995542,-17.9380110002074],[29.8891520003646,-17.9434500001174],[29.8911570001954,-17.9500349998153],[29.8954520004095,-17.9540440003303],[29.8986009999363,-17.957192999857],[29.9003179999758,-17.9612000002797],[29.9006039996749,-17.9654940004478],[29.9037530001009,-17.982384999668],[29.9050501597371,-17.9917214715686],[29.9549120642404,-17.9677877581984],[29.9965526318985,-17.9529161263781],[30.0025012848065,-17.9053269067113],[30.0018987327404,-17.904456553627],[29.9845442867895,-17.8793890208866],[29.9584913264136,-17.8637365859746],[29.9437396452685,-17.8548738796258],[29.9192201494903,-17.8458403812286],[29.905533087582,-17.8122448662076],[29.9050568183176,-17.8126597450511],[29.9049981807215,-17.8109319126776],[29.8943684279606,-17.7848407023365],[29.8865025607446,-17.7655335719168],[29.8861456414083,-17.7433019145517],[29.8861456414083,-17.711995699342],[29.8780502078509,-17.6634231006955],[29.870814700638,-17.6268773264274],[29.8591490610804,-17.5802147690962],[29.8474793997545,-17.5335361237931],[29.8266591159255,-17.4532293153806],[29.7641721562201,-17.4091208731297],[29.7438278214968,-17.3945082235756],[29.6974703303915,-17.357302138283],[29.6480503635335,-17.3167048327618],[29.6267359858771,-17.3018774394922],[29.6282839997069,-17.3007849997279],[29.6325809892213,-17.29863549773],[29.6280927058138,-17.2946912493016],[29.6123882631079,-17.2811283217146],[29.6009668506397,-17.2725622621387],[29.5902592759449,-17.2654238790088],[29.5802655399228,-17.2618546874438],[29.574554833239,-17.2589993345516],[29.5688441274546,-17.2525747891951],[29.5548873579652,-17.2459287084431],[29.5508395391135,-17.2451191450324],[29.5402905949351,-17.2440087296191],[29.5351047694696,-17.2404605336267],[29.526727667348,-17.2368703464892],[29.5074540330772,-17.2340149935971],[29.4896080752525,-17.2197382273373],[29.4864907633381,-17.2151539448986],[29.4796143392304,-17.2018922704119],[29.4968593826545,-17.1776132182754],[29.4930522448653,-17.1747578644838],[29.4835344003923,-17.1690471586994],[29.4819769355872,-17.1664513825252],[29.4816308314977,-17.1661918049079],[29.4799652088274,-17.1630985057914],[29.4749683408163,-17.1547703924396],[29.4654504972427,-17.1490596857559],[29.4514536674528,-17.1378622224635],[29.4483183780907,-17.135734704393],[29.4410848161114,-17.1296432841102],[29.433089826934,-17.1233615070279],[29.4216684144658,-17.1138436625549],[29.4103006402624,-17.1146136405071],[29.4071835459839,-17.1146136405071],[29.401815481899,-17.1172976725495],[29.4007827966888,-17.118182832072],[29.3924546824377,-17.1187776967333],[29.3859111648684,-17.1282955412062],[29.3786776037885,-17.1282955412062],[29.373966270527,-17.1290807635663],[29.3725671475559,-17.1291807007287],[29.3677757593439,-17.1300262397191],[29.3543833063446,-17.1306750016499],[29.346104945287,-17.1343328825565],[29.3289944575283,-17.1426436911534],[29.3104346619302,-17.1340776315774],[29.3051883111917,-17.1306829336704],[29.3014402993304,-17.1288904067668],[29.2948967817611,-17.1259160798632],[29.290121500407,-17.1246594274905],[29.2647490102586,-17.1198008653177],[29.2443186985491,-17.120505359135],[29.2373842780621,-17.0933455428625],[29.2382031485565,-17.0895787360698],[29.2484972923162,-17.0586963065893],[29.2521383433099,-17.0464727770969],[29.2604659809203,-17.028429562874],[29.2912739510321,-17.0053402409593],[29.2893703821375,-16.989159905805],[29.2892561682376,-16.9884365505064],[29.2865150292453,-16.9767867093391],[29.2869000209193,-16.9735142814589],[29.2865150292453,-16.9710760026554],[29.2884185981399,-16.9596545901871],[29.292225735929,-16.9425224701358],[29.2936912747326,-16.9356832896521],[29.2950810888212,-16.9291974887731],[29.3026953643996,-16.9139689385157],[29.3112614239756,-16.8977886033613],[29.3150685617648,-16.8816082691063],[29.3141167768678,-16.8644761499543],[29.3141167768678,-16.8387779703271],[29.3135729001693,-16.820286158979],[29.3141167768678,-16.8121280076014],[29.3125792788107,-16.7988030253393],[29.3112614239756,-16.7816709061873],[29.3103096390786,-16.7550209434617],[29.3103096390786,-16.7435995300942],[29.307673928509,-16.7337156156831],[29.3065025021888,-16.7255156269446],[29.3055507172918,-16.7131424295794],[29.3017435795027,-16.6902996037436],[29.3036852202968,-16.6754136960852],[29.3045989332942,-16.6607942872265],[29.3053603604923,-16.6493728747583],[29.3055507172918,-16.6446139529715],[29.3108807103765,-16.6278625474186],[29.3112614239756,-16.6265300489226],[29.3127485869778,-16.6211762615752],[29.3150685617648,-16.6103497137683],[29.31697212976,-16.6077323071003],[29.3236346213408,-16.5960729484078],[29.3332317806222,-16.5786235673238],[29.3344936157878,-16.5757393722741],[29.3369596027035,-16.5675194158883],[29.3388631715981,-16.5580015723147],[29.3415281676908,-16.5553365753227],[29.3482970346805,-16.5448072273716],[29.3502845840663,-16.534206961582],[29.3527830185216,-16.5225476028895],[29.3543296680797,-16.519454303773],[29.3598817433478,-16.5127918130917],[29.3626577814315,-16.5104123517486],[29.370472432257,-16.5062044625658],[29.3740791938997,-16.5047016450648],[29.3855006072673,-16.4989909392804],[29.3978738046324,-16.4951838014912],[29.4031086188677,-16.4942320165943],[29.4064398642084,-16.492328448599],[29.4207166304682,-16.4885213108098],[29.4302344740418,-16.4885213108098],[29.4431787418055,-16.4847141730206],[29.4616433594536,-16.4847141730206],[29.4701228934568,-16.4841084922131],[29.4768719097109,-16.4818588201284],[29.4863897541838,-16.465678484974],[29.4894933982018,-16.4615402914512],[29.4911486759707,-16.4561606405011],[29.4930522448653,-16.4399803062461],[29.4968593826545,-16.4228481870941],[29.5035218733358,-16.4028607141506],[29.5049659597113,-16.4021386709629],[29.5054254422304,-16.400957145256],[29.5073290102257,-16.4000053612584],[29.5282682671668,-16.3885839487902],[29.5349307587476,-16.3819214572095],[29.5539664467942,-16.3781143203196],[29.5568217996864,-16.3781143203196],[29.5701467810492,-16.376210751425],[29.5873695464675,-16.3744884741637],[29.5882306850981,-16.3743071825304],[29.6025074504585,-16.3733553976335],[29.6195907607051,-16.3716470670585],[29.6415306114486,-16.3724036136358],[29.6605662994952,-16.3733553976335],[29.6796019875417,-16.3781143203196],[29.6948305377991,-16.3781143203196],[29.7138662258457,-16.3819214572095],[29.7309983449977,-16.3857285949986],[29.741230027244,-16.3882865160099],[29.7467460504899,-16.393342870577],[29.751504973176,-16.3985776848123],[29.7424197583652,-16.4085714208343],[29.7370897652805,-16.4177085508089],[29.7327115570927,-16.4220867589967],[29.7205287165271,-16.4304624617732],[29.7134855122466,-16.4375056669529],[29.7100590880565,-16.4399803062461],[29.7033965973751,-16.4485463658221],[29.6986376755883,-16.4609195631873],[29.6986376755883,-16.465678484974],[29.7176733636349,-16.4885213108098],[29.7262394232109,-16.491376663702],[29.7586000926202,-16.4951838014912],[29.7823947033529,-16.500894508175],[29.8033339593948,-16.500894508175],[29.8195142945491,-16.4989909392804],[29.8356946297034,-16.500894508175],[29.8447365808286,-16.499942723278],[29.8551382250491,-16.499942723278],[29.8728142208996,-16.5123159206432],[29.8861392031617,-16.5208819802191],[29.8928016938431,-16.5370623153735],[29.8985123996276,-16.5503872967363],[29.9083410309139,-16.5566418801186],[29.9156445196789,-16.5694229847829],[29.9280177161447,-16.5798926132534],[29.9380465185321,-16.5953916705891],[29.9480051890882,-16.6046390079838],[29.9527641108751,-16.6093979297706],[29.9660890922379,-16.6179639893466],[29.9730879788272,-16.6232131540638],[29.9734489675959,-16.6269050086592],[29.9734524048047,-16.6269078298324],[29.9841521149282,-16.6194637023879],[30.0152460586587,-16.5985289987143],[30.0296076840474,-16.5882415881787],[30.064044077772,-16.5760875672874],[30.1052740734398,-16.5699390040817],[30.1560227409568,-16.5684950229269],[30.1561229892846,-16.5685023263213],[30.1635456247308,-16.5690430751777],[30.2229388905174,-16.5733699572577],[30.2556564801625,-16.5882415881787],[30.3210916576539,-16.6536767656701],[30.341911941483,-16.6902014922051],[30.3559604723979,-16.7060060897092],[30.3571912278929,-16.707390690428],[30.3660634706527,-16.7169704289421],[30.3928324064904,-16.7467136916835],[30.3937747727876,-16.748834016077],[30.4051060866766,-16.7735362792758],[30.4110547386853,-16.8032795411179],[30.4167346804612,-16.8092822055093],[30.4374473010521,-16.8299948261003],[30.4606168649764,-16.8321011507475],[30.4635414171028,-16.8322945364636],[30.4635261628022,-16.832365632368],[30.4701648897979,-16.8329691530039],[30.4867235373614,-16.8035315563362],[30.5057154697931,-16.7722074671009],[30.5115738100833,-16.7634199557663],[30.520728435469,-16.7496880176879],[30.5216023444727,-16.7330837574094],[30.5263860003137,-16.7303500000524],[30.5221629566552,-16.7224321187472],[30.5237027623726,-16.6931758191087],[30.5028824785436,-16.6574839034593],[30.4939594996313,-16.6307149676216],[30.4975085274966,-16.6212508918152],[30.496239442896,-16.6174436371141],[30.5023591162802,-16.6083159886919],[30.5028824785436,-16.6069203568889],[30.5623690031271,-16.5979973788759],[30.5799018089214,-16.5687760367846],[30.6099582236931,-16.5087675906518],[30.6426758124388,-16.4879473068227],[30.6545731173555,-16.4641526969893],[30.6783677271889,-16.4582040440813],[30.7170339688427,-16.4790243279103],[30.7404277877123,-16.4990761725273],[30.7772909174419,-16.517375725909],[30.8188790816044,-16.5148025874694],[30.8237036988667,-16.5132790235081],[30.8284529997062,-16.5189410004268],[30.8280330001229,-16.5281919998608],[30.8276110004473,-16.5382820002141],[30.828874000235,-16.5412250001336],[30.8351799996573,-16.5454309998407],[30.8469520002347,-16.5487930001968],[30.8503169998297,-16.5500559999844],[30.8501070000381,-16.5525760001822],[30.8480720410919,-16.5578645713928],[30.8796236947778,-16.5471370083662],[30.8840783210577,-16.5455171450002],[30.8989623221535,-16.5441444018426],[30.927533226877,-16.5410556550943],[30.9347629154762,-16.5396653310901],[30.9376161936325,-16.5389736274309],[30.939377307217,-16.5387779475442],[30.9526904678908,-16.5362177251678],[30.9566478590115,-16.5347983566588],[30.9652774278111,-16.5345121375251],[30.9706217839682,-16.5345121375251],[30.987589196784,-16.5336817916813],[31.0012667753414,-16.5327275417426],[31.0227116671098,-16.5321326770813],[31.0357987031477,-16.5321326770813],[31.0399308820046,-16.532038763578],[31.0619727743241,-16.5315378115208],[31.0775898335041,-16.5346247191554],[31.1074502230494,-16.5395684920922],[31.1253039393254,-16.5415354272182],[31.1321668736024,-16.5422453862155],[31.1341582217246,-16.5425108993585],[31.1425472722389,-16.5434351164374],[31.1514650224929,-16.5443769251549],[31.1876083150717,-16.5481940382243],[31.2047884912959,-16.5493687515666],[31.2094036150848,-16.5479265249891],[31.2215156349387,-16.5439110088859],[31.2219966993882,-16.5439911861443],[31.2237761222703,-16.5434351164374],[31.2276882361232,-16.54493977575],[31.2322232087341,-16.5456956046684],[31.2407892683102,-16.5499786340067],[31.2496230173884,-16.5553324213541],[31.2609254576438,-16.5609836414818],[31.268658705435,-16.5663374288292],[31.268739437575,-16.566401164682],[31.2701756117152,-16.5672297262708],[31.2759074200914,-16.5718592634942],[31.2811211326342,-16.5753198942977],[31.2857610813089,-16.5788890858626],[31.2896871922102,-16.5821013580912],[31.2943033466222,-16.5867175125031],[31.2953873840206,-16.5875930807561],[31.2961225995784,-16.588186908499],[31.297190999565,-16.5899499996927],[31.2968020922428,-16.5970687398304],[31.2645721518833,-16.578679851394],[31.2645641524138,-16.5783898506111],[31.2645621523215,-16.5782948498274],[31.2645601522293,-16.5781978498508],[31.2644611530598,-16.5781998508424],[31.2644591529676,-16.5781018499204],[31.2643581537059,-16.5781038509119],[31.2642551552512,-16.5779138502439],[31.2641541568889,-16.5779158512355],[31.2641521567966,-16.5778178512128],[31.2639501591726,-16.5777268506136],[31.2637461623556,-16.5775358507988],[31.2633341667384,-16.5769658505935],[31.2633309732458,-16.5768101383771],[31.2356887642251,-16.5602248133245],[31.2295698696538,-16.5565534758622],[31.1296325076342,-16.5565534758622],[31.0646803353293,-16.5506487332524],[31.0460579496147,-16.5490264516094],[31.0408760649785,-16.5486278450989],[30.9583113152151,-16.5422767105018],[30.8417486047144,-16.5668162278865],[30.8417355915244,-16.5668189672215],[30.822682037546,-16.5708302421219],[30.6584992282569,-16.5565534758622],[30.5971247730898,-16.6315666984443],[30.5913898386702,-16.6417582214647],[30.5771007651882,-16.6750993929226],[30.5701829650718,-16.6924802366735],[30.5411734376041,-16.7737069148422],[30.5371467168475,-16.784981732421],[30.5371467168475,-16.8070554265666],[30.5371467168475,-16.8278120312002],[30.5135092716357,-16.8407051823982],[30.4586245033182,-16.8706423290802],[30.4209973428531,-16.8598917119329],[30.4176689996247,-16.8749839996119],[30.4147259997052,-16.8782530001758],[30.3974030003482,-16.8834800002018],[30.3885779998748,-16.8880590000228],[30.3815490003861,-16.8936149999323],[30.3710890000573,-16.9128999998351],[30.3625920003206,-16.9217260003546],[30.3619379998389,-16.9289160000733],[30.3688009997664,-16.9325120004284],[30.3715800002169,-16.9377419996935],[30.3656969996169,-16.9455869999401],[30.3663500000525,-16.9482020000223],[30.3738679996085,-16.9514689995946],[30.3741950002991,-16.9550659999958],[30.3640629998076,-16.9609479996504],[30.3464119997141,-16.968792999897],[30.33758700014,-16.9756579999167],[30.3349720000578,-16.9805600002438],[30.3356259996402,-16.9906939999281],[30.3356259996402,-16.9975579999017],[30.3343179995761,-17.0011530002108],[30.3315390000249,-17.0031139998112],[30.3285980001976,-17.0054030001483],[30.3351340003339,-17.0344939998981],[30.3364420003981,-17.0469129997351],[30.3325210003439,-17.0563939998832],[30.3289239999427,-17.0652190003565],[30.3284349998754,-17.0701209997843],[30.3326829997207,-17.0789470003038],[30.3264730002288,-17.0933279997873],[30.3218969996469,-17.0975779997249],[30.315687000155,-17.1015009998712],[30.3124160003982,-17.1031339996343],[30.3088220001353,-17.1077110002624],[30.3071890003721,-17.1145740001899],[30.3065349998904,-17.1181709996918],[30.302611999744,-17.1214400002558],[30.2977080002241,-17.1234009998562],[30.2950950002341,-17.1273229999565],[30.29378700017,-17.1325530001208],[30.2903550001832,-17.1446470002588],[30.2857789996012,-17.1479159999234],[30.2798949998544,-17.1498770004232],[30.2763000004447,-17.1528180002505],[30.2697630002623,-17.1537989996241],[30.2678009997164,-17.1564139997063],[30.2678009997164,-17.177985999854],[30.262244999807,-17.1946559996746],[30.2516210000092,-17.213286999995],[30.2493339997643,-17.2201509999686],[30.2512950002641,-17.230284999653],[30.2568510001736,-17.2466269996363],[30.2555440001555,-17.2528380000736],[30.2532549998185,-17.2593760003022],[30.2589740000501,-17.2678750001311],[30.2589740000501,-17.2708159999584],[30.2566869998053,-17.2744120003135],[30.2465550002132,-17.2793149997873],[30.2364209996295,-17.2881390002146],[30.2341340002839,-17.2946770004432],[30.2329675103424,-17.3048802137508],[30.2314450885201,-17.3050070820112],[30.2176358501144,-17.3061578518034],[30.1995955928624,-17.306205181324],[30.1920930760347,-17.3062248647856],[30.149009072211,-17.2830257851119],[30.1574549257043,-17.2780990372407],[30.168722845483,-17.2715260848609],[30.1918393700909,-17.2580414450566],[30.179347200513,-17.233057104102],[30.1775626047305,-17.1902268062221],[30.1775626047305,-17.1866576146571],[30.234054290673,-17.1700424132267],[30.2453772426657,-17.1473965083421],[30.2515546893974,-17.1338061253524],[30.2614386047079,-17.1152737842577],[30.2616616788434,-17.1145153311176],[30.2632232004904,-17.1117045926928],[30.2673872576159,-17.0950483659893],[30.2703615836202,-17.084935656855],[30.28463834988,-17.0403207631926],[30.3024843068054,-17.0010596559783],[30.3143816117221,-16.9869992045496],[30.3185456688476,-16.9832136990529],[30.318948642466,-16.9816018054789],[30.3221148604125,-16.9778599117055],[30.3314536669532,-16.9418387992212],[30.3391338097775,-16.924771815267],[30.3560221793802,-16.906476081306],[30.3792219245522,-16.8636457834261],[30.3878543873701,-16.8388274519253],[30.3917140950295,-16.8208154855462],[30.3740738310425,-16.7736712756088],[30.2970085210265,-16.6809395102501],[30.2872740019936,-16.6693047570089],[30.2230578636295,-16.5922453915115],[30.1544699355392,-16.5922453915115],[30.0840762110483,-16.5922453915115],[30.0740105886178,-16.5962697317627],[30.0393295154448,-16.6161391264195],[29.9946296070707,-16.6422140725214],[29.9692039400099,-16.6422140725214],[29.9682602535079,-16.6438838734419],[29.9670408771348,-16.6436621680746],[29.9575230326619,-16.6446139529715],[29.9403909135099,-16.6398550302854],[29.9356319917231,-16.6312889707094],[29.9318248539339,-16.6236746960304],[29.9283487718783,-16.6216469811233],[29.9184998725711,-16.6132050675598],[29.9127891658874,-16.6046390079838],[29.9116470250902,-16.6031161526882],[29.9089820280982,-16.5951211635108],[29.9008918609707,-16.58905353839],[29.8928016938431,-16.5789408292558],[29.8832838493702,-16.5646640629961],[29.8680552991128,-16.5494355127387],[29.8585374555392,-16.534206961582],[29.8423571203849,-16.5332551775843],[29.834908373123,-16.5328827404461],[29.8299839230197,-16.5323033926874],[29.8052375282894,-16.5303998246921],[29.7900089780319,-16.5284962557975],[29.7706560289526,-16.5284962557975],[29.7624072304094,-16.5275444709006],[29.7357572667845,-16.5237373331114],[29.7110108729535,-16.5227855491137],[29.69102340001,-16.5227855491137],[29.6698726360134,-16.5219395181942],[29.6577109466029,-16.5208819802191],[29.639627042554,-16.525640902006],[29.6256675382264,-16.5263056403929],[29.6091699420393,-16.5294480397952],[29.5863271162035,-16.5361105304765],[29.5730021348407,-16.5399176682657],[29.5615807214731,-16.5437248060549],[29.5454003863188,-16.5494355127387],[29.532075404956,-16.5570497874177],[29.52350934538,-16.5627604941015],[29.5120879329118,-16.5684712007853],[29.4987629506497,-16.5789408292558],[29.4863897541838,-16.5846515350403],[29.4836703697918,-16.5907701490231],[29.4816308314977,-16.5941693795132],[29.4802031550516,-16.5963108937327],[29.4730647719217,-16.6055907919814],[29.4654504972427,-16.6179639893466],[29.4559326527698,-16.6350961084985],[29.4473665931937,-16.6569871494373],[29.4388005336178,-16.6731674845917],[29.4292826900441,-16.6969620944251],[29.4150059237844,-16.7293227647338],[29.4151452089843,-16.731551332428],[29.4150059237844,-16.732178117626],[29.4150059237844,-16.7426477460966],[29.4140541388874,-16.7654905719323],[29.4150059237844,-16.7835744750819],[29.415904831243,-16.7970580878604],[29.415957707782,-16.7988030253393],[29.4173853842282,-16.8026101631285],[29.4188130615736,-16.8073690858146],[29.4235719833604,-16.8245012049666],[29.4288153465511,-16.8344635942195],[29.4391177955499,-16.8641588880223],[29.4414648606149,-16.8709239580742],[29.4445112403015,-16.8797047002117],[29.4421259315665,-16.9028416106518],[29.4385567400016,-16.9272310860458],[29.4361772786585,-16.9498359656573],[29.437961874441,-16.967681923482],[29.4415310660059,-16.9757720906094],[29.4468848533534,-16.9861227459679],[29.4546181011445,-17.0021841080101],[29.455379529242,-17.0040876769047],[29.4593770238307,-17.0117019515837],[29.4671102716218,-17.0253838522829],[29.477222980756,-17.0390657529821],[29.4867408252289,-17.0497733276769],[29.4932843427982,-17.0598860368111],[29.4974483999238,-17.0658346897191],[29.5010175914887,-17.072973072849],[29.5039919174931,-17.0777319946358],[29.5050626746028,-17.0809442668644],[29.5069662434974,-17.0830857819832],[29.5106293611561,-17.087155913015],[29.5141046266273,-17.0896833784851],[29.5188635484141,-17.0914138953349],[29.5213421537175,-17.0954416287281],[29.5242173357615,-17.0979574129042],[29.5282682671668,-17.1062293878759],[29.5282682671668,-17.1252650759225],[29.5302739253015,-17.1352933638976],[29.532075404956,-17.1443007639691],[29.5368343267428,-17.169998942697],[29.5381322148299,-17.174325235721],[29.541593249429,-17.1795167862706],[29.5490610955931,-17.1830310679294],[29.5549182307918,-17.1852274929544],[29.5701467810492,-17.1899864147412],[29.5815681944167,-17.195697121425],[29.5977305710091,-17.2013539533223],[29.6025074504585,-17.2023596121064],[29.6139288638261,-17.2090221027878],[29.6272538451889,-17.2175881623638],[29.639627042554,-17.2271060068367],[29.6520002399192,-17.2356720664127],[29.6624698683898,-17.2451899108856],[29.673891280858,-17.251852401567],[29.6815055564363,-17.2556595384569],[29.6853539515237,-17.2580418785298],[29.684622028384,-17.2559268745256],[29.7329773912936,-17.2890121223115],[29.7584670424201,-17.3072131037017],[29.8509101622742,-17.3798469845506],[29.9008788441834,-17.4655075803105],[29.9327886025121,-17.5736931149452],[29.9429220688984,-17.5723121447896],[29.9670992782092,-17.5626124538016],[30.028013480138,-17.534693444247],[30.0616431954771,-17.5234835397336],[30.0870241131723,-17.5454803346497],[30.0832169753832,-17.5987802610002],[30.079409837594,-17.6254302246251],[30.0796856344845,-17.6264989375759],[30.036054000192,-17.6329820000192],[30.0061469996843,-17.6369030000733],[29.9999350001002,-17.6404990004285],[29.9891490000264,-17.6584770003133],[29.9835910000247,-17.6774340003788],[29.9757479998704,-17.6980280003919],[29.969047000219,-17.7101209995844],[29.9628369998277,-17.7182919995761],[29.9598939999082,-17.7209069996583],[29.9530309999807,-17.7411739998801],[29.9527030001434,-17.7437889999623],[29.9507419996436,-17.7568620002811],[29.9500880000612,-17.7630739998651],[29.944615801678,-17.7711802945349],[30.0731632087152,-17.8648241010514],[30.08029020373,-17.8700159510752],[30.0660134374702,-17.9628149308643],[30.0160447564604,-18.019921995004],[29.9175165808256,-18.0546966453339],[29.9177810003929,-18.0602549996685],[29.9232210003489,-18.0645479997903],[29.9251597282389,-18.0761861749519],[29.8950958104234,-18.0870091857253],[29.8736806610337,-18.0941475688552],[29.861936869491,-18.1010556805751],[29.8379887462837,-18.1084243342156],[29.8346491516371,-18.1171072795772],[29.8332298235976,-18.1179421786886],[29.8213325186808,-18.1417367885219],[29.8094352137642,-18.1679108596984],[29.8022968306343,-18.1964643913186],[29.7951584475044,-18.2238281936162],[29.7951584475044,-18.2345357674117],[29.7902164902989,-18.2427723639534],[29.7883408912192,-18.2499621613246],[29.7889718492715,-18.2569027007989],[29.7917500304396,-18.2735717905057],[29.8070557533204,-18.2845044493208],[29.8070557533204,-18.2975914844594],[29.814194135551,-18.3082990591542],[29.816573596894,-18.3201963640709],[29.8149325895674,-18.32758089794],[29.816573596894,-18.3320936689876],[29.8118146751072,-18.358267740164],[29.8100300793247,-18.3689753148589],[29.8149872899315,-18.3788897351731],[29.826091441367,-18.3915801944704],[29.8308503631538,-18.4106158825169],[29.8330315356769,-18.4346087802709],[29.8570244343302,-18.4367899536933],[29.8736806610337,-18.4417868217044],[29.8903368877372,-18.4367899536933],[29.9141314984699,-18.4367899536933],[29.9617207181367,-18.446307797267],[29.9902742506562,-18.4439283359239],[30.0140688604895,-18.4391694141371],[30.0331045485361,-18.4296515705635],[30.0664170028425,-18.4177542656468],[30.0711759246292,-18.4141850740818],[30.0878321513327,-18.4058569598308],[30.1544570599454,-18.3630266619509],[30.1637105190253,-18.3574745866828],[30.1806311311219,-18.3511293570342],[30.1838216073813,-18.3466626897313],[30.1877459996782,-18.350832999843],[30.191611999894,-18.358276000437],[30.192757999682,-18.3668649999198],[30.1964790004056,-18.3774580000866],[30.2004869999751,-18.3817520002546],[30.2076429999245,-18.3823239996528],[30.2190950001342,-18.3828959999504],[30.2286849999128,-18.3840419997384],[30.2315479997404,-18.3843280003369],[30.2398490003312,-18.3880500002073],[30.2481530001609,-18.3992149997724],[30.2610349997655,-18.4009319998119],[30.2644709999367,-18.4032230002412],[30.2673349998104,-18.405227000026],[30.2724869999751,-18.4057990003236],[30.2956770000935,-18.410666999982],[30.3181490003761,-18.4126699997207],[30.33332200041,-18.4115249999787],[30.3585160003132,-18.4149600001039],[30.3736890003472,-18.4155330004476],[30.3858560002543,-18.4178229999314],[30.3898619997316,-18.4175370002324],[30.3967340000741,-18.4146740004048],[30.4016009996864,-18.4143879998063],[30.4101900000685,-18.4169649999348],[30.4204969996369,-18.425840000016],[30.4262210000991,-18.430418999837],[30.4348099995819,-18.4344270003058],[30.4496969999167,-18.4372900001334],[30.4652989999489,-18.4381500002223],[30.4730300003343,-18.440152999961],[30.4756060004166,-18.444448000175],[30.4756060004166,-18.4516040001245],[30.4744599997293,-18.4527509999586],[30.4678760000774,-18.4599069999081],[30.4638689996547,-18.4785150000671],[30.4569980002576,-18.4893949999792],[30.4499829996158,-18.5019909998847],[30.451988000346,-18.5120099996617],[30.4577140000011,-18.5148730003886],[30.4637260002548,-18.5180219999153],[30.4688789995662,-18.5203130003446],[30.4743170003293,-18.5200269997462],[30.481475000371,-18.5140150003919],[30.4851970002414,-18.516591999621],[30.4889180000657,-18.5243219999603],[30.5038050004005,-18.5237479995705],[30.5198360004311,-18.5309059996122],[30.5378720002926,-18.5392070002029],[30.5488939995585,-18.548942000373],[30.5657859997241,-18.5500850000227],[30.5689350001502,-18.5480820002841],[30.5715100001864,-18.5403529999909],[30.5749470004038,-18.5394949999942],[30.5823890000524,-18.5397809996933],[30.5892600003488,-18.5354860003786],[30.6095859996942,-18.5363459995682],[30.6201799999071,-18.5334829997406],[30.6320610001151,-18.5346270003358],[30.6400750000612,-18.5363459995682],[30.6478060004466,-18.5397809996933],[30.6555359998865,-18.5409240002424],[30.6707089999205,-18.5426440004202],[30.6861679996535,-18.5495139997713],[30.7039179998159,-18.5549539997273],[30.7086409999822,-18.555811999724],[30.7178019997625,-18.5543800002368],[30.7261040003993,-18.5532359996416],[30.7366959996207,-18.5435020004169],[30.7464309997908,-18.5323369999525],[30.7555919995712,-18.5260389999998],[30.7588040002045,-18.5239160001233],[30.7588040002045,-18.5272419997185],[30.7605800002668,-18.5574159999484],[30.7556990000089,-18.5645160000133],[30.7530360004112,-18.5733920001407],[30.7308479997354,-18.6035670004167],[30.7095480004399,-18.618654000082],[30.7051099999266,-18.6310800002417],[30.6993440002255,-18.6381010002609],[30.7021769995689,-18.6394759998175],[30.7085809999133,-18.6478019997624],[30.7220299995849,-18.6542070001529],[30.7284329998831,-18.663811999724],[30.7361179999458,-18.6753399998411],[30.7412429997647,-18.6798239997777],[30.7502070003528,-18.6823840000216],[30.7662180003605,-18.6830249999037],[30.7892739996954,-18.6811040003493],[30.7937560004391,-18.6753399998411],[30.7931169997498,-18.6702170001144],[30.7899149995776,-18.6670149999423],[30.7796680000782,-18.6657330001778],[30.7700610004149,-18.663172999934],[30.7649379997889,-18.6529250003884],[30.7598150000622,-18.6522839996068],[30.7546900002434,-18.6522839996068],[30.7489279998274,-18.649082000334],[30.7470050001807,-18.6445990004435],[30.7482869999452,-18.6433179998258],[30.7514890001173,-18.6420380001536],[30.7604539998522,-18.6356329997631],[30.7668590002427,-18.6305100000365],[30.7726229998516,-18.6266680000281],[30.7767860002737,-18.6253870003098],[30.7844710003365,-18.623465999856],[30.798558999798,-18.6202639996838],[30.8068859997891,-18.615139999911],[30.8145709998518,-18.6138590001926],[30.8273789996412,-18.6132200004026],[30.840827000166,-18.6023310000755],[30.8549169997198,-18.5876019998324],[30.8613220001102,-18.5811970003413],[30.8677250004085,-18.5799169997697],[30.8683660002907,-18.5741530001608],[30.8658039999547,-18.5690300004341],[30.8626019997825,-18.560704999636],[30.8683660002907,-18.5568610004348],[30.8837369995629,-18.5543000001449],[30.9045499997827,-18.5510969999266],[30.913515000417,-18.5453350004099],[30.9397729999241,-18.5209989996041],[30.9545040002595,-18.5139540002769],[30.9570649996501,-18.5145930000668],[30.9679519998849,-18.5190770000035],[30.9871650000647,-18.5209989996041],[31.0082979997529,-18.526121000184],[31.0262310002605,-18.5152349999952],[31.0275109999328,-18.5107510000586],[31.0275109999328,-18.4941000002148],[31.0230290000883,-18.4729669996273],[31.0121419998534,-18.4479899998386],[31.0115009999712,-18.4319799998771],[31.0140620002612,-18.4217330003776],[31.0214269999561,-18.4166099997517],[31.0380779997999,-18.4274969999865],[31.0566500000975,-18.4377440003853],[31.0675370003324,-18.4396639998936],[31.0873900003483,-18.4441469997842],[31.112367000137,-18.4441469997842],[31.124593000067,-18.4410910000495],[31.1253160001334,-18.4528900000734],[31.1302429998146,-18.4643869996602],[31.1411930002568,-18.4725999997901],[31.1576170004243,-18.4780749995616],[31.1680179998309,-18.4819059999619],[31.178421000229,-18.4939509996389],[31.1915599999941,-18.5076380003933],[31.2074370001175,-18.5131130001648],[31.2231899999186,-18.5156530003856],[31.2243399998911,-18.5181310004453],[31.2243399998911,-18.5303419996835],[31.2207479997205,-18.5411160001033],[31.2121289997536,-18.5569170003193],[31.2013560002792,-18.5719999998001],[31.1977650001547,-18.5842109999376],[31.1956099997018,-18.5992940003178],[31.2020740001151,-18.6050410000421],[31.2128479996355,-18.6093500000025],[31.2185950002591,-18.6071959995957],[31.2243399998911,-18.6057579998318],[31.2286489998515,-18.6057579998318],[31.2394230002713,-18.611504999556],[31.241578999871,-18.612941000127],[31.2530700000805,-18.6122240003373],[31.2566620002511,-18.612941000127],[31.273181000303,-18.6237159996936],[31.28826499983,-18.6409529995812],[31.3155590003477,-18.6466990001587],[31.3241780003145,-18.6431080000341],[31.3342339999991,-18.6495720004474],[31.3450080004189,-18.6510100002113],[31.350753000051,-18.6581910004143],[31.3564999997752,-18.6617829996857],[31.3615279996175,-18.666809000335],[31.3629640001885,-18.6725570001054],[31.3823559996297,-18.6984150000522],[31.3888220001352,-18.6991319998419],[31.3995949996096,-18.7077519998548],[31.4060590000229,-18.7120619998614],[31.4089330003577,-18.7206799997821],[31.4118059997471,-18.7271440001954],[31.4175520003246,-18.7321730000838],[31.4333529996413,-18.7343269995913],[31.4419719996081,-18.7350460003726],[31.4635200004477,-18.7479740002999],[31.4735750000862,-18.769521000194],[31.4879409997774,-18.7767039995899],[31.4979970003614,-18.7774230003711],[31.5044609998753,-18.7745490000363],[31.5116440001705,-18.7738320002466],[31.5137969996319,-18.7759849997079],[31.5220580001766,-18.7960980000227],[31.5285219996906,-18.7996880001011],[31.5364219997755,-18.7989710003114],[31.5522250000838,-18.7910700001803],[31.5658719998929,-18.7946600002588],[31.5766460003127,-18.7932239996878],[31.5859830001154,-18.784605999767],[31.5910109999577,-18.7817320003315],[31.597475000371,-18.7817320003315],[31.6053749995567,-18.7853239996028],[31.6118389999699,-18.7889149997274],[31.6190220002651,-18.8025620004359],[31.6218959997007,-18.8226729997591],[31.6398520003696,-18.8485289996136],[31.6534990001788,-18.8765409999671],[31.6628359999814,-18.9002450004064],[31.6645958491192,-18.9057762293894],[31.680772161606,-18.8845448195877],[31.6983906017449,-18.8645656815609],[31.7133107331039,-18.849645550202],[31.741787360998,-18.8394753258256],[31.7632794141137,-18.8317995923773],[31.825622728706,-18.8125684168989],[31.8361543951093,-18.8328024740549],[31.8392042120049,-18.8332490701884],[31.8395892072762,-18.8332470700962],[31.8397842036781,-18.8334280703491],[31.8401731991339,-18.833611069795],[31.8404504484295,-18.8337844725753],[31.8468873360817,-18.8478285914163],[31.8557220051665,-18.8601971275953],[31.8147559722104,-18.8703350051563],[31.8102367260441,-18.8732108886715],[31.8103680000832,-18.8743590000677],[31.8055190004016,-18.8869089996506],[31.8056432444402,-18.8879544705224],[31.7622122156213,-18.9155923978708],[31.6896649808542,-18.9745370269622],[31.6854620001712,-18.9584229997216],[31.6793570001255,-18.9447759999124],[31.67289099962,-18.9318479999852],[31.6695519949287,-18.9213534611932],[31.6588100328568,-18.9235018543271],[31.616394408775,-18.9271901691909],[31.5989473893106,-18.9184666590091],[31.5823914981692,-18.9120282568985],[31.5622505819988,-18.9068491646572],[31.54078394912,-18.9050602782093],[31.5343690426972,-18.9114751837327],[31.5169563206777,-18.9364177322925],[31.5139819946734,-18.9667558605944],[31.5132227932973,-18.966850760654],[31.5131215853929,-18.9677616353911],[31.5059357927027,-18.9677616353911],[31.5044641502004,-18.9679455908163],[31.4976578030652,-18.9677616353911],[31.4799064943892,-18.9677616353911],[31.4640133127642,-18.9703250521594],[31.4420032987133,-18.9738942437243],[31.4315538267477,-18.9770290852241],[31.4282527671515,-18.9797799683708],[31.4229676106668,-18.9863864133023],[31.4247522064492,-19.0054221013489],[31.4265833061747,-19.0154931493893],[31.4319786520932,-19.0359954653184],[31.4325058445691,-19.041267384682],[31.433080319801,-19.043493477442],[31.433080319801,-19.0470121414971],[31.433812992076,-19.0543388588512],[31.4402187029308,-19.0607445697061],[31.4461673558388,-19.0672880881747],[31.4455202981233,-19.0698763163389],[31.4522643860926,-19.0968526646187],[31.4536801285352,-19.1117179616146],[31.4578489997316,-19.116738999805],[31.4603590003676,-19.1277290002931],[31.4633099997567,-19.1345799996672],[31.4696000002399,-19.140938999735],[31.4792269999261,-19.1449900003881],[31.4859400001309,-19.1458389999698],[31.4915689998095,-19.1457880003159],[31.4931289998036,-19.145779999947],[31.5022599999991,-19.1484499998676],[31.5030490004111,-19.148969000419],[31.5119089998005,-19.1547899999585],[31.5215389996252,-19.1592800001718],[31.5325789997211,-19.1610200003727],[31.5382989999989,-19.1582199998531],[31.5463390002447,-19.1489789999808],[31.5553199998182,-19.1383489999064],[31.563308000364,-19.1245300002593],[31.5708189995972,-19.1111599997341],[31.5726890003971,-19.1070190003266],[31.5753839996719,-19.0991610003798],[31.5801039996999,-19.0929010003808],[31.5872720002027,-19.0836459998629],[31.5889049999658,-19.0764770002134],[31.5915349998404,-19.0718489999314],[31.5947109997129,-19.0622309997608],[31.5961220000303,-19.0606509997438],[31.5923610001601,-19.0456100004012],[31.5901220003301,-19.0329510002884],[31.590040000146,-19.0321399997611],[31.5894390003097,-19.0216000002398],[31.5960690002842,-19.0151189999419],[31.6022999998452,-19.0158100003312],[31.6075700000555,-19.0163890000522],[31.6249399997812,-19.0281389996151],[31.6266989999589,-19.0294990002786],[31.6413589997181,-19.040818999797],[31.6495390001248,-19.0439599998541],[31.6620190000768,-19.0465899997287],[31.6701500000225,-19.0465080004438],[31.6777889997626,-19.044598999644],[31.6849380002885,-19.0422399996762],[31.6940090004151,-19.0398589995931],[31.6982990003986,-19.0384379997139],[31.7026189999669,-19.0393179998258],[31.7064090002752,-19.0356099997017],[31.7106489997516,-19.0305300001593],[31.7170419995887,-19.0275450001016],[31.7196900002933,-19.0263079997144],[31.7287590003277,-19.0234690000942],[31.7474699998407,-19.0274100001713],[31.7551889996727,-19.0321189996921],[31.7585600004437,-19.0341790002606],[31.7697199997782,-19.0397999995703],[31.7763800002369,-19.043158999788],[31.7884290000983,-19.0489990002037],[31.7911241954253,-19.0515229358348],[31.7702968636094,-19.0723502676507],[31.755383809915,-19.0915241940862],[31.7468620644328,-19.1106981214211],[31.7404707553212,-19.129872048756],[31.7298185734684,-19.153306848832],[31.7106446461336,-19.1852633934908],[31.7021229006514,-19.1937851389729],[31.7002765223437,-19.1993242738961],[31.6893402824281,-19.2086981935668],[31.685079409687,-19.22148081179],[31.6659054832515,-19.2555677928194],[31.6509924286577,-19.266219974672],[31.6475304695556,-19.2694156292279],[31.6382098104344,-19.2747417201542],[31.6105141376174,-19.2960460838597],[31.609739433728,-19.2975954916386],[31.6083837012469,-19.2981765202302],[31.6019923930346,-19.3109591384534],[31.5913402111818,-19.3216113194068],[31.5842387560138,-19.3375895921859],[31.5815402035176,-19.3416374218295],[31.5764271565881,-19.3450461194828],[31.5679054111059,-19.3620896104471],[31.5658395334677,-19.3972095302955],[31.5466010474005,-19.4068287733292],[31.539082683619,-19.4101702682432],[31.5309670000271,-19.4050119998039],[31.5260200003228,-19.3969779998348],[31.5189740000501,-19.3889940003728],[31.5144530002058,-19.3863580002215],[31.5069519996351,-19.3819900002383],[31.4791479998804,-19.3739069998081],[31.4620469999691,-19.3689840003114],[31.4551039999497,-19.369134000034],[31.4180309999308,-19.3699869998002],[31.4080310001306,-19.3670249999038],[31.4038466821787,-19.3639084443192],[31.4004396203922,-19.3686745112197],[31.400193360835,-19.3686573809333],[31.388478300833,-19.3846885167616],[31.3770126111431,-19.4014460628854],[31.3603127241529,-19.4398558026032],[31.3573924761819,-19.4452095899506],[31.3549589368055,-19.4541325688629],[31.3445697374035,-19.4818371018007],[31.3434673961035,-19.4808601601682],[31.341331115039,-19.4904734281062],[31.3388975747633,-19.4969628667429],[31.3388975747633,-19.5094479172875],[31.328866194919,-19.515811962552],[31.3250173861435,-19.5161968436094],[31.3139132347081,-19.5148088245676],[31.3127861215823,-19.5147148984738],[31.2817905106236,-19.5076704414377],[31.2782213190587,-19.5041012498728],[31.2719752342697,-19.5061832784355],[31.2710829359288,-19.5058858456552],[31.2618354852195,-19.5092928013217],[31.2425294043086,-19.5148088245676],[31.2400012265754,-19.5173370023008],[31.2371756169612,-19.5183780161325],[31.2359858867393,-19.5237318034799],[31.2336064253963,-19.5308701866098],[31.2340525745667,-19.5324317073574],[31.2336064253963,-19.5344393781747],[31.2407448085261,-19.5487161435352],[31.2407448085261,-19.5719158887073],[31.2550215747859,-19.5969002296618],[31.2550215747859,-19.6290229528469],[31.2574555134612,-19.6399756782349],[31.2621599579158,-19.6611456769314],[31.2606727940143,-19.6700686549444],[31.2621599579158,-19.6789916338568],[31.2630729379658,-19.682643557654],[31.2593732161011,-19.6832740606494],[31.2589159558067,-19.6836542796212],[31.2593640133386,-19.6841256358894],[31.2573848159565,-19.6900658594518],[31.2460985958735,-19.6968375916815],[31.2353910211787,-19.6986221874639],[31.219439334158,-19.7044228011713],[31.2177912024021,-19.7033056687216],[31.2151370539319,-19.7032792655256],[31.2028221488231,-19.7106682087708],[31.1878933192214,-19.7163308682749],[31.1693609781267,-19.7200373359543],[31.1532996160844,-19.7236065275192],[31.1468221950883,-19.7240692008329],[31.1408074465065,-19.7236065275192],[31.1051155308571,-19.7325295064315],[31.0640698287596,-19.7253911233017],[31.0529773280413,-19.7207692483021],[31.0471926341328,-19.7199644827746],[31.0422289960713,-19.7164190279158],[30.9975264086169,-19.7112610364676],[30.9851310861308,-19.7147971482697],[30.9746753090183,-19.7176487240093],[30.9733507308516,-19.7182425589469]]],[[[30.0407709263372,-19.6303349845718],[30.0138552031552,-19.6246685164388],[29.9727733096406,-19.6275017505054],[29.9770231602907,-19.6289183670889],[29.9586071393081,-19.6530008562045],[29.9401911183255,-19.6544174736874],[29.9345246501925,-19.6657504090541],[29.9302747995424,-19.6827498134531],[29.9401911183255,-19.7025824519186],[29.9571905227245,-19.7082489200516],[29.9911893306232,-19.7110821541181],[30.0266047560048,-19.6997492178521],[30.0365210747878,-19.6898328981697],[30.0535204791868,-19.6799165793866],[30.0591869473198,-19.655834090271],[30.0407709263372,-19.6303349845718]]],[[[30.7501100003762,-19.1737090000702],[30.7409780001346,-19.170079999992],[30.7339450993869,-19.1701142353836],[30.7674749827843,-19.2137030844298],[30.7924593237389,-19.2743793401344],[30.8104026052961,-19.307275357072],[30.811685633885,-19.3099260278639],[30.8193180002256,-19.3020170003842],[30.8300260002997,-19.2909449997119],[30.8410559999345,-19.2819900004381],[30.8630479996655,-19.2699520001846],[30.8511860003337,-19.2570640003033],[30.8426889996977,-19.2516699997706],[30.835468000348,-19.2475789999708],[30.8239089997006,-19.241219999903],[30.8099590003077,-19.2339490000463],[30.7988679996585,-19.2257479995705],[30.787788000416,-19.2170899996037],[30.7771980003874,-19.2116390000398],[30.7670700000805,-19.201138999665],[30.7578690002542,-19.1874289996485],[30.7501100003762,-19.1737090000702]]],[[[30.0693889996027,-19.1866600001588],[30.094258999853,-19.1595590004475],[30.1105189996522,-19.1453170001794],[30.1277189996322,-19.1232790001257],[30.0875240004323,-19.0953419996336],[30.0337330001778,-19.094059999869],[30.0094009995565,-19.0774110001175],[30.0106810001281,-19.1440080000691],[29.9344799997522,-19.1247969999815],[29.8755679998633,-19.1337619997165],[29.8616921630629,-19.1368618989574],[29.8731915809267,-19.1469238899255],[29.8824152454673,-19.1690606841032],[29.8897941774594,-19.1838185471881],[29.9027073079959,-19.2022658762691],[29.9100862390887,-19.2078000748136],[29.9322230341658,-19.2280921373422],[29.9525150957951,-19.2280921373422],[29.9783413559688,-19.2317816033383],[30.0226149461229,-19.2391605344311],[30.0429070077523,-19.235471068435],[30.0742674673698,-19.2299368698906],[30.109317392084,-19.2262474038946],[30.1236645608708,-19.2208672160492],[30.1054190000868,-19.2141390002146],[30.0891430004492,-19.2110319999268],[30.0796220002551,-19.2047669996973],[30.0600050003305,-19.1968679996584],[30.0600050003305,-19.1948259999199],[30.0679390001848,-19.1891069996883],[30.0693889996027,-19.1866600001588]]],[[[30.2540980000227,-19.0753700004251],[30.2609379997889,-19.1086209995594],[30.2599290000234,-19.1131170000494],[30.2527790003506,-19.1120700003302],[30.2225389997751,-19.0956090002551],[30.1980469998692,-19.0858800003617],[30.1875190000019,-19.0802970001064],[30.1803090002602,-19.0782500001374],[30.1750499996578,-19.0787200002278],[30.1648709996969,-19.0838369996778],[30.1555839572339,-19.0935565207168],[30.2249578739068,-19.1351808709004],[30.3034800865368,-19.0994889561504],[30.349879576881,-19.0495202751405],[30.4105558325857,-19.0281051257509],[30.4855088536507,-19.024535934186],[30.5640310671801,-19.0352435088808],[30.6389840891445,-19.0780738067607],[30.6889527701543,-19.1209041046407],[30.7171262464792,-19.1514253717834],[30.7168899999735,-19.1490889996576],[30.7182380000837,-19.1353300000794],[30.7200900000535,-19.1238490003311],[30.7239089999005,-19.122918999712],[30.7301590003377,-19.1247189999818],[30.7349390004346,-19.1237900003083],[30.7349199995584,-19.1201190000917],[30.7334300000945,-19.112778999751],[30.7324289997986,-19.1059090004],[30.7295090000404,-19.0985789996211],[30.7246600003588,-19.089429000348],[30.7169390004346,-19.0802990001986],[30.7097089997706,-19.0720690001842],[30.7048790000658,-19.0661289996536],[30.7005290000134,-19.0601900000684],[30.6960979998229,-19.0541890003221],[30.6937690003392,-19.051039999896],[30.6855499999326,-19.0377779998548],[30.6763589996681,-19.0222200000529],[30.6734399999561,-19.0135189999019],[30.6750290003881,-19.0083289997835],[30.6762580004064,-19.0043390001447],[30.681958999808,-18.9965190001517],[30.6890900004033,-18.9882290000683],[30.6966989996591,-18.9799400000309],[30.7019190002617,-18.9716600004086],[30.6966300000745,-18.9675590001477],[30.6846190001668,-18.960269000314],[30.6845679996135,-18.9520089998155],[30.6850389997501,-18.9501800000069],[30.6854889998176,-18.9465099998366],[30.6859490003461,-18.9423800000369],[30.6859199999081,-18.9377889996626],[30.6858779997699,-18.9304500002672],[30.6853580000717,-18.9244879996214],[30.6838980001926,-18.919448000125],[30.6781500004222,-18.9176400003857],[30.6709690002193,-18.9190499997576],[30.6646189996671,-18.9199899999385],[30.6614090000254,-18.9204589999828],[30.6527989995742,-18.9209589996581],[30.6417990004236,-18.9237489997165],[30.6312899996339,-18.9270089998654],[30.6222089999454,-18.9284190001367],[30.6135899999786,-18.9284489997215],[30.6073790004406,-18.9312300002642],[30.6021300002993,-18.9335399997711],[30.595898999839,-18.9331089996805],[30.5887100001664,-18.9308390002196],[30.582457999637,-18.9262790003755],[30.5771799999571,-18.922628000182],[30.5690190004266,-18.9171500002723],[30.5598999998852,-18.9130589995731],[30.5503100001065,-18.9103390000448],[30.536315000437,-18.9042560001143],[30.5171099997268,-18.893172999834],[30.4996159996787,-18.8866819999743],[30.4921180001456,-18.8855010003708],[30.4839949996696,-18.8849120001886],[30.4771210001341,-18.8843209999142],[30.4621250001687,-18.8807790002507],[30.4427559999895,-18.8725179997059],[30.4385959997057,-18.8676160002781],[30.4197690002392,-18.855946999954],[30.407065999896,-18.8530900004031],[30.3921429996997,-18.8453709996718],[30.378995000419,-18.840002000292],[30.3749000004347,-18.8512399996262],[30.3730060003267,-18.8719250002386],[30.3731089996807,-18.8838099997317],[30.3789690001193,-18.9140700003302],[30.379118999842,-18.9507690001892],[30.3652590001028,-18.9558479996854],[30.3469880001961,-18.957991999631],[30.3390170004343,-19.0377290002931],[30.3390170004343,-19.0420720000228],[30.3439779998848,-19.0479979999078],[30.3370109996579,-19.0559709997618],[30.3263679998834,-19.0541090002301],[30.3173399999411,-19.0491120000187],[30.3009490003961,-19.0459089998005],[30.289938999885,-19.0491479998802],[30.2644020003521,-19.0627300002893],[30.2560360003612,-19.0695399995713],[30.2540980000227,-19.0753700004251]]],[[[29.9053888354265,-17.9932508973111],[29.9053408700851,-17.9931193822537],[29.904613653997,-17.9942102059362],[29.9053888354265,-17.9932508973111]]],[[[30.4603939940876,-16.8382862776895],[30.457217999611,-16.8400090001152],[30.4603229998066,-16.838375000306],[30.4603939940876,-16.8382862776895]]]]},"properties":{"FID":4,"gez_name":"Region III","ID2":4,"ID3":3,"GlobalID":"ef7b77da-2e46-4f06-a921-227f2fa39336"}},{"type":"Feature","id":5,"geometry":{"type":"MultiPolygon","coordinates":[[[[29.5316664598393,-21.0895468579011],[29.5376575202784,-21.1135110996575],[29.5586262327145,-21.1135110996575],[29.5915770660288,-21.1135110996575],[29.603559186907,-21.1374753423132],[29.5915770660288,-21.1464619329718],[29.5855860055897,-21.1614395840695],[29.5855860055897,-21.1913948871643],[29.5646172931536,-21.1973859476034],[29.5286709296198,-21.2153591289206],[29.5136932785221,-21.221350190259],[29.4777469149882,-21.221350190259],[29.450787142113,-21.2153591289206],[29.4358094910153,-21.2123635987011],[29.417836309698,-21.2003814778229],[29.4088497190394,-21.1883993569447],[29.3968675972619,-21.1704261747282],[29.3878810066032,-21.1494574631913],[29.3878810066032,-21.1374753423132],[29.3968675972619,-21.110515569438],[29.417836309698,-21.0985334485597],[29.4537826732318,-21.0895468579011],[29.4777469149882,-21.0805602663432],[29.5047066878634,-21.0745692059041],[29.5166888087416,-21.0775647361236],[29.5256753994002,-21.0805602663432],[29.5316664598393,-21.0895468579011]]],[[[30.7980763480451,-20.7171375437626],[30.8052147311749,-20.7278451184574],[30.8206812276566,-20.7361732318092],[30.8385271854813,-20.743311614939],[30.856373143306,-20.7552089198557],[30.8682704482226,-20.7611575727638],[30.8789780229175,-20.7706754163373],[30.8849266749261,-20.7790035296891],[30.8861164060473,-20.7944700261707],[30.8813574833612,-20.8087467924305],[30.8718396397876,-20.8170749057823],[30.8635115264358,-20.8242132889121],[30.8587526037497,-20.8289722106989],[30.8551834121848,-20.8349208636069],[30.8444758383893,-20.8384900551719],[30.8337682636945,-20.8420592467368],[30.8242504192215,-20.8456284383017],[30.8087839227399,-20.8444387080799],[30.80164553961,-20.8444387080799],[30.7992660791663,-20.8456284383017],[30.7837995826846,-20.8503873600886],[30.768333086203,-20.8396797853937],[30.756435780387,-20.8301619418201],[30.7445384754703,-20.8230235586903],[30.7397795536835,-20.8170749057823],[30.7350206318967,-20.8039878706437],[30.7314514403317,-20.7944700261707],[30.7290719789887,-20.7825727212541],[30.7504871283783,-20.7540191896338],[30.7588152417301,-20.7421218847172],[30.762384433295,-20.7207067353276],[30.7754714684336,-20.7111888917539],[30.7861790431284,-20.7111888917539],[30.7980763480451,-20.7171375437626]]],[[[30.7681778901975,-20.8266502412156],[30.7920500980337,-20.8372601117647],[30.807964902958,-20.8372601117647],[30.8318371107941,-20.8293027088529],[30.8450994489804,-20.8293027088529],[30.850404384255,-20.8186928392031],[30.8663191891793,-20.808082968654],[30.8769290597284,-20.7948206304676],[30.8769290597284,-20.7921681637298],[30.8716241244538,-20.7736008902688],[30.850404384255,-20.7656434882563],[30.8318371107941,-20.7470762147954],[30.8026599685828,-20.7364663451457],[30.7920500980337,-20.7205515393221],[30.7708303578348,-20.7232040069593],[30.7655254225602,-20.7497286824327],[30.7522630852732,-20.7736008902688],[30.7443056823614,-20.7842107608179],[30.7443056823614,-20.8054305010168],[30.7549155529105,-20.8107354362913],[30.762872954923,-20.8239977735784],[30.7681778901975,-20.8266502412156]]],[[[31.7789724453222,-20.6644958941702],[31.7682648706273,-20.6662804899526],[31.7361421474422,-20.6555729161571],[31.7254345727474,-20.6484345330272],[31.725312755979,-20.6474599997792],[31.7266819998745,-20.6474599997792],[31.7643809999832,-20.6212040003643],[31.7771719998879,-20.6131260001648],[31.7778450003465,-20.6010089998654],[31.7785179999058,-20.5855249998788],[31.7787149999973,-20.5854069998331],[31.8091479995805,-20.5673479998103],[31.8319491940002,-20.5285860550024],[31.8360795094619,-20.5306512131829],[31.8467870841567,-20.5431433836602],[31.8503562757216,-20.5716969152804],[31.8539254672866,-20.6002504477999],[31.8717714251112,-20.6198810005077],[31.8646330419813,-20.6430807456798],[31.8414332968093,-20.6520037245922],[31.8218027432021,-20.6644958941702],[31.7789724453222,-20.6644958941702]]],[[[32.5139992272826,-19.9038169167173],[32.5168286455256,-19.9132796048698],[32.480265999976,-19.9120800000919],[32.4746621516371,-19.9181927450991],[32.4626613068739,-19.894191056472],[32.4514311370374,-19.8733350263903],[32.4434095872827,-19.8540833058998],[32.4434095872827,-19.8219971059816],[32.4457543473853,-19.800894258763],[32.4498268265469,-19.7818893554094],[32.4498268265469,-19.7730656499597],[32.4530354466286,-19.7530117746736],[32.4536113526818,-19.744373182976],[32.4562440667104,-19.7305514350007],[32.4581491851368,-19.7191207262405],[32.4626613068739,-19.7064867848372],[32.4674742374461,-19.6904436844284],[32.4674742374461,-19.6768070493058],[32.4722871671191,-19.6615661036927],[32.4658699269556,-19.6471273137745],[32.4642656173644,-19.6375014535292],[32.4593042698762,-19.629833916502],[32.4710379998039,-19.6117780002545],[32.4720570000306,-19.6005779999747],[32.475111999719,-19.5965060001517],[32.4765263850846,-19.5932725246073],[32.4963518172826,-19.6423143841015],[32.4963518172826,-19.6920479940197],[32.4851216474461,-19.7578247052459],[32.4858331235998,-19.7816591721331],[32.4899345771191,-19.8011410758999],[32.487314204487,-19.8312753656655],[32.4878064106374,-19.8477642896902],[32.4899345771191,-19.8669177862268],[32.4941057838549,-19.8752601987991],[32.4980917032696,-19.8821248381907],[32.5139992272826,-19.9038169167173]]],[[[32.4585284292436,-19.4558183012736],[32.4585284292436,-19.4901367453145],[32.4539526373044,-19.5164253739318],[32.440225259688,-19.5107278117391],[32.4395715748684,-19.5100741269194],[32.4287857780413,-19.5061520189005],[32.4205020156555,-19.4945547512008],[32.4127705044553,-19.4901367453145],[32.4096026479439,-19.4894327767012],[32.3921794380307,-19.4878488484455],[32.3693004747371,-19.4832730565063],[32.3098151723324,-19.4832730565063],[32.2819103387911,-19.4844357576041],[32.2777846242611,-19.4855609524759],[32.2749945072907,-19.4847239174748],[32.2549056618669,-19.4855609524759],[32.2320266985733,-19.4878488484455],[32.2251630106645,-19.4901367453145],[32.2091477361791,-19.4855609524759],[32.2137235290177,-19.4649698860513],[32.2091477361791,-19.43293933798],[32.2091477361791,-19.4077724796162],[32.2022840473709,-19.3643024498981],[32.2005982295247,-19.3623356622609],[32.1999961514013,-19.3597266579589],[32.1954203585627,-19.3482871763121],[32.1771171890071,-19.3345597986957],[32.1611019145218,-19.3276961098875],[32.1427987449662,-19.3116808363015],[32.1077939320444,-19.2972670898043],[32.1039045080867,-19.2933776658466],[32.1199197816726,-19.2819381850991],[32.1260208381912,-19.2560086935463],[32.135935056158,-19.2361802594114],[32.1378961097178,-19.2332386786221],[32.1673635252066,-19.2004971049574],[32.1753783876026,-19.1958217688595],[32.2068598402095,-19.1868270681147],[32.2205872178259,-19.1858465417844],[32.2549056618669,-19.1812707489459],[32.2823604170996,-19.1698312672991],[32.3212546530798,-19.1561038896827],[32.3532852011512,-19.1561038896827],[32.3876036451921,-19.1629675784909],[32.3916074638134,-19.1646835011426],[32.4059068156471,-19.1675433713295],[32.4425131556577,-19.1789828529762],[32.4524441342894,-19.2028172002536],[32.4470889484962,-19.222452881795],[32.4516647404355,-19.256771325836],[32.4516647404355,-19.2750744962909],[32.4539526373044,-19.2956655627155],[32.4653921180519,-19.3162566282408],[32.4585284292436,-19.3368476946653],[32.4493768444659,-19.3505750722818],[32.4516647404355,-19.3803177243834],[32.4562405332741,-19.3986208939391],[32.4562405332741,-19.4100603755858],[32.4585284292436,-19.4558183012736]]],[[[30.1277189996322,-19.1232790001257],[30.1105189996522,-19.1453170001794],[30.094258999853,-19.1595590004475],[30.0693889996027,-19.1866600001588],[30.0679390001848,-19.1891069996883],[30.0600050003305,-19.1948259999199],[30.0600050003305,-19.1968679996584],[30.0796220002551,-19.2047669996973],[30.0891430004492,-19.2110319999268],[30.1054190000868,-19.2141390002146],[30.1236645608708,-19.2208672160492],[30.109317392084,-19.2262474038946],[30.0742674673698,-19.2299368698906],[30.0429070077523,-19.235471068435],[30.0226149461229,-19.2391605344311],[29.9783413559688,-19.2317816033383],[29.9525150957951,-19.2280921373422],[29.9322230341658,-19.2280921373422],[29.9100862390887,-19.2078000748136],[29.9027073079959,-19.2022658762691],[29.8897941774594,-19.1838185471881],[29.8824152454673,-19.1690606841032],[29.8731915809267,-19.1469238899255],[29.8616921630629,-19.1368618989574],[29.8755679998633,-19.1337619997165],[29.9344799997522,-19.1247969999815],[30.0106810001281,-19.1440080000691],[30.0094009995565,-19.0774110001175],[30.0337330001778,-19.094059999869],[30.0875240004323,-19.0953419996336],[30.1277189996322,-19.1232790001257]]],[[[25.6900170000845,-17.848311999699],[25.7051199995884,-17.8530000000499],[25.7225429999596,-17.851592999917],[25.7320860002687,-17.8567539995974],[25.7396179995711,-17.8597750004159],[25.7500300003842,-17.8601679996534],[25.7576269999861,-17.8611330000878],[25.7692029996188,-17.8677519995551],[25.7806870004048,-17.876410999568],[25.7864889999674,-17.8882899996837],[25.791093000042,-17.8953279995875],[25.8046110001976,-17.9054369999176],[25.8120440003304,-17.9112010004258],[25.817541000217,-17.9127879998663],[25.8294370002174,-17.9104910000595],[25.8320019997925,-17.9116850002625],[25.8342219996456,-17.9127190002816],[25.8435419995637,-17.9233700004251],[25.847940000031,-17.9358779998698],[25.846380000037,-17.9406240001974],[25.8443659997911,-17.9445149997674],[25.8426149999823,-17.9449039997198],[25.8411459996882,-17.9450639999037],[25.8399710003614,-17.9452510004333],[25.8382789996762,-17.9451250000187],[25.8365659998211,-17.9451749996265],[25.8352830000105,-17.9459569997157],[25.8349720000578,-17.9467650001046],[25.8367799997972,-17.947619999963],[25.8386420002282,-17.94776100017],[25.8400759998076,-17.9476959998705],[25.8421629998226,-17.9477529998011],[25.8438539995625,-17.9477309996859],[25.8449679996735,-17.9479770002383],[25.8446840000666,-17.9488829997506],[25.8439250001387,-17.949321000164],[25.8369100003962,-17.9519289999234],[25.8375369996329,-17.9540129998001],[25.837434000279,-17.9567520002046],[25.838711999859,-17.9595450004014],[25.8455810000631,-17.9618640003233],[25.8488420002582,-17.9674719999328],[25.846601000336,-17.9715079998942],[25.8457060004316,-17.9769590003575],[25.8476120001937,-17.9818300001543],[25.8503509996989,-17.9871330000879],[25.8484629998676,-17.9888680000581],[25.8462670002219,-17.9896080000091],[25.8450059996272,-17.9911069998881],[25.8467350002201,-17.9927710001815],[25.8509040000196,-17.992331999722],[25.8545639997288,-17.9921070001379],[25.8600859998691,-17.9917600003237],[25.8666820000743,-17.9921300002993],[25.8668299997047,-17.993789000362],[25.865940000031,-17.9958219996855],[25.8694609996255,-17.9965889999823],[25.8709859998041,-17.9981679999532],[25.8778640004234,-17.9983019998374],[25.8827489999665,-17.9979089997005],[25.8865160001134,-17.9994309997408],[25.8927800002969,-18.0018689997545],[25.8968839997968,-18.0024369998676],[25.8991350001801,-18.0104210002289],[25.9031940003029,-18.014231999707],[25.9074870004248,-18.0160020003919],[25.9161580000917,-18.0143919998909],[25.9224430003442,-18.0127790001507],[25.9274819997945,-18.0123170004292],[25.9336979995631,-18.0155710003013],[25.9388560000044,-18.0168570002503],[25.9437459997781,-18.0159950000692],[25.9464300003443,-18.0153799995873],[25.9476639996939,-18.0156359997016],[25.9497850003775,-18.0160709999767],[25.9506489997516,-18.0196640001934],[25.9547879999663,-18.0219949997694],[25.9584020002521,-18.0231889999723],[25.9646770000436,-18.0193130001948],[25.9711069997883,-18.0183980002674],[25.9771190000419,-18.0159220003],[25.9773360001564,-18.0101009998612],[25.9787549999434,-18.004111999769],[25.9829629997427,-18.001194000103],[25.9870999998652,-17.9971879997264],[25.989691999786,-17.9952959997106],[25.9963409997374,-17.9938810001081],[26.001815000362,-17.9940679997384],[26.0063429996298,-17.9936629999474],[26.0113310003255,-17.994631999667],[26.0169230000964,-17.9960929995922],[26.022975000396,-17.9966160003281],[26.0281329999381,-17.9932360000413],[26.0328540000122,-17.9917180001855],[26.0377900001085,-17.9962460003526],[26.0430200002729,-17.9981110000226],[26.0490850002726,-17.9974510001635],[26.0545589999979,-17.9983739995604],[26.0603580003215,-17.996929000373],[26.0640099996618,-17.9973029996337],[26.0688529999661,-17.9990730003187],[26.0738730003387,-17.9999039999696],[26.0783210004139,-17.9988629996277],[26.0797060004316,-17.9943579996219],[26.0800259999,-17.9911570003952],[26.081898999939,-17.9878380002235],[26.0838469998392,-17.9840879999612],[26.0827749998664,-17.9810209997193],[26.082973000004,-17.9787059999819],[26.0853689998795,-17.9752230003412],[26.0911419999034,-17.9704569999905],[26.0938849995931,-17.965568000263],[26.0904290002982,-17.9621689999993],[26.0835070003478,-17.9637259998549],[26.0785559995598,-17.9620780002994],[26.0769039998198,-17.9566109999976],[26.0759810004229,-17.9519570003153],[26.0765679996135,-17.9495770002783],[26.0801249999688,-17.9493630003022],[26.0825900003283,-17.947082000334],[26.0853360001564,-17.9438169999545],[26.0903429999295,-17.9400899998536],[26.0929729998042,-17.9421460002377],[26.1024489997216,-17.9391129997651],[26.1072499998876,-17.9370530000958],[26.110382000429,-17.9353750000562],[26.1120120000538,-17.9342949997144],[26.1171450002416,-17.9348789996661],[26.1205819995597,-17.9372550004179],[26.1244879998214,-17.9360000000999],[26.1284099999216,-17.932395000229],[26.1339679999233,-17.9351800000569],[26.1387059998821,-17.9349399997811],[26.1424289997985,-17.9322119998839],[26.1464459997831,-17.9283980002675],[26.1511889999724,-17.9252810004178],[26.1568120002736,-17.9237130000549],[26.162711999859,-17.9230269998961],[26.1692180004105,-17.9175829997556],[26.1750640002035,-17.9125440003053],[26.1815790002707,-17.9089049997659],[26.1892770000336,-17.9052419999183],[26.195197999688,-17.9031669995574],[26.1996990004086,-17.900962000396],[26.2007690002892,-17.9006420000283],[26.2052340002489,-17.8998939997083],[26.2079810001231,-17.901125999865],[26.2110899996039,-17.9047269995513],[26.2122489999914,-17.9101060002916],[26.2122679999683,-17.9139129995852],[26.2156999999551,-17.9162549996685],[26.2165689995597,-17.9179909996848],[26.2201229997767,-17.920493999998],[26.2222040004144,-17.922053999992],[26.2238780002696,-17.9254910002094],[26.2273480002101,-17.9279779997848],[26.229758999878,-17.931301000141],[26.2326269999361,-17.9333530003407],[26.2351490002262,-17.9328040002044],[26.2366369995979,-17.9325559995597],[26.238217999661,-17.9322089997455],[26.2447889996127,-17.9323380002985],[26.2523910003445,-17.9334100002712],[26.2627709996819,-17.9335630001323],[26.2713729997642,-17.9338550001081],[26.2799929997772,-17.937915000277],[26.2876749997016,-17.9453919997409],[26.2932909996799,-17.9514539996023],[26.2967409995975,-17.9532240002873],[26.3047019997975,-17.951782000339],[26.3133160004331,-17.9527930001968],[26.3203088777525,-17.9511750370982],[26.3217734093154,-17.9584976940133],[26.3109661303827,-18.1097995999715],[26.308440861057,-18.1451533696323],[26.2846361563336,-18.1813212146023],[26.2917118648107,-18.1947072203619],[26.2848239356761,-18.207499089911],[26.2761958714424,-18.2235226381592],[26.2697812546012,-18.2555957214653],[26.2588987096078,-18.2882433564457],[26.2474989024524,-18.3224427770125],[26.241444556721,-18.3385876986634],[26.2252165503036,-18.3818623821432],[26.2103616494706,-18.4115721847085],[26.1955067477382,-18.4858466915715],[26.1936498851342,-18.5044153185121],[26.1880792973218,-18.5824035505834],[26.1747098858526,-18.626968254881],[26.1732243955894,-18.6343957052975],[26.1718317486364,-18.6365620453021],[26.1657969451729,-18.6566780574464],[26.1169925390745,-18.7403427527158],[26.1138047904587,-18.7458074651424],[26.1026319326177,-18.757839774486],[26.0266398519477,-18.8396773989927],[26.0172479314469,-18.8497917745707],[25.9652557767328,-18.9166388310172],[25.9515605040141,-18.9264211679025],[25.9472939997183,-18.9187660001508],[25.9444056345125,-18.9150020190279],[25.9408549995586,-18.9103749999063],[25.9333430002793,-18.9091239997727],[25.9185329998981,-18.9050099998116],[25.9043080004139,-18.8935330002477],[25.8938310002006,-18.888654000082],[25.8898669999621,-18.8832069998032],[25.8663399995913,-18.8647609999202],[25.8610344078117,-18.8630498913394],[25.8534660003557,-18.8606090000053],[25.8511002329894,-18.8591870567373],[25.8584869782915,-18.8458909148338],[25.8686989186202,-18.8275094224219],[25.8917416376665,-18.7768154399805],[25.9058361716021,-18.7458074651424],[25.9132636220186,-18.6938153104282],[25.9150766291831,-18.6720592325475],[25.9206910733344,-18.6046859027322],[25.9132636220186,-18.5378388462857],[25.8686989186202,-18.478419241155],[25.8464165664714,-18.4264270864409],[25.7795695100249,-18.3595800299943],[25.733806180311,-18.3072790813645],[25.6978675527454,-18.240740819733],[25.6660356217466,-18.1876876008021],[25.6533028493471,-18.1367565103047],[25.6533028493471,-18.1293290598882],[25.6384479476147,-18.0550545530252],[25.6384479476147,-17.928787891448],[25.6314797980543,-17.8451701012191],[25.6324710002365,-17.8447720001277],[25.6496920002857,-17.8303289995836],[25.6624329996832,-17.8239440001155],[25.6681550000533,-17.8223029999834],[25.6750850003725,-17.8203119998988],[25.6840510001536,-17.8220130000999],[25.6886019995827,-17.8304250004134],[25.6883010000911,-17.8384550001981],[25.6881650001147,-17.8420600000689],[25.6900170000845,-17.848311999699]]],[[[30.9733507308516,-19.7182425589469],[30.9744940002979,-19.7209110003424],[30.9791829997957,-19.7310690002341],[30.9733507308516,-19.7182425589469],[30.9746753090183,-19.7176487240093],[30.9851310861308,-19.7147971482697],[30.9975264086169,-19.7112610364676],[31.0422289960713,-19.7164190279158],[31.0471926341328,-19.7199644827746],[31.0529773280413,-19.7207692483021],[31.0640698287596,-19.7253911233017],[31.1051155308571,-19.7325295064315],[31.1408074465065,-19.7236065275192],[31.1468221950883,-19.7240692008329],[31.1532996160844,-19.7236065275192],[31.1693609781267,-19.7200373359543],[31.1878933192214,-19.7163308682749],[31.2028221488231,-19.7106682087708],[31.2151370539319,-19.7032792655256],[31.2177912024021,-19.7033056687216],[31.219439334158,-19.7044228011713],[31.2353910211787,-19.6986221874639],[31.2460985958735,-19.6968375916815],[31.2573848159565,-19.6900658594518],[31.2593640133386,-19.6841256358894],[31.2589159558067,-19.6836542796212],[31.2593732161011,-19.6832740606494],[31.2630729379658,-19.682643557654],[31.2621599579158,-19.6789916338568],[31.2606727940143,-19.6700686549444],[31.2621599579158,-19.6611456769314],[31.2574555134612,-19.6399756782349],[31.2550215747859,-19.6290229528469],[31.2550215747859,-19.5969002296618],[31.2407448085261,-19.5719158887073],[31.2407448085261,-19.5487161435352],[31.2336064253963,-19.5344393781747],[31.2340525745667,-19.5324317073574],[31.2336064253963,-19.5308701866098],[31.2359858867393,-19.5237318034799],[31.2371756169612,-19.5183780161325],[31.2400012265754,-19.5173370023008],[31.2425294043086,-19.5148088245676],[31.2618354852195,-19.5092928013217],[31.2710829359288,-19.5058858456552],[31.2719752342697,-19.5061832784355],[31.2782213190587,-19.5041012498728],[31.2817905106236,-19.5076704414377],[31.3127861215823,-19.5147148984738],[31.3139132347081,-19.5148088245676],[31.3250173861435,-19.5161968436094],[31.328866194919,-19.515811962552],[31.3388975747633,-19.5094479172875],[31.3388975747633,-19.4969628667429],[31.341331115039,-19.4904734281062],[31.3434673961035,-19.4808601601682],[31.3445697374035,-19.4818371018007],[31.3549589368055,-19.4541325688629],[31.3573924761819,-19.4452095899506],[31.3603127241529,-19.4398558026032],[31.3770126111431,-19.4014460628854],[31.388478300833,-19.3846885167616],[31.400193360835,-19.3686573809333],[31.4004396203922,-19.3686745112197],[31.4038466821787,-19.3639084443192],[31.4080310001306,-19.3670249999038],[31.4180309999308,-19.3699869998002],[31.453584045867,-19.3691689719705],[31.4551039999497,-19.369134000034],[31.4620469999691,-19.3689840003114],[31.4791479998804,-19.3739069998081],[31.5069519996351,-19.3819900002383],[31.5144530002058,-19.3863580002215],[31.5189740000501,-19.3889940003728],[31.5260200003228,-19.3969779998348],[31.5309670000271,-19.4050119998039],[31.539082683619,-19.4101702682432],[31.5466010474005,-19.4068287733292],[31.5658395334677,-19.3972095302955],[31.5679054111059,-19.3620896104471],[31.5764271565881,-19.3450461194828],[31.5815402035176,-19.3416374218295],[31.5842387560138,-19.3375895921859],[31.5913402111818,-19.3216113194068],[31.6019923930346,-19.3109591384534],[31.6083837012469,-19.2981765202302],[31.609739433728,-19.2975954916386],[31.6105141376174,-19.2960460838597],[31.6382098104344,-19.2747417201542],[31.6475304695556,-19.2694156292279],[31.6509924286577,-19.266219974672],[31.6659054832515,-19.2555677928194],[31.685079409687,-19.22148081179],[31.6893402824281,-19.2086981935668],[31.7002765223437,-19.1993242738961],[31.7021229006514,-19.1937851389729],[31.7106446461336,-19.1852633934908],[31.7298185734684,-19.153306848832],[31.7404707553212,-19.129872048756],[31.7468620644328,-19.1106981214211],[31.755383809915,-19.0915241940862],[31.7702968636094,-19.0723502676507],[31.7911241954253,-19.0515229358348],[31.7884290000983,-19.0489990002037],[31.7763800002369,-19.043158999788],[31.7697199997782,-19.0397999995703],[31.7585600004437,-19.0341790002606],[31.7551889996727,-19.0321189996921],[31.7474699998407,-19.0274100001713],[31.7287590003277,-19.0234690000942],[31.7196900002933,-19.0263079997144],[31.7170419995887,-19.0275450001016],[31.7106489997516,-19.0305300001593],[31.7064090002752,-19.0356099997017],[31.7026189999669,-19.0393179998258],[31.6982990003986,-19.0384379997139],[31.6940090004151,-19.0398589995931],[31.6849380002885,-19.0422399996762],[31.6777889997626,-19.044598999644],[31.6701500000225,-19.0465080004438],[31.6620190000768,-19.0465899997287],[31.6495390001248,-19.0439599998541],[31.6413589997181,-19.040818999797],[31.6266989999589,-19.0294990002786],[31.6249399997812,-19.0281389996151],[31.6075700000555,-19.0163890000522],[31.6022999998452,-19.0158100003312],[31.5960690002842,-19.0151189999419],[31.5894390003097,-19.0216000002398],[31.590040000146,-19.0321399997611],[31.5901220003301,-19.0329510002884],[31.5923610001601,-19.0456100004012],[31.5961220000303,-19.0606509997438],[31.5947109997129,-19.0622309997608],[31.5915349998404,-19.0718489999314],[31.5889049999658,-19.0764770002134],[31.5872720002027,-19.0836459998629],[31.5801039996999,-19.0929010003808],[31.5753839996719,-19.0991610003798],[31.5726890003971,-19.1070190003266],[31.5708189995972,-19.1111599997341],[31.563308000364,-19.1245300002593],[31.5553199998182,-19.1383489999064],[31.5463390002447,-19.1489789999808],[31.5382989999989,-19.1582199998531],[31.5325789997211,-19.1610200003727],[31.5215389996252,-19.1592800001718],[31.5119089998005,-19.1547899999585],[31.5030490004111,-19.148969000419],[31.5022599999991,-19.1484499998676],[31.4931289998036,-19.145779999947],[31.4915689998095,-19.1457880003159],[31.4859400001309,-19.1458389999698],[31.4792269999261,-19.1449900003881],[31.4696000002399,-19.140938999735],[31.4633099997567,-19.1345799996672],[31.4603590003676,-19.1277290002931],[31.4578489997316,-19.116738999805],[31.4536801285352,-19.1117179616146],[31.4522643860926,-19.0968526646187],[31.4455202981233,-19.0698763163389],[31.4461673558388,-19.0672880881747],[31.4402187029308,-19.0607445697061],[31.433812992076,-19.0543388588512],[31.433080319801,-19.0470121414971],[31.433080319801,-19.043493477442],[31.4325058445691,-19.041267384682],[31.4319786520932,-19.0359954653184],[31.4265833061747,-19.0154931493893],[31.4247522064492,-19.0054221013489],[31.4229676106668,-18.9863864133023],[31.4282527671515,-18.9797799683708],[31.4315538267477,-18.9770290852241],[31.4420032987133,-18.9738942437243],[31.4640133127642,-18.9703250521594],[31.4799064943892,-18.9677616353911],[31.4976578030652,-18.9677616353911],[31.5044641502004,-18.9679455908163],[31.5059357927027,-18.9677616353911],[31.5131215853929,-18.9677616353911],[31.5132227932973,-18.966850760654],[31.5139819946734,-18.9667558605944],[31.5169563206777,-18.9364177322925],[31.5343690426972,-18.9114751837327],[31.54078394912,-18.9050602782093],[31.5622505819988,-18.9068491646572],[31.5823914981692,-18.9120282568985],[31.5989473893106,-18.9184666590091],[31.616394408775,-18.9271901691909],[31.6588100328568,-18.9235018543271],[31.6695519949287,-18.9213534611932],[31.67289099962,-18.9318479999852],[31.6793570001255,-18.9447759999124],[31.6854620001712,-18.9584229997216],[31.6896649808542,-18.9745370269622],[31.7622122156213,-18.9155923978708],[31.8056432444402,-18.8879544705224],[31.8055190004016,-18.8869089996506],[31.8103680000832,-18.8743590000677],[31.8102367260441,-18.8732108886715],[31.8147559722104,-18.8703350051563],[31.8557220051665,-18.8601971275953],[31.8468873360817,-18.8478285914163],[31.8404504484295,-18.8337844725753],[31.8401731991339,-18.833611069795],[31.8397842036781,-18.8334280703491],[31.8395892072762,-18.8332470700962],[31.8392042120049,-18.8332490701884],[31.8361543951093,-18.8328024740549],[31.825622728706,-18.8125684168989],[31.8247099995669,-18.7997700002853],[31.8229983837684,-18.7887589835402],[31.821962846808,-18.7810832662797],[31.8208529709879,-18.7735336492585],[31.8876209707313,-18.7643261698168],[31.8890119179657,-18.7641787268667],[31.8792740003948,-18.7535549995636],[31.8624109997679,-18.7455669999171],[31.8544250002137,-18.7500050004304],[31.8473240001026,-18.7562159999684],[31.8419990000539,-18.7491179999956],[31.8322370004373,-18.7464540003518],[31.8277999999701,-18.7420169998846],[31.8286870004048,-18.7366919998359],[31.8260249999539,-18.7251540001569],[31.8180370003074,-18.7145040000595],[31.8100489997616,-18.7038550000082],[31.8073860001638,-18.6932039998647],[31.7967370001125,-18.6798930002617],[31.7914120000638,-18.6710180001805],[31.7834240004173,-18.6692420001182],[31.7794299996948,-18.6630299996347],[31.7678940001081,-18.6488300004041],[31.7661359073463,-18.6467522706008],[31.8285804244471,-18.6492500512488],[31.8444645121276,-18.638660659162],[31.8550762100991,-18.6610259566825],[31.8874599489176,-18.6816337900673],[31.913155459357,-18.6933135669675],[31.9501555684248,-18.7233761564844],[31.9937746706646,-18.7703505735201],[32.0044528797966,-18.7997156488581],[32.0107880253472,-18.8092183676335],[32.0441044033956,-18.8273909376416],[32.0535418394844,-18.8391877325278],[32.0699864763948,-18.8464964598437],[32.1055673239729,-18.8601814011507],[32.1078553980083,-18.8609440927956],[32.1112107137035,-18.8441675152186],[32.1716063935203,-18.8710100389821],[32.1950936015885,-18.8877866165591],[32.1997844096229,-18.8874738962033],[32.1975930001169,-18.8925889998824],[32.1957810001931,-18.9010459995732],[32.1885329995983,-18.9082960002602],[32.1824909997599,-18.9125250001286],[32.1800759999075,-18.9173559998794],[32.1824909997599,-18.9215849997479],[32.1758459999929,-18.9318560003541],[32.1752430000644,-18.9397100001163],[32.1746359999515,-18.9475629998325],[32.1722220001453,-18.9536029995787],[32.1676899997937,-18.9590410003419],[32.1695019997176,-18.9723319999218],[32.1556090002552,-18.9880370002073],[32.1435239996329,-18.9958909999696],[32.1392969998567,-18.9989119998888],[32.1374849999328,-19.0061619996765],[32.135065999896,-19.0230770000035],[32.1296310001705,-19.0363670004366],[32.1260070003229,-19.0424060001367],[32.1217760003622,-19.0448240001275],[32.1175489996866,-19.0466360000513],[32.1121099997767,-19.0490529999959],[32.1090919999959,-19.0514689998944],[32.1102979998529,-19.0581149997074],[32.1115069998482,-19.0647600003737],[32.1090919999959,-19.068988000196],[32.0973089998105,-19.0804669998521],[32.0870430003342,-19.0901330004376],[32.0803940003829,-19.0955690002091],[32.0761679997535,-19.1046309999207],[32.0737489997166,-19.1142969996068],[32.0725439999057,-19.1197350003699],[32.0640830000305,-19.1257760001622],[32.0520010004458,-19.1287949999892],[32.0447539998972,-19.1300039999846],[32.0296510003934,-19.1396689996246],[32.0143580002216,-19.1523990003136],[32.0177569995859,-19.1560280003919],[32.0206600003588,-19.1582870002448],[32.0235709997019,-19.160538999775],[32.0322869996454,-19.1673099999565],[32.0294870000251,-19.1728489999813],[32.0286170003743,-19.1788099996817],[32.0263589996682,-19.1884699999905],[32.0245469997443,-19.1962790003755],[32.0222200003528,-19.2008889998275],[32.0208280000122,-19.2041089999304],[32.0194700003403,-19.2096289999783],[32.0195500004322,-19.2151199995883],[32.0220479996156,-19.2224290002981],[32.0235590000478,-19.2279090003001],[32.0246079998594,-19.2343099996068],[32.0256500002474,-19.2397990000238],[32.0286399996363,-19.2484679995985],[32.0311199997882,-19.2543999997602],[32.0340799995923,-19.2598700002003],[32.0360410000922,-19.2630500002572],[32.0394210003789,-19.2652999996952],[32.0433499999026,-19.2716690002241],[32.0472669997723,-19.2775800003167],[32.0511889998725,-19.2834890003171],[32.0527090196056,-19.2857058615363],[32.0344709708586,-19.2917852111186],[32.0334057526734,-19.2919788873157],[32.0259492253765,-19.2960460838597],[32.0089057344122,-19.3003069566007],[31.985044847242,-19.3071243528066],[31.9790796261239,-19.3130895739246],[31.9715604385634,-19.3155959700779],[31.9577752624185,-19.3280026285185],[31.9407317714541,-19.3407852467417],[31.9172969713782,-19.3748722286704],[31.9085245866404,-19.3827673751142],[31.9023839176837,-19.3897852823649],[31.891731735831,-19.4025679005881],[31.8832099903488,-19.4238722642935],[31.8725578084961,-19.4536983734811],[31.8832099903488,-19.4856549181399],[31.8853404267194,-19.5218723364391],[31.8853404267194,-19.5474375719863],[31.8746882448667,-19.5793941175444],[31.8746882448667,-19.6134810994731],[31.8716805702022,-19.6235066822875],[31.8661664993845,-19.649698516873],[31.8555143175318,-19.6688724442079],[31.8506516130815,-19.676571726404],[31.8385019997675,-19.6643770003982],[31.830777999705,-19.6540200003227],[31.830069036257,-19.6514890490803],[31.8209780001346,-19.6230749996115],[31.8168100003813,-19.6147590001277],[31.8041989997841,-19.6052699996108],[31.7938779995701,-19.5993299999795],[31.7775779997249,-19.5899689999693],[31.7524789997061,-19.5801500004221],[31.7437399996014,-19.5729100001963],[31.7361460001379,-19.5531439996958],[31.7318800003618,-19.5459879997463],[31.7206090004051,-19.537422000425],[31.7122820004141,-19.5313180004254],[31.7066279995826,-19.5237900004082],[31.693705999932,-19.5196069999631],[31.6890219997655,-19.5179740001999],[31.6860229999616,-19.5130289996885],[31.6845551597929,-19.5072229495794],[31.683324555384,-19.5076704414377],[31.6708323849067,-19.5094550372202],[31.6458480448514,-19.520162611915],[31.6455836603577,-19.5205591886556],[31.640494257504,-19.5219472076975],[31.6315712785917,-19.5326547823922],[31.6119407249845,-19.546931548652],[31.5940947680592,-19.555854526665],[31.5798180017994,-19.5665621013599],[31.5584028524098,-19.5808388676196],[31.5512644692799,-19.5897618465319],[31.5512644692799,-19.6004694212268],[31.5530490650623,-19.6058232076749],[31.5673258313221,-19.625453761282],[31.5887409807117,-19.6468689106716],[31.6065869385365,-19.6629302718145],[31.6262174912443,-19.6896992085516],[31.6636940026762,-19.7236065275192],[31.6662769698063,-19.7316137276914],[31.6726169806892,-19.7432370811263],[31.6851091511664,-19.7824981874414],[31.6922475342963,-19.8110517199609],[31.6922475342963,-19.8365609996903],[31.6976999997552,-19.8365609996903],[31.7164530003058,-19.8389049998658],[31.7383340003139,-19.8404690000443],[31.7469290000734,-19.8389049998658],[31.7563069999681,-19.844375000306],[31.7695900000785,-19.8420310001305],[31.779487534722,-19.8448964712951],[31.7678017881221,-19.8521386020148],[31.7459531520164,-19.8704890678162],[31.6454356895055,-19.8818977431862],[31.6360783452395,-19.8804534724498],[31.6215097552711,-19.8782048651623],[31.6214551889059,-19.8783791366878],[31.6210171615128,-19.8781288346779],[31.5887056985092,-19.873141682043],[31.5761889999225,-19.8787570003353],[31.5589980003575,-19.8850089999654],[31.5535269998712,-19.8850089999654],[31.5454099043437,-19.8791053149583],[31.5042493552236,-19.8895595353442],[31.5037223030419,-19.8992112430044],[31.5094330097257,-19.9163433621564],[31.5244190119279,-19.9406956164095],[31.5260043808975,-19.9403194272997],[31.5359608391215,-19.933314303912],[31.5359608391215,-19.9333653035658],[31.5361148363307,-19.9333653035658],[31.53611483723,-19.933749304187],[31.5361568355696,-19.9339113053624],[31.5361568373682,-19.9341953049693],[31.5362008358,-19.9343173051995],[31.5362008358,-19.9345613056597],[31.5362428359382,-19.9346833058898],[31.5362428359382,-19.9348863071573],[31.5362868352693,-19.9350483074334],[31.5362868361686,-19.9351703067642],[31.5363288354075,-19.9353323070403],[31.5363288354075,-19.9357048601911],[31.5487864728175,-19.9299551813864],[31.5511143193704,-19.9345120839655],[31.593002800439,-19.9472607527815],[31.610322155743,-19.9487040324651],[31.6254225813871,-19.9587709822949],[31.6339757608727,-19.9620818903669],[31.6464899629415,-19.9658361516171],[31.6636220829928,-19.9734504262961],[31.6883684768238,-19.9886789765535],[31.7093077337649,-19.9981968210264],[31.7302469907061,-19.9943896832373],[31.7683183667992,-19.9962932521319],[31.8140040184707,-19.9924861143427],[31.8244736469413,-19.9962932521319],[31.8530271785615,-20.0105700183916],[31.8649244834782,-20.034364628225],[31.881580711081,-20.0534003162715],[31.8689835645399,-20.0645977795638],[31.8654003759266,-20.0686288665289],[31.8311361376227,-20.0914716923647],[31.8254254309389,-20.1009895368376],[31.8159075873653,-20.1181216559896],[31.8063897428923,-20.1390609129307],[31.7930647615296,-20.1580966009773],[31.7835469170566,-20.1638073067617],[31.7664147979046,-20.1752287201293],[31.7492595598808,-20.1851606997065],[31.7430960805198,-20.1887290306202],[31.7078800573188,-20.2128242037739],[31.6436346100493,-20.2342393531636],[31.6048087567188,-20.2451591237945],[31.6044669999521,-20.2463549999832],[31.6044669999521,-20.2613010003408],[31.6013199996183,-20.2731010004108],[31.6028930002118,-20.2801780003144],[31.6131189996422,-20.2864720000827],[31.6209860000039,-20.2864720000827],[31.6257855216845,-20.2912719993033],[31.6293705871829,-20.2948574209332],[31.6295694596629,-20.2950562781247],[31.6387532113916,-20.3045735569241],[31.6279751856064,-20.2994612114657],[31.6238449618755,-20.3108728932694],[31.6200749732814,-20.3212892584924],[31.629369760706,-20.3594511225712],[31.6340347671908,-20.3676148839197],[31.6220880697087,-20.3775704653047],[31.6169076500681,-20.3830481918205],[31.6074760065126,-20.3918903576538],[31.5983428524407,-20.4033067995691],[31.584066086181,-20.4140143742639],[31.5733585123855,-20.4247219480594],[31.5652326853402,-20.4314934707471],[31.5521429018735,-20.4437651418478],[31.5555125545608,-20.4639830552737],[31.5590817461257,-20.4818290121991],[31.5644355334732,-20.5103825447186],[31.5680047250381,-20.5407206721213],[31.5430203840835,-20.5460744594687],[31.5126822566809,-20.554997438381],[31.4769903410315,-20.5674896088583],[31.4665576890861,-20.5760254152407],[31.4495902744716,-20.5884069169456],[31.4288062558041,-20.6013969278259],[31.3984681284015,-20.6049661193908],[31.3778843338949,-20.6103358049534],[31.3731052771868,-20.6110710447928],[31.3350890718033,-20.6169874210326],[31.3295282029642,-20.6173145305411],[31.3182123079517,-20.613022294843],[31.3056691486124,-20.6067507151734],[31.2680594251024,-20.590202436793],[31.2577221282737,-20.5880879894691],[31.2532440000106,-20.5515610002399],[31.2478690291325,-20.5340024873249],[31.2000976760669,-20.5340024873249],[31.1168165407508,-20.5458997922416],[31.01568944761,-20.5637457500663],[30.9205110073771,-20.5637457500663],[30.837229872061,-20.575643054983],[30.7301541269115,-20.5577970980576],[30.7049200613118,-20.5561148262382],[30.6409243395867,-20.5518484451496],[30.5635918562792,-20.5340024873249],[30.5100539837044,-20.5161565303995],[30.444618806213,-20.4923619196668],[30.3970295865462,-20.4507213520088],[30.3557311974369,-20.4094229637987],[30.3260221305169,-20.3500048299589],[30.3805867437832,-20.3563963027471],[30.4273651688675,-20.3540573819426],[30.4460765389012,-20.3517184602387],[30.4671268306388,-20.3517184602387],[30.4875923912759,-20.3476253479314],[30.4951938856893,-20.3470406177303],[30.5349555474606,-20.3447016969257],[30.572378287528,-20.3400238544173],[30.6425459251544,-20.3166346418752],[30.6470485545472,-20.3158159818221],[30.6528068335685,-20.3211229450678],[30.647538999825,-20.3148969996967],[30.6421539997074,-20.2994149998024],[30.6387880000662,-20.289989000392],[30.6286900002434,-20.2771979995879],[30.6219590001078,-20.2671009998113],[30.6084949997445,-20.2570029999884],[30.5997419998934,-20.2529639998887],[30.5950310002805,-20.2489239997428],[30.5957029997937,-20.2395000004246],[30.5970489998115,-20.2334399997561],[30.5936830001704,-20.2273820000792],[30.5882980000527,-20.2246889999973],[30.5856049999708,-20.2267089996206],[30.5808920002656,-20.2300750001611],[30.5748339996894,-20.2327670001969],[30.5694480004249,-20.2307469996742],[30.5600240002075,-20.2206489998514],[30.5512730004486,-20.2179559997695],[30.540500000075,-20.2166109997978],[30.5357889995627,-20.20987799957],[30.5330960003802,-20.2065119999288],[30.5270359997116,-20.2078589999928],[30.516938999935,-20.2118980000926],[30.5081880001761,-20.211224999634],[30.5014549999483,-20.2065119999288],[30.4906839996669,-20.2038189998469],[30.4839510003384,-20.1950680000881],[30.4842889997376,-20.1896829999704],[30.4809220000503,-20.1856439998706],[30.4728449998969,-20.1809310001655],[30.4681320001917,-20.1735260004246],[30.4620720004225,-20.1641000001148],[30.455341000287,-20.1540030003382],[30.4479349996006,-20.1452499995878],[30.4432229999416,-20.1412120004334],[30.4422130001299,-20.1364989998289],[30.4408680001581,-20.130441000152],[30.4361549995536,-20.1223619999063],[30.4361549995536,-20.1156309997708],[30.4381750000762,-20.1156309997708],[30.4422130001299,-20.1122640000835],[30.4449060002118,-20.1075510003783],[30.4455789997711,-20.102839999866],[30.4489440002654,-20.0961069996383],[30.4415409997174,-20.0819699997157],[30.4253840001715,-20.0577349999703],[30.4314419998485,-20.0085920000207],[30.4291609998803,-19.9938960004001],[30.3615429996098,-19.9966669995823],[30.3514419996486,-19.9983519999448],[30.3421694578543,-19.9964967201475],[30.3346040001745,-19.9949830001653],[30.3087860002738,-19.9966669995823],[30.2857760003622,-19.9972280002719],[30.2798820001543,-20.0000340001689],[30.2713706508349,-20.0053721006419],[30.2636835256742,-19.9986458660139],[30.2374000870444,-19.9834291382441],[30.2293912824817,-19.9810264968753],[30.2263333752851,-19.9792791213343],[30.1848332088855,-19.9695957485449],[30.1613164472963,-19.9737457654547],[30.1349347361492,-19.9737457654547],[30.1402429998146,-19.9634599997791],[30.1216349996556,-19.9546829997206],[30.1002170003144,-19.9490639996039],[30.0798510000237,-19.942744999582],[30.0321000004147,-19.9367750003659],[30.0101577592732,-19.9455531929255],[30.000749811055,-19.9706410539415],[29.9829038541296,-20.0241789265162],[29.9786435182838,-20.0667822858737],[29.9806967316689,-20.1042438685597],[29.9888525061383,-20.1491006285911],[29.9931680063984,-20.2052021355701],[30.0004884554779,-20.2690878378334],[30.006698463963,-20.3156628992233],[29.9809430910508,-20.3980800909234],[29.9682415053413,-20.4352396893601],[29.964872645856,-20.444672495739],[29.9530334110631,-20.4778223508208],[29.9493306261076,-20.4859944066165],[29.9449319952155,-20.4983105725748],[29.9151887324741,-20.5577970980576],[29.8913941226407,-20.6291809275577],[29.9092400804654,-20.7005647579572],[29.8913941226407,-20.8195378080234],[29.8616508598993,-20.8730756805982],[29.8319075971579,-20.9028189433395],[29.758241701993,-20.9238663419581],[29.7486264618418,-20.9266135531729],[29.5898499306298,-20.9266135531729],[29.5995840000016,-20.919686999955],[29.6201640002685,-20.9075499996328],[29.6338819997545,-20.8927760000124],[29.6399509999387,-20.8669200001579],[29.6441720003376,-20.8410640003033],[29.6560450001767,-20.760857999597],[29.6676540004318,-20.7228640002734],[29.6803179998759,-20.6848710000965],[29.6898169999546,-20.6600720004224],[29.6884970002364,-20.647407000033],[29.6821649996151,-20.6468789999659],[29.6705570003054,-20.6505730003436],[29.6436440002705,-20.6605980003973],[29.6272860004486,-20.6621809996534],[29.6140950000843,-20.6600720004224],[29.6067080002741,-20.6553229999564],[29.6003759996527,-20.6489900001883],[29.5903490004061,-20.6268269997662],[29.5898220003851,-20.6131090002801],[29.5919319996621,-20.5993879997564],[29.594835000435,-20.5962230003911],[29.6006390000898,-20.595695000324],[29.6212190003566,-20.590945999858],[29.6291330001878,-20.5830299999345],[29.6286060001668,-20.578809000435],[29.6238569997008,-20.5719499997926],[29.6175249999788,-20.5672010002259],[29.6164699998906,-20.5650900000035],[29.6191080001341,-20.5640349999153],[29.6507679996435,-20.5434549996485],[29.659737999609,-20.5413450003715],[29.6768890000274,-20.5276239998477],[29.6890250003036,-20.5228760003271],[29.7043280000372,-20.5133780002944],[29.7132980000027,-20.4986029997286],[29.7206839997668,-20.4732739998951],[29.7333500002024,-20.4516390004395],[29.7346679998284,-20.4410870003647],[29.7118016504259,-20.4304497940227],[29.6957297033632,-20.4341999147942],[29.6909803998257,-20.4350380271832],[29.6452947490535,-20.4445558707568],[29.6091269418549,-20.4502665774406],[29.596864982533,-20.4551713611693],[29.5874627809826,-20.4569125098045],[29.5832843383016,-20.4582555798311],[29.5731143234673,-20.4593855815793],[29.5190653086171,-20.4661417087728],[29.4709255824497,-20.469707614215],[29.441368867879,-20.4706610565625],[29.4369474859378,-20.4707477503084],[29.4364938562065,-20.4708183156128],[29.4244807671737,-20.4712058343817],[29.3774397409513,-20.4752379222923],[29.3471228330524,-20.4737220772121],[29.3072668611767,-20.4731272116514],[29.2831873686022,-20.4714947038175],[29.2708418955371,-20.4707892477256],[29.2531341239407,-20.471342615869],[29.2307763636383,-20.4685478961684],[29.2098140022145,-20.4700452071206],[29.2013808471484,-20.471342615869],[29.1882938111106,-20.4695580200865],[29.1824900893462,-20.467160830408],[29.1598847034164,-20.4635915588033],[29.1224840003364,-20.460326999991],[29.1241299997997,-20.4660830001303],[29.1224840003364,-20.4726600003587],[29.1224840003364,-20.4849959999654],[29.1241299997997,-20.4948629999275],[29.1233079996645,-20.5039079997544],[29.1257740000701,-20.5129520004344],[29.1249519999349,-20.5170630002572],[29.1274180003405,-20.5236409996324],[29.1364630001674,-20.5335079995945],[29.1364630001674,-20.5367980002275],[29.1405750000363,-20.5409080000042],[29.1504419999983,-20.5524190002366],[29.1537299996398,-20.5524190002366],[29.1594859997791,-20.5483089995606],[29.1726430003742,-20.5507749999662],[29.1767520001048,-20.5606419999283],[29.1783979995681,-20.5737989996241],[29.1759310000157,-20.5853079997643],[29.1874420002482,-20.6305329997981],[29.1878562477677,-20.6322816622688],[29.1870696647333,-20.6322816622688],[29.1599480597552,-20.6281091074493],[29.1182225124591,-20.6246319785829],[29.0952734623005,-20.6437561877978],[29.0888006530278,-20.6599382109796],[29.0837989367716,-20.7049536563861],[29.0761492530856,-20.777625649604],[29.0799740949286,-20.8005746997625],[29.0705030583695,-20.8124134956863],[29.0302511518692,-20.8464728009789],[28.9269804248068,-20.8464728009789],[28.9129299855305,-20.8433504816394],[28.8925568491193,-20.8426479591359],[28.8543084306896,-20.8388231181923],[28.8198848550021,-20.8388231181923],[28.7739867537857,-20.8349982763493],[28.7625122282567,-20.8655970101938],[28.7357383362553,-20.8923709021954],[28.7272386880151,-20.9025704804433],[28.7102393915347,-20.9153199532532],[28.6993586289976,-20.9153199532532],[28.7001008143012,-20.9067215567544],[28.685886602185,-20.9031680035005],[28.642430216981,-20.9110691646102],[28.6048997030589,-20.9085671301689],[28.5673691891368,-20.9110691646102],[28.5161184157324,-20.9179026002247],[28.502792393854,-20.9166911441809],[28.4528023566435,-20.8952668423908],[28.4132965519943,-20.8518104580861],[28.4018039545889,-20.8288252623759],[28.3872440763531,-20.8157213712443],[28.3342849435953,-20.792551751562],[28.3132151815354,-20.792551751562],[28.2868779787358,-20.8004529117724],[28.2626716403839,-20.8039109606223],[28.265975000446,-20.8088660002656],[28.2711160001034,-20.8237189999319],[28.2762579998069,-20.8274320002865],[28.2853980004174,-20.8325739999901],[28.2899679998234,-20.8325739999901],[28.2942520004295,-20.8305740003898],[28.2985380002286,-20.8297170004392],[28.3028219999354,-20.8314300002942],[28.3045359998366,-20.8354300003942],[28.3062489996917,-20.8399999998001],[28.2886839999667,-20.8537099998166],[28.2692599999491,-20.8651349996804],[28.2498369999776,-20.8848450002965],[28.2416969996169,-20.9016970004162],[28.2394100002713,-20.9076950000242],[28.2295570000555,-20.9168349997354],[28.2264149999523,-20.9219760002921],[28.2198440000006,-20.9254050001406],[28.2152739996954,-20.9325460002976],[28.2089900003883,-20.9351170001494],[28.2059379100066,-20.9395932560239],[28.1615610974667,-20.9427630280912],[28.1254940008475,-20.9394842006353],[28.1167504627637,-20.9365696885403],[28.1123786937218,-20.9362053740787],[28.0631962890776,-20.9132535854845],[28.0271291924583,-20.9165324120411],[27.9812256143707,-20.9198112394971],[27.9549949992199,-20.9099747580286],[27.9243926141279,-20.9099747580286],[27.8959761131072,-20.906695931472],[27.7779383426804,-20.906695931472],[27.7418712460612,-20.9099747580286],[27.7008697987023,-20.9041174087914],[27.7005360000364,-20.9035979999477],[27.6895000001249,-20.884739999951],[27.6900900003533,-20.8798979996929],[27.697958999908,-20.8649880000961],[27.7084479997754,-20.8559810002229],[27.7133779995951,-20.8491869998801],[27.715381000233,-20.8344300001443],[27.7193640004483,-20.8205389998749],[27.7220019997925,-20.8025450001516],[27.7315500003323,-20.7949400001808],[27.7273439997259,-20.7811180003953],[27.7285759998825,-20.7719739996003],[27.7317580000317,-20.7642759998375],[27.734324999699,-20.7580579999767],[27.7341689996996,-20.7520879998613],[27.730484999783,-20.7406989998589],[27.7262020001223,-20.7274569998406],[27.726827000166,-20.7258470002389],[27.7316969999167,-20.7133169997797],[27.7249750001961,-20.698995000319],[27.7174369997178,-20.6908950000042],[27.7122170000146,-20.6779169995699],[27.7076699998706,-20.6720460004225],[27.7062659998761,-20.6649549998733],[27.7069889999424,-20.6550590003726],[27.7058559998546,-20.6469169999195],[27.7054900000635,-20.6442940003678],[27.7075170000096,-20.6281660003606],[27.704138999815,-20.610779999897],[27.7051689996497,-20.6034029996487],[27.7089250001887,-20.5975759998325],[27.7159149996775,-20.5941999997302],[27.7223179999758,-20.5869309999656],[27.7224669996523,-20.5832510002334],[27.7194039995949,-20.5780369999076],[27.7192889996877,-20.5736730001089],[27.7221429999995,-20.5713740002099],[27.7286980001127,-20.5539679997234],[27.7298920003156,-20.5449730004036],[27.7288360001813,-20.53420000003],[27.7257859998241,-20.5274709999866],[27.7225069996983,-20.520261000245],[27.7267432642903,-20.5200115328059],[27.7243499434952,-20.5147379829715],[27.7237859435665,-20.5143319831345],[27.7180899434961,-20.5102359831041],[27.7052039437071,-20.4954089828382],[27.6922819431572,-20.4874759830302],[27.6861329437804,-20.4857979829905],[27.6678639439659,-20.4950079832318],[27.6586759438398,-20.497775983175],[27.6479169432124,-20.496905982625],[27.6401639436112,-20.4904439832032],[27.6261679438956,-20.4790859828318],[27.615640943175,-20.477748983229],[27.6037709434743,-20.4805809834256],[27.585756943728,-20.4902359835038],[27.5740629440497,-20.4907659827638],[27.5573389435374,-20.4861369833351],[27.5472989436914,-20.4847829829483],[27.5084689435869,-20.4747349827332],[27.4901009437036,-20.4722099832041],[27.4780539439344,-20.468835983194],[27.4654259434526,-20.4707579827946],[27.452129943642,-20.4749959830781],[27.4422969434492,-20.4809849831704],[27.4320719431657,-20.4816989828217],[27.4198379437661,-20.4803919828037],[27.3893419439756,-20.480221983058],[27.3748649436623,-20.4771309835081],[27.3663729432567,-20.4699839830743],[27.3657929434896,-20.4698849830055],[27.3604929436945,-20.4689789834932],[27.3299509435813,-20.4848859832015],[27.3140089431582,-20.4905559829722],[27.2978189438892,-20.4962309829734],[27.2911419435459,-20.4954679828611],[27.2894999433677,-20.4952809832308],[27.2872509439759,-20.4932669829848],[27.2859999438424,-20.4831849830005],[27.2880799435346,-20.4700369828204],[27.2895549432061,-20.4525389834873],[27.2959979435503,-20.4294049832533],[27.2987619433091,-20.4146329828259],[27.2979199431509,-20.39259298268],[27.3007739434628,-20.3810349829781],[27.299022943654,-20.3615429834219],[27.3000639439959,-20.3371619832389],[27.3007219437628,-20.3077309830983],[27.3001429440417,-20.2953369835149],[27.2940659434885,-20.2780189834892],[27.2898579436892,-20.2576669829448],[27.2865259438173,-20.2336159826914],[27.2828369436701,-20.2233639829614],[27.2835369435751,-20.2212579829695],[27.2708719431857,-20.211283983469],[27.264196943834,-20.2060259829128],[27.2623689431722,-20.1899789830436],[27.2496049436133,-20.1640409830049],[27.2475779436672,-20.1438099826445],[27.2475189436444,-20.1432189832694],[27.2473989435065,-20.142028983251],[27.2448729439313,-20.1379429827824],[27.2350329434157,-20.1333139833536],[27.2318209436817,-20.1205119829416],[27.2251039432924,-20.1139829831281],[27.2195719435904,-20.1010639827166],[27.2173979431606,-20.0959849832204],[27.2039549437657,-20.0824659830187],[27.193414943345,-20.0789979831703],[27.1793689440216,-20.0818039830674],[27.1740989438113,-20.0804749829341],[27.1493569431685,-20.0833489832689],[27.1320919437882,-20.0837479827831],[27.1198809436507,-20.081961983159],[27.1117769431515,-20.0791619826393],[27.1037279433899,-20.0690059828398],[27.0944749438636,-20.0499149828901],[27.0937919438432,-20.048201983035],[27.0887529434936,-20.0355699832681],[27.0795999431829,-20.0295729828069],[27.069034943408,-20.0254479832378],[27.0581319433346,-20.0176539826451],[27.0580689440266,-20.0186709827796],[27.0427499435551,-20.0187319828946],[27.0310329437154,-20.0166549833408],[27.0264719438252,-20.0194989831915],[27.0194529438983,-20.0210089826784],[27.0082359437339,-20.0196129830527],[27.0031319439841,-20.017983983474],[26.9959949440115,-20.0157049826988],[26.978021943458,-20.0167309832482],[26.9702149431652,-20.0154969829993],[26.9547269438934,-20.007512982638],[26.9376599437514,-20.0052979830155],[26.9243589437103,-19.9970409826552],[26.9185009433639,-19.9957159827064],[26.9175799431599,-19.9954549832608],[26.9120999431579,-19.9922099829044],[26.9038179434434,-19.9914409834146],[26.8963419440256,-19.9943349828731],[26.891717943928,-19.9941879832887],[26.8784159438408,-19.9877129832675],[26.8762479436877,-19.9866559830871],[26.8609349434929,-19.9869309831783],[26.8532849432456,-19.9813249827617],[26.8494529436985,-19.9841499826355],[26.8453119433916,-19.9837639828215],[26.8389089439926,-19.9797439826986],[26.8230539439844,-19.9772679827312],[26.8109079432471,-19.9777119834213],[26.806731944024,-19.9754879833837],[26.8047239431555,-19.9723069832806],[26.8093819439216,-19.9621159827664],[26.8013329432608,-19.9484709830494],[26.7954069433758,-19.943980982836],[26.7915039432525,-19.9431299831621],[26.7878859436814,-19.9445719831105],[26.7822879436337,-19.9442099835039],[26.7793349432531,-19.9429989834163],[26.7597449436743,-19.9349529828938],[26.7417639436511,-19.9352639828465],[26.7294469440213,-19.9391529832236],[26.7194599439213,-19.9393119833613],[26.7065199434407,-19.9161409832198],[26.7035139433139,-19.9019559828823],[26.7020039842965,-19.8968733276419],[26.7041909997149,-19.8955300004092],[26.7161360001763,-19.8982289998684],[26.7198460003926,-19.8908080002889],[26.7293869997103,-19.8892189998569],[26.7399880002461,-19.8823280004368],[26.7484680000982,-19.8696070001629],[26.7585370003823,-19.8643070003677],[26.7664890001673,-19.8643070003677],[26.771258999803,-19.8653669997872],[26.7797389996551,-19.8595369998326],[26.7951099998267,-19.8574180001406],[26.7993500002024,-19.8542380000836],[26.8046489999514,-19.8531759996726],[26.8094189995872,-19.8468169996048],[26.8194899999636,-19.8399270002308],[26.8226679999283,-19.8378060004465],[26.8306209997594,-19.8372760002872],[26.8401599998841,-19.8378060004465],[26.8518209998393,-19.8362170000145],[26.8597710004314,-19.8282660002756],[26.884150999669,-19.8261469996842],[26.8910419999884,-19.8240259998999],[26.8963429998296,-19.8250860002187],[26.8995219998405,-19.8256160003781],[26.9042930004217,-19.8224370003672],[26.9148919999659,-19.8213760000024],[26.9239019999774,-19.8171359996266],[26.9424530002058,-19.8197860004236],[26.9583539996374,-19.8176649997399],[26.9716050000707,-19.8171359996266],[26.9779640001386,-19.8192550002181],[26.9832639999337,-19.8234969997866],[26.9896250000937,-19.8240259998999],[27.0031410001571,-19.8234969997866],[27.0100300003842,-19.8234969997866],[27.022751999805,-19.8192550002181],[27.0360010001461,-19.8197860004236],[27.0460719996231,-19.8171359996266],[27.052430999691,-19.8187250000586],[27.0630320002267,-19.8240259998999],[27.0683320000218,-19.8224370003672],[27.0762819997146,-19.8166060003666],[27.092714000251,-19.8144849996829],[27.1181539998073,-19.8118359998315],[27.1287550003431,-19.8060049998308],[27.1446549997285,-19.8075960003551],[27.1560510000537,-19.8113039995799],[27.18096100035,-19.8123659999908],[27.183080000042,-19.8187250000586],[27.1873219996106,-19.8213760000024],[27.1920920001457,-19.820845999843],[27.2000419998384,-19.8240259998999],[27.2053409995875,-19.8224370003672],[27.2132910001795,-19.8181949998993],[27.2307830001354,-19.8219070002078],[27.2567529998511,-19.8314470003787],[27.2657639999087,-19.8319769996388],[27.2694740001251,-19.8234969997866],[27.2774229997717,-19.8150149998423],[27.2869639999886,-19.8113039995799],[27.3018050000008,-19.8017650003545],[27.3063100000065,-19.8007060000818],[27.3487110002125,-19.8070640001035],[27.3540110000077,-19.8049459995582],[27.3587809996434,-19.8049459995582],[27.3598420000084,-19.8075960003551],[27.3635520002247,-19.8102450002065],[27.3704409995526,-19.8107750003659],[27.377331999872,-19.8054749996714],[27.3826329997132,-19.8054749996714],[27.3879330004077,-19.8070640001035],[27.3942919995762,-19.8150149998423],[27.4001229995768,-19.8160760002072],[27.4075430000095,-19.8219070002078],[27.4117830003852,-19.8250860002187],[27.4239729995543,-19.8298559998545],[27.4292730002488,-19.8383359997066],[27.4377530001009,-19.8425750000362],[27.4451729996343,-19.850525999775],[27.4594840003863,-19.8515870001399],[27.4655779999248,-19.8515870001399],[27.4719390000848,-19.8579480002999],[27.482010999608,-19.860066999992],[27.5000299995849,-19.8611270003108],[27.5154009997564,-19.861657999617],[27.5254720001328,-19.866428000152],[27.5291820003491,-19.8722570000605],[27.5408420002582,-19.8770269996962],[27.542431999837,-19.8807369999126],[27.5397809998933,-19.8870980000726],[27.5403110000527,-19.8902790001757],[27.5461420000533,-19.8934590002326],[27.5615130002248,-19.8982289998684],[27.5652230004412,-19.9067089997205],[27.5678730003387,-19.9162479998453],[27.5652230004412,-19.9316190000168],[27.5726429999745,-19.9570609996654],[27.5766179998209,-19.9660699996308],[27.5803290000833,-19.9718999995853],[27.5903980003675,-19.9772010003259],[27.5919889999924,-19.9809109996429],[27.5903980003675,-19.9888610002349],[27.6009990000039,-19.9968119999738],[27.6073580000717,-20.0047619996665],[27.617957999662,-20.0095320002016],[27.6216689999245,-20.0127120002585],[27.6338589999929,-20.0158920003155],[27.6479050002156,-20.0280830004301],[27.6526749998514,-20.0408029997586],[27.6553259997951,-20.0455720002475],[27.6600950002841,-20.0503439999756],[27.6712260000799,-20.0551139996114],[27.6850069997733,-20.0572330002028],[27.6876559996247,-20.0620039998847],[27.6908369997278,-20.0710139998961],[27.6950770001035,-20.0747240001125],[27.7024969996369,-20.0805530000209],[27.7252880002411,-20.0906250004434],[27.7274069999331,-20.0964540003518],[27.7268769997738,-20.1012239999876],[27.7289979995581,-20.1049340002039],[27.7438389995702,-20.1075850001476],[27.7512579999568,-20.1123539997373],[27.7528489995817,-20.1203060004215],[27.7507279997974,-20.1245459998979],[27.7531140001111,-20.1277249999088],[27.7642439998607,-20.1335559999095],[27.7854439999407,-20.1505159996137],[27.8071760002722,-20.1584660002057],[27.8114159997486,-20.1611170001494],[27.811945999908,-20.1648270003657],[27.8077060004316,-20.1680060003766],[27.8098250001237,-20.172245999853],[27.8214850000328,-20.1801979996379],[27.8405660004206,-20.1780769998536],[27.8495760004321,-20.1865569997057],[27.8622969998067,-20.18814800023],[27.8660059999769,-20.1950369995578],[27.8728980003425,-20.1966280000821],[27.881908000354,-20.1892069996033],[27.8901229996768,-20.1854970002863],[27.8943630000525,-20.1780769998536],[27.8975420000633,-20.1648270003657],[27.9139739997004,-20.1436250001935],[27.9203329997682,-20.1224250001136],[27.9211081892915,-20.1197761666367],[27.9189453341599,-20.1180767798195],[27.8882057673823,-20.0873372130419],[27.8798222494973,-20.0454196227174],[27.8770277438354,-20.0258580803861],[27.8742332372742,-19.9979130201697],[27.8714387316122,-19.9532009232839],[27.8742332372742,-19.9028998150744],[27.8798222494973,-19.8581877181886],[27.8825223416328,-19.8176863289609],[27.8802349996456,-19.8188300004042],[27.8754839999867,-19.8175350000402],[27.8724609999752,-19.8114869999251],[27.8681410004069,-19.8132149995726],[27.8616610001551,-19.8158070003927],[27.8564770003134,-19.812782000289],[27.8599329996083,-19.8106229996517],[27.8586360000514,-19.8071670003568],[27.8521569998457,-19.8028479999352],[27.854317999676,-19.7985280003669],[27.8538850003925,-19.7950720001726],[27.8508620003811,-19.7937749997164],[27.8430859997192,-19.7929110003424],[27.8400609996155,-19.7890240000575],[27.8422220003451,-19.7847039995899],[27.84027799973,-19.7803840000215],[27.8320709998768,-19.7786570004202],[27.8264539998523,-19.7739039997697],[27.8251590003876,-19.7626739999051],[27.8225650003745,-19.7561929996072],[27.8130640002035,-19.7548980001425],[27.8100390000998,-19.7527380003584],[27.8065829999056,-19.743234000049],[27.8001039996999,-19.7423699997756],[27.7953519999949,-19.7380500002073],[27.7849840003114,-19.7337299997397],[27.7823920003905,-19.7294100001713],[27.7836889999475,-19.7255209997942],[27.7880090004151,-19.7207710001815],[27.7750489999115,-19.7125640003283],[27.7763440002755,-19.7026289999284],[27.7711619996267,-19.6978770002233],[27.7638180000008,-19.6957160003931],[27.7605779998748,-19.6926930003816],[27.7588500002274,-19.6901009995614],[27.7631699997957,-19.6836200001628],[27.7705130002748,-19.6749820002191],[27.7722409999222,-19.665045999773],[27.7756970001165,-19.6607260002047],[27.777424999764,-19.654246999999],[27.7761280002071,-19.6464710002364],[27.7752639999337,-19.6399909999846],[27.777424999764,-19.6322150002221],[27.7808809999582,-19.6287590000278],[27.7886559996747,-19.6261670001069],[27.7912479995956,-19.6231440000955],[27.7912479995956,-19.6196889999474],[27.7886559996747,-19.6162329997531],[27.7795840004014,-19.6140719999228],[27.7778559998546,-19.6106159997286],[27.7780719999229,-19.601544999602],[27.7815280001171,-19.5946330001128],[27.7819610003,-19.5907449997819],[27.7780719999229,-19.5868580003964],[27.7767769995589,-19.5816739996553],[27.7832559997646,-19.5682829999605],[27.7832559997646,-19.5635310002554],[27.7690019998425,-19.562666999982],[27.758634000159,-19.5475479997404],[27.7625210004439,-19.5294050003404],[27.7720259999001,-19.5203320001216],[27.7767769995589,-19.5181730003836],[27.7769919995812,-19.5121260003146],[27.7752639999337,-19.5069419995736],[27.7749990003037,-19.5067570000355],[27.7696490000014,-19.5030530000959],[27.7588500002274,-19.5043499996527],[27.7528030001584,-19.4970070000729],[27.7411380000187,-19.4957099996167],[27.7376819998245,-19.4918230002313],[27.735954000177,-19.4862060002067],[27.733795000439,-19.4814539996024],[27.7229949997195,-19.4805900002283],[27.7208359999815,-19.4762719998529],[27.7238589999929,-19.4615839997018],[27.7225639996289,-19.4542400000759],[27.7147879998664,-19.4468969995968],[27.7134930004017,-19.4430080001191],[27.7169469996044,-19.4365289999134],[27.7204029997986,-19.4348010002659],[27.7255869996404,-19.4343700001753],[27.7294760000174,-19.4313460001177],[27.7264509999138,-19.4283210000141],[27.7167319995822,-19.4257290000932],[27.7115489997865,-19.4214089996256],[27.718460000129,-19.4132019997724],[27.7296920000858,-19.4132019997724],[27.7240750000612,-19.404992999827],[27.7132770003333,-19.4002430002142],[27.6955640000786,-19.4032660002257],[27.6899500001924,-19.4002430002142],[27.6934050003405,-19.3963539998372],[27.7050680003879,-19.3885800001668],[27.7033399998411,-19.3851239999726],[27.6994529995563,-19.3833960003251],[27.6916769997937,-19.38685199962],[27.6873580002716,-19.3928999997352],[27.6821740004298,-19.3911720000877],[27.680445999883,-19.38685199962],[27.6769899996888,-19.3829630001423],[27.6700780001996,-19.3825320000517],[27.6631669998572,-19.3851239999726],[27.6618690002542,-19.3825320000517],[27.6644630002673,-19.3760519997999],[27.6635989999939,-19.3695729995942],[27.6553910000947,-19.3691400003107],[27.6532300002643,-19.3669809996733],[27.6558220001852,-19.3626610001051],[27.6705110003824,-19.3635250003784],[27.6679189995622,-19.3579080003539],[27.6627329996283,-19.3548850003425],[27.6588470002889,-19.3509970000115],[27.6575499998327,-19.3479740000001],[27.6597109996629,-19.3423569999755],[27.665757999732,-19.3462460003526],[27.673101000211,-19.349269000364],[27.6791490003262,-19.3488380002735],[27.6808769999736,-19.3462460003526],[27.6795819996096,-19.3432210002489],[27.6713749997565,-19.3432210002489],[27.6674860002788,-19.3384699996907],[27.6683499996528,-19.3350140003957],[27.6737490004161,-19.3337169999396],[27.6772059997571,-19.3315580002015],[27.6737490004161,-19.3281020000073],[27.6677030003932,-19.3289660002806],[27.665110999573,-19.325941000177],[27.6672700002104,-19.3203270002908],[27.6724540000521,-19.3168710000965],[27.6806619999514,-19.3250769999036],[27.6828209996895,-19.319894000108],[27.6780700000305,-19.3103919998908],[27.6789340003039,-19.3060720003225],[27.6854129996103,-19.3034800004016],[27.6806619999514,-19.2952719996031],[27.6832539998722,-19.2896569996707],[27.6893019999874,-19.2909520000347],[27.6962120002837,-19.2874959998405],[27.6988040002045,-19.2866319995671],[27.700531999852,-19.2805840003513],[27.7001009997614,-19.2771280001571],[27.6940529996463,-19.2654660001558],[27.7001009997614,-19.2529369997427],[27.7048530003657,-19.2542340001989],[27.7096040000246,-19.2615769997787],[27.7160830002304,-19.2589849998578],[27.721267000072,-19.2615769997787],[27.7346589998131,-19.2628740002349],[27.7372509997339,-19.2572570002104],[27.7350899999036,-19.2512090000952],[27.7307720004275,-19.2503469999141],[27.72774800037,-19.2464580004363],[27.7264509999138,-19.2412749997414],[27.7262359998915,-19.2399780001845],[27.7249390003346,-19.2382499996377],[27.7201879997764,-19.2378190004464],[27.7175959998556,-19.2339300000694],[27.7188910002195,-19.229611999694],[27.718460000129,-19.2265869995903],[27.7115489997865,-19.2239949996695],[27.7085239996829,-19.2196750001011],[27.7115489997865,-19.2123309995759],[27.7055009996715,-19.205421000179],[27.703773000024,-19.198939999881],[27.7024759995678,-19.1950529995962],[27.6959970002614,-19.1842529997761],[27.696428000352,-19.1790689999344],[27.7011810001031,-19.1717260003546],[27.7003169998297,-19.167405999887],[27.69297400025,-19.1678390000698],[27.6899500001924,-19.1652450000566],[27.7024759995678,-19.1501269998611],[27.7035559999095,-19.1427840002813],[27.7013960001253,-19.137168000303],[27.6931890002722,-19.129391999641],[27.6936200003628,-19.119888000231],[27.6845490002362,-19.1147040003893],[27.681093000042,-19.1082240001374],[27.6828209996895,-19.1043369998526],[27.6875740003399,-19.103042000388],[27.6940529996463,-19.1069289997735],[27.6992370003873,-19.1047700000354],[27.7048530003657,-19.0982889997375],[27.7065810000132,-19.0952659997261],[27.7048530003657,-19.0918100004311],[27.6996679995786,-19.0896489997015],[27.6983730001139,-19.0874899999635],[27.6979270002309,-19.0865990002436],[27.6962120002837,-19.0831710004413],[27.7013960001253,-19.079715000247],[27.6940529996463,-19.0654600002787],[27.6936200003628,-19.0598430002542],[27.6998839996469,-19.0529319999118],[27.695132999988,-19.0468839997967],[27.6921099999766,-19.041699999955],[27.6916769997937,-19.0382439997607],[27.6959970002614,-19.0334930001018],[27.7033399998411,-19.0278770001234],[27.7080929995923,-19.0261489995766],[27.7253719996181,-19.024854000112],[27.7318509998238,-19.0244209999291],[27.73314800028,-19.0226930002817],[27.7344429997447,-19.0205339996443],[27.736602000382,-19.0140530002457],[27.7409219999504,-19.0110300002343],[27.7422190004066,-19.0080050001306],[27.7435149999174,-19.0023910002444],[27.7525860000439,-18.9894309997408],[27.7556090000554,-18.9807909997048],[27.7530190002267,-18.9665349996905],[27.7515059997022,-18.9639429997696],[27.744594000213,-18.9617840000315],[27.7411380000187,-18.9578969997467],[27.7389790002807,-18.9518470004387],[27.7415710002015,-18.9388900000734],[27.7420020002921,-18.9345699996057],[27.7372509997339,-18.9289529995812],[27.7273150001872,-18.9272249999337],[27.721267000072,-18.9263609996603],[27.7182440000606,-18.9241999998301],[27.7130600002189,-18.9177219996705],[27.7100370002074,-18.9116739995554],[27.7074450002866,-18.9064899997136],[27.7026929996823,-18.9017390000548],[27.6970759996577,-18.9000110004073],[27.6845490002362,-18.8995800003167],[27.6815260002248,-18.8982839999066],[27.6741819996996,-18.8926669998821],[27.6599269997313,-18.8883470003138],[27.6538789996162,-18.8818680001081],[27.651070999627,-18.8779809998233],[27.6471840002415,-18.8710670002418],[27.6420000003998,-18.8671810000031],[27.6381110000227,-18.8676120000937],[27.6337919996012,-18.8719309996159],[27.6303360003062,-18.8581099998766],[27.6294720000328,-18.8490369996578],[27.6286079997594,-18.8365110002824],[27.6117609998703,-18.8365110002824],[27.6070090001652,-18.836942000373],[27.6044170002444,-18.8334860001787],[27.603552999971,-18.8308940002578],[27.6052809996185,-18.8274380000636],[27.6031219998804,-18.8222540002219],[27.5923210000142,-18.8183679999832],[27.5888669999122,-18.8179349998004],[27.5828169997048,-18.8166400003357],[27.5793619995567,-18.8149119997889],[27.5741779997149,-18.8105920002206],[27.5668350001352,-18.8084310003903],[27.5556040002245,-18.8084310003903],[27.5504200003828,-18.8028159995587],[27.5439410001771,-18.8049750001961],[27.5387570003354,-18.8041109999227],[27.5249339996045,-18.7972009996264],[27.511324999749,-18.7972009996264],[27.4975029999635,-18.7902880000911],[27.4862720000528,-18.7920149996924],[27.4789270003808,-18.7868319998968],[27.4612170002644,-18.7799200004076],[27.4556000002399,-18.7747379997588],[27.4482569997608,-18.7708490002811],[27.440914000181,-18.7682570003602],[27.4324890001673,-18.7565950003589],[27.4234190000868,-18.7367240004123],[27.4234190000868,-18.7133960002252],[27.4139149997775,-18.6948219998354],[27.41218700013,-18.6779739999001],[27.4219069996084,-18.6434149998024],[27.4482569997608,-18.6235439998557],[27.4651049996961,-18.6166320003665],[27.4864880001211,-18.5730030001882],[27.5128380002735,-18.5548589998429],[27.531411999764,-18.5276450003165],[27.5307649996051,-18.5077740003698],[27.5143499998526,-18.4887669997972],[27.5104610003749,-18.4589610003499],[27.4776320000169,-18.4373619998564],[27.4699989996541,-18.4373029998336],[27.3927700004352,-18.4968619998813],[27.307540000071,-18.4987060003816],[27.3047770003583,-18.4940980001226],[27.3001700001454,-18.4927170002893],[27.2932599998492,-18.5028509999737],[27.2794390001098,-18.5051550001031],[27.2771349999803,-18.5125270001209],[27.2693020002872,-18.5116039998247],[27.262393000037,-18.5102229999914],[27.2600889999075,-18.5083800004366],[27.2564039999447,-18.5023910003443],[27.2471900004182,-18.4991660000109],[27.2439650000848,-18.5010070003727],[27.2292210000492,-18.5033129996951],[27.2204680001981,-18.5051550001031],[27.2375140002709,-18.4848839996968],[27.2416609999552,-18.4512530001258],[27.2653859995643,-18.4328250001736],[27.2980969998767,-18.435129000303],[27.3027030000435,-18.3895199996482],[27.2713749996566,-18.373855000308],[27.2703427425236,-18.3568160329335],[27.274202846784,-18.353562266885],[27.3001569267009,-18.3323271105077],[27.3388130240019,-18.2936710132067],[27.3516983897689,-18.2636051591508],[27.3815542503285,-18.2449452465258],[27.3892526646788,-18.2382975910609],[27.4191197946429,-18.2024570354638],[27.4612236606435,-18.1764948652458],[27.4664009164692,-18.1742298156534],[27.5088032773494,-18.1579212155916],[27.5255016858542,-18.1370482054103],[27.5535691222173,-18.1089807690472],[27.5665168550689,-18.0964212159663],[27.5737625623924,-18.0893927389837],[27.6051714478041,-18.057983853572],[27.6265865971938,-18.015153555692],[27.6444325541191,-17.9687540662471],[27.6444325541191,-17.8830934695879],[27.648001745684,-17.8331247885781],[27.648001745684,-17.7938636822631],[27.6480618051083,-17.7935633869407],[27.6480618051083,-17.7782563780294],[27.6531641411123,-17.7680517060214],[27.655140128814,-17.7581717666137],[27.6765552782036,-17.7189106602987],[27.7086780013887,-17.6939263193441],[27.7224389974618,-17.6878749728517],[27.7649522546429,-17.6691799255131],[27.8078145836761,-17.6515307312582],[27.8134932592066,-17.6491924525696],[27.818245734653,-17.6476430564818],[27.8241618051233,-17.6451075978374],[27.8588789033388,-17.632483198241],[27.8942759600675,-17.6118349151492],[27.905286570319,-17.6067530944797],[27.9057691222472,-17.6064514996369],[27.9410062309528,-17.590188219111],[27.9763673651618,-17.5654354257043],[28.0191976630418,-17.5440202763147],[28.0584587693568,-17.5226051269251],[28.1369809828861,-17.5083283615646],[28.1794670805414,-17.5052936397896],[28.2072128878646,-17.5071433608774],[28.2100081786346,-17.5073297129958],[28.2140215642439,-17.5064631964194],[28.2129990000039,-17.5079970000614],[28.2069980002576,-17.5230000003497],[28.2059990000539,-17.534998999704],[28.2099990001538,-17.5599969995619],[28.2091400001109,-17.5726349996055],[28.2090722937514,-17.5776121625712],[28.2012264301557,-17.5797121910647],[28.1966421180394,-17.5797121910647],[28.0798739187464,-17.6118349151492],[28.0156284714768,-17.6475268298992],[27.969228982032,-17.6796495539837],[27.9371062579475,-17.7117722771688],[27.9202512756759,-17.7291563395934],[27.9156911094572,-17.7367566181234],[27.8857970753748,-17.7537565980885],[27.8663172931086,-17.7648342572951],[27.8443072790577,-17.7938636822631],[27.830030512798,-17.8259864054482],[27.7764926402232,-17.8830934695879],[27.7300931507783,-17.9223545759029],[27.7122471929537,-17.9473389168575],[27.6959764390614,-17.9656036592814],[27.6872628528984,-17.9830308316076],[27.6747706824211,-18.0048921301676],[27.6715584101925,-18.0137258792459],[27.6658477035087,-18.0365687041823],[27.6587093203789,-18.0627427753587],[27.655140128814,-18.0793990029616],[27.6408633625542,-18.1115217261467],[27.6301557887587,-18.1400752586662],[27.6194482140639,-18.1650595987215],[27.613812648435,-18.1960552096801],[27.612309830934,-18.2185974712962],[27.6085026931448,-18.2290670997668],[27.6051714478041,-18.2507201953807],[27.5880393286521,-18.2878397865769],[27.5873254899794,-18.2899813016957],[27.569479533054,-18.3185348333159],[27.5552027667943,-18.3470883658354],[27.539691252949,-18.3688044841396],[27.5376139170487,-18.3741230432438],[27.5767699996358,-18.4248350004349],[27.6370309996809,-18.4183550001831],[27.7625210004439,-18.4006440000205],[27.8467380359317,-18.3883813608111],[27.863213306449,-18.4323154146247],[27.8703516895789,-18.4858532871994],[27.8846284558386,-18.5251143935144],[27.9096127958938,-18.5572371175988],[27.9233696146161,-18.6092119675582],[27.9517621307178,-18.6453478973875],[27.9704784605126,-18.6687433089565],[27.9913592183533,-18.6839293149859],[28.0095501579135,-18.6964355859335],[28.0666572220532,-18.7178507353231],[28.0786811964801,-18.7247215773389],[28.0916415630078,-18.7321275015829],[28.1451794355825,-18.7178507353231],[28.1737329681021,-18.7178507353231],[28.2094248828521,-18.7107123521932],[28.2923791703625,-18.7202840013056],[28.3016370001475,-18.6971369995728],[28.2967411520826,-18.6733121680221],[28.3120677770063,-18.6700855093387],[28.3170602275475,-18.6686590955408],[28.3534856905123,-18.6662307308635],[28.3971962466096,-18.6662307308635],[28.4239082526638,-18.6783725524513],[28.4313377994,-18.6783725524513],[28.4586438634236,-18.6764221189856],[28.4943357781736,-18.6811810407723],[28.5187372945906,-18.6833993606919],[28.5308228941613,-18.6842050669102],[28.5532340885824,-18.6856057672923],[28.5817519261105,-18.6832292800072],[28.6303192097638,-18.6832292800072],[28.6643163089506,-18.6880860084624],[28.7031701356933,-18.6880860084624],[28.739595598658,-18.6832292800072],[28.7600487243692,-18.6816559628523],[28.7632148721686,-18.6811810407723],[28.7701329052094,-18.6808802571181],[28.7711643331675,-18.6808009162293],[28.8075897961322,-18.6783725524513],[28.823948865248,-18.6783725524513],[28.8495114684795,-18.6765466517066],[28.8707272660506,-18.673515823996],[28.8998676358827,-18.6686590955408],[28.926579641937,-18.6589456386303],[28.9473232531657,-18.6545005793382],[28.9749869020239,-18.6431096646792],[29.0059198949872,-18.6335918211056],[29.02908463225,-18.6272741646709],[29.0372919054971,-18.6256327103812],[29.0609471716747,-18.6218976685426],[29.0844233153837,-18.6200918109883],[29.0994719562658,-18.6134035268512],[29.1129956401367,-18.6097972103729],[29.1246475164697,-18.6054277570853],[29.1288030003582,-18.6140570003303],[29.1870989997191,-18.6056270000859],[29.1987150002971,-18.6056270000859],[29.2282040004143,-18.6038409995624],[29.2353509999488,-18.6038409995624],[29.2460739998153,-18.6011600000339],[29.2505429999595,-18.6047340002738],[29.2693080001641,-18.5984799996522],[29.2773489995568,-18.5993740004097],[29.286284999753,-18.6011600000339],[29.2934340002789,-18.5975849997479],[29.2970079996196,-18.5984799996522],[29.3104109998678,-18.5957980000776],[29.3139328664087,-18.5957980000776],[29.3148779999198,-18.5957980000776],[29.322921000304,-18.5984799996522],[29.339898999939,-18.5877569997857],[29.3434730001788,-18.576141000107],[29.3515139995715,-18.576141000107],[29.3559829997157,-18.5609490000962],[29.361344999672,-18.5573759999024],[29.361790999555,-18.5546950003739],[29.3653639997489,-18.5386099996517],[29.3743009999912,-18.5305690002591],[29.3760869996154,-18.5225269999211],[29.3832370001875,-18.5126969998666],[29.3841299999996,-18.5019740000001],[29.3877040002395,-18.4957190002316],[29.3921730003837,-18.4841039996998],[29.3984260000599,-18.4796349995555],[29.4073630003023,-18.4671260000648],[29.4073630003023,-18.45550900034],[29.4091489999265,-18.4465730001438],[29.4037890000624,-18.4376369999475],[29.4064690004441,-18.4340639997537],[29.4028930001119,-18.4260210002689],[29.4046819998745,-18.417979999977],[29.4028930001119,-18.4027879999662],[29.3877040002395,-18.3795559997096],[29.3805559997596,-18.3607919995511],[29.3787680000432,-18.3536429999245],[29.3796629999475,-18.3411330003876],[29.3751939998033,-18.322368000183],[29.3760869996154,-18.310751999605],[29.3859169996699,-18.3036040000246],[29.3957459996782,-18.2866260003896],[29.4037890000624,-18.2705419997135],[29.4043479997604,-18.2681819996995],[29.4107950002891,-18.2708959998505],[29.4142640001835,-18.2778329995932],[29.4184259996602,-18.2823439998757],[29.4243219999604,-18.2851180000956],[29.4354220001252,-18.2868530000658],[29.4420140001461,-18.2930960001802],[29.454675000351,-18.296912999935],[29.4581430001994,-18.2976069995634],[29.4614684413156,-18.3005753855456],[29.4630084736622,-18.2986799609114],[29.4715517507128,-18.2964017542375],[29.4860069766407,-18.2883710727667],[29.5072436663622,-18.2821249879778],[29.5405561206685,-18.2749866048479],[29.5762480354185,-18.2654687612743],[29.6143194115117,-18.2583303781444],[29.6523907876048,-18.2559509168013],[29.668067236214,-18.269667809222],[29.6738059369944,-18.2868839097646],[29.6548922725604,-18.3039062082049],[29.6642880925215,-18.3320936689876],[29.6642880925215,-18.3352662838119],[29.6690470143083,-18.3511293570342],[29.6613987470546,-18.354528586625],[29.6576838743114,-18.3619583330106],[29.7023594686146,-18.3677855837377],[29.7975379088475,-18.3820623499974],[29.7856406039308,-18.4415488754802],[29.8950958104234,-18.4724818684434],[29.9683099950103,-18.4926157690025],[29.9807564061833,-18.4962764782768],[29.9954372315431,-18.5093261007189],[30.0259661654063,-18.5724192304631],[30.0259661654063,-18.660459287566],[30.0169242133818,-18.6875851436394],[30.0151982408062,-18.6927630631648],[30.0109755613731,-18.7054311005648],[30.0055209995945,-18.7031089997805],[29.9954619997715,-18.6965189998519],[29.9947680001432,-18.6979059999619],[29.9871379999188,-18.7003340004138],[29.9815860001938,-18.6982529997761],[29.971874000185,-18.6878470001389],[29.9673649999948,-18.6875010003708],[29.9552230003412,-18.6927030001433],[29.9517549995936,-18.6927030001433],[29.9416959997706,-18.6916629998475],[29.9347590000279,-18.6958250002235],[29.9295550001632,-18.6958250002235],[29.9257389995552,-18.6937439995859],[29.9208829995508,-18.6982529997761],[29.9184549999983,-18.7055370002323],[29.9160270004458,-18.7069260004345],[29.9090879997115,-18.7072730002487],[29.9011109996729,-18.7034559995947],[29.8931329995883,-18.7048449997969],[29.8848069996434,-18.7013739998102],[29.8809919999809,-18.6951309996958],[29.8657280002471,-18.6895820001092],[29.8549759999425,-18.6923560003291],[29.8501199999381,-18.6916629998475],[29.8386719999129,-18.6763990001137],[29.8315600001939,-18.6750120000037],[29.8232360003412,-18.6812570002103],[29.8169910001346,-18.6802149998223],[29.7999949996695,-18.6729310002654],[29.7958330001928,-18.6677280004468],[29.7916689997246,-18.6531580003414],[29.7854249995642,-18.646915000227],[29.7729390002347,-18.6430999996652],[29.7698170001545,-18.6365079996444],[29.7660000003997,-18.6347749997664],[29.7555939998633,-18.6375500000324],[29.7529920003806,-18.6392839999566],[29.7425859998441,-18.6476089998554],[29.7373819999794,-18.6479559996696],[29.7321161366505,-18.6428785703897],[29.7300980004225,-18.6358140000161],[29.7287100002664,-18.6243680000831],[29.7282846155426,-18.6233956431943],[29.722467000152,-18.6163899999984],[29.7078970000466,-18.6160430001843],[29.6936739997553,-18.6129200000579],[29.6881250001687,-18.6132669998721],[29.6815350002401,-18.6177780001546],[29.6745979995981,-18.6167369998127],[29.6729598557128,-18.6156838595225],[29.6725062421694,-18.6153922372619],[29.6720082614721,-18.6157408234802],[29.6567797112148,-18.6290658057423],[29.6561630487857,-18.6293741365071],[29.6465308294343,-18.6447856871097],[29.6220451373732,-18.6475063188615],[29.6180106042061,-18.6498613303361],[29.6083129294981,-18.6522377168971],[29.5939619403913,-18.6576193373625],[29.5785829101732,-18.6627456807685],[29.5566884608039,-18.672129016341],[29.4980956114234,-18.6877537764156],[29.4752470883824,-18.6877537764156],[29.4740371063274,-18.6880764387766],[29.4735853795617,-18.6877537764156],[29.4551275221175,-18.6877537764156],[29.4395027620429,-18.672129016341],[29.408253242793,-18.6486918771284],[29.3574727734498,-18.6330671170538],[29.3535665834311,-18.6408794970911],[29.3340356333379,-18.6565042562664],[29.3223170632819,-18.6916599664343],[29.2949737340506,-18.7150971056469],[29.2676304039201,-18.7346280557401],[29.2520056447448,-18.76587757499],[29.2246623146142,-18.7932209051206],[29.2168499345769,-18.7971270951393],[29.2285685046329,-18.8049394751766],[29.2715365939387,-18.8244704243705],[29.2850551849489,-18.8413686631333],[29.2892365504265,-18.8440013744638],[29.3105984941253,-18.8440013744638],[29.3379418233565,-18.8596261345384],[29.3652851534871,-18.8752508937137],[29.3809099126624,-18.8908756537883],[29.4121594328116,-18.9104066038816],[29.4473151420802,-18.9299375530756],[29.4902832313861,-18.9611870732248],[29.5293451306733,-18.9807180224187],[29.5645008408412,-19.0041551625307],[29.5840317900351,-19.023686112624],[29.6113751201657,-19.0549356318739],[29.6348122593783,-19.1252470513104],[29.6424168888284,-19.1670725096885],[29.6391024796957,-19.1684463572136],[29.623907000208,-19.1747450001816],[29.4100320001767,-19.1388850003424],[29.3459959996158,-19.1593760001023],[29.2256100004013,-19.2310959997805],[29.1269949997195,-19.3207449997819],[29.1252399997263,-19.3221659996612],[29.126259999999,-19.3234709995869],[29.0939100001464,-19.3672979999027],[29.0935440003554,-19.367795000339],[29.0988209999892,-19.3767660003506],[29.1062079997994,-19.3794039996948],[29.109373000064,-19.3815149999173],[29.1175529995713,-19.3910119999038],[29.1228290000583,-19.3941780002145],[29.1333820001792,-19.3957610003698],[29.1534340003789,-19.4094809999481],[29.1565999997902,-19.4184509999137],[29.159767000147,-19.426365999791],[29.1645159997137,-19.4316440003703],[29.1824549995986,-19.4411410003568],[29.194592999967,-19.4511679996035],[29.1972310002105,-19.4564450001366],[29.217810999578,-19.4733289999334],[29.2267239996129,-19.4808169999046],[29.2247039999897,-19.4853450000717],[29.2175480000402,-19.5065470002438],[29.2069470004038,-19.5176769999935],[29.1963479999603,-19.520325999845],[29.2037064435975,-19.5435132354474],[29.2037064435975,-19.5521786782034],[29.204182336046,-19.565027768017],[29.2042602775898,-19.56650865555],[29.2043551731528,-19.5677422987681],[29.2055449033746,-19.5814241994672],[29.2073294991571,-19.5962958312875],[29.2080748221953,-19.5996497836106],[29.210368934279,-19.6050027130048],[29.2113207191759,-19.6183276943676],[29.2117966107251,-19.6254660774974],[29.212748395622,-19.6283214303896],[29.2160796409627,-19.635935705968],[29.2175073174088,-19.6473571184362],[29.2208385627495,-19.6535437175685],[29.2208385627495,-19.661633884696],[29.2222662391956,-19.6697240518235],[29.2222662391956,-19.6792418962965],[29.2220828404507,-19.6800671933463],[29.2222011309774,-19.682551292608],[29.2214654216919,-19.6828455759625],[29.221314455198,-19.6835249256348],[29.2192532216589,-19.6839371721627],[29.2192532216589,-19.6927520831421],[29.2198867787519,-19.7101748892597],[29.229410136069,-19.7428264012174],[29.2300979168854,-19.745004372154],[29.2346394365608,-19.7568123249288],[29.2346394365608,-19.7641034660021],[29.2352881661161,-19.7688067539285],[29.236460066379,-19.7716193143798],[29.2382889097055,-19.7784774777534],[29.2459744097912,-19.8015339780106],[29.2501126464815,-19.8150522164865],[29.2496018504451,-19.8211817671248],[29.2489162028206,-19.8386657837988],[29.2474885263745,-19.8467559509264],[29.2465906054721,-19.852143472743],[29.2465906054721,-19.8556570808096],[29.248287947231,-19.8743278365604],[29.253483076183,-19.8814900526238],[29.2567033155057,-19.8854003435509],[29.2644365632968,-19.8937284569027],[29.2727260894375,-19.903123252536],[29.2912309508478,-19.9077494676637],[29.3007487953207,-19.9172673121367],[29.3056678998537,-19.9336643281462],[29.3072932796612,-19.935521904812],[29.3144316618917,-19.9521781315155],[29.3149416890078,-19.9528921689384],[29.3137631247685,-19.9563823460684],[29.331489017704,-19.9876136819259],[29.3445308771983,-19.993410064323],[29.3445308771983,-20.0034487520582],[29.3453646557543,-20.0092851956552],[29.350803174527,-20.0147237144278],[29.367373703034,-20.0257707337323],[29.367373703034,-20.0390957159945],[29.3737372248931,-20.0492773500696],[29.3810301529193,-20.0537472090664],[29.3841616750213,-20.0652294579731],[29.3912548330442,-20.0758691950073],[29.4089888198782,-20.093603180942],[29.4105751385319,-20.0956221319558],[29.4130593547055,-20.0981063481294],[29.4136981530474,-20.0995968781933],[29.4155323374475,-20.1019312942938],[29.4202912592343,-20.1114491387667],[29.4250501810211,-20.1191823865579],[29.4266423569592,-20.1239589125737],[29.4351545858156,-20.134362748442],[29.4435164552203,-20.1418884309063],[29.4593554239137,-20.1518919902231],[29.4703241275565,-20.1579070850439],[29.4738555493942,-20.1591912386847],[29.4769661002054,-20.1602280895547],[29.4803726493783,-20.1602280895547],[29.492193464257,-20.1647312567421],[29.50062351936,-20.1647312567421],[29.517755638512,-20.1780562381049],[29.517755638512,-20.1827129708269],[29.5184440254715,-20.1834278338274],[29.517755638512,-20.1861813816654],[29.517755638512,-20.1888696998767],[29.5184325339343,-20.1925926206529],[29.5208234868145,-20.1953251387441],[29.5243926783795,-20.202463521874],[29.5273102059014,-20.2071315671681],[29.5405984643477,-20.2237418897764],[29.5501163088206,-20.225645458671],[29.5634412901834,-20.23325973335],[29.5767662715463,-20.2446811467175],[29.5871043984493,-20.2485579441938],[29.5908300001045,-20.253241000072],[29.5923267948457,-20.2537115811246],[29.59253600863,-20.2558037162685],[29.591222814981,-20.2652816083595],[29.5952080608034,-20.2698361753991],[29.6133915548764,-20.2813204873506],[29.6143399996913,-20.2778799995623],[29.6142892338611,-20.2765309652318],[29.6172430661147,-20.2774398371787],[29.6186447854286,-20.2732346783377],[29.6291272094532,-20.2810964968058],[29.6310719538077,-20.281694879615],[29.6288610074296,-20.2830454167126],[29.6276019484712,-20.2856460060583],[29.6290722356952,-20.2849405157921],[29.6297107930187,-20.2856974688631],[29.6296838277465,-20.2857446571902],[29.6383364749484,-20.2948299367521],[29.6395840423697,-20.2960775041734],[29.6449056438804,-20.2950131835116],[29.6486839655926,-20.29217047149],[29.6532361323417,-20.2974813323975],[29.6586197304163,-20.3017882108572],[29.681462556252,-20.31511319222],[29.7176303634506,-20.332245311372],[29.7549849996581,-20.3418840004462],[29.7579279995776,-20.3350120001037],[29.7644819996446,-20.3197210000241],[29.7811049999958,-20.2838380000236],[29.7853260003947,-20.2648409999122],[29.7874369997178,-20.2479570001154],[29.7942960003602,-20.235291999726],[29.7958789996162,-20.2279049999158],[29.793241000272,-20.2215740002399],[29.7935039998098,-20.206797999628],[29.8082800004217,-20.1756660001857],[29.8272759995878,-20.1360889998074],[29.834401314669,-20.1241782725092],[29.8412336719964,-20.1245578475666],[29.8568394779596,-20.0890901086216],[29.8697539997473,-20.0701309996459],[29.874975000396,-20.0591670003568],[29.8750300002343,-20.0590490003111],[29.8766130003897,-20.0484960001902],[29.8768457872034,-20.0405860769858],[29.8997246668599,-19.9556073831741],[29.931847390045,-19.8985003190345],[29.9461241563048,-19.8556700202552],[29.9596868698532,-19.81470360149],[29.9638930952902,-19.8043788502037],[30.0315307088752,-19.7912876997675],[30.0897049715073,-19.8252782141182],[30.1384160729435,-19.8063709843334],[30.1827591914836,-19.7935348186769],[30.2574569723614,-19.7753095331084],[30.2967180786765,-19.7574635752837],[30.321576163809,-19.7091577407371],[30.4129618482108,-19.6917748096597],[30.452030862934,-19.6951721156006],[30.4843233565377,-19.6979801587573],[30.4907527717231,-19.7042733887059],[30.5247699608651,-19.7419434279468],[30.5484158920798,-19.7695303484468],[30.5905009928266,-19.8077664632517],[30.6139997481899,-19.8240348321418],[30.6675094665887,-19.803952507702],[30.6920369996079,-19.8568807676333],[30.6920369996079,-19.8459409996773],[30.6869689997196,-19.8379869998001],[30.6820139996464,-19.8241169995998],[30.681958999808,-19.8119159999234],[30.6856019996326,-19.7986919998359],[30.6886990003586,-19.7876299996248],[30.6915179999558,-19.7761489998764],[30.6938680004079,-19.7678890002771],[30.6938199999931,-19.7591680001031],[30.6980049996311,-19.7439719999078],[30.7478820001542,-19.7209110003424],[30.7721060002917,-19.7115339995943],[30.7650729997192,-19.7209110003424],[30.7658549998084,-19.7443540004367],[30.7541329997382,-19.7545120003285],[30.7510070003728,-19.7670150004419],[30.7408499996278,-19.7842060000069],[30.7392860003487,-19.8021789996611],[30.7416299996248,-19.8045229998365],[30.7525709996519,-19.8138979995929],[30.7572590000029,-19.8185880000361],[30.7713240002025,-19.8154619997714],[30.7689810000732,-19.7701409998073],[30.7822640001835,-19.7763900001983],[30.7932050002107,-19.7771720002875],[30.7978929996623,-19.7670150004419],[30.7986749997515,-19.7466979997129],[30.8213359997566,-19.7068460001428],[30.8557179997859,-19.7170040000345],[30.8924460000829,-19.708408000229],[30.9221399997612,-19.6998129995702],[30.952615000382,-19.686529000313],[30.9549589996582,-19.6912169997647],[30.9596480000552,-19.6951230000264],[30.9635540003169,-19.6990310003803],[30.9705880000362,-19.7068460001428],[30.9721500001224,-19.7154399998561],[30.9733507308516,-19.7182425589469]]],[[[30.7035348031887,-19.9104098969991],[30.6920851816859,-20.002006872619],[30.7723199382146,-20.1412810593733],[30.7749897411837,-20.1465054495668],[30.9109841831736,-20.3177441858455],[30.9831925785747,-20.3249650251158],[31.0640942534471,-20.2892731103657],[31.1101525338124,-20.2829309995659],[31.1045739995905,-20.2880449997769],[31.1030019999424,-20.3006320001666],[31.1045739995905,-20.3069239998427],[31.0978879997314,-20.3195110002324],[31.0955289997636,-20.3336690002241],[31.0971010003109,-20.3486149996825],[31.1081140000611,-20.3651329996881],[31.1144079998294,-20.3792929997721],[31.1175530000709,-20.3847980000276],[31.1262069998532,-20.384011999754],[31.1387930001969,-20.3785070003977],[31.1564073385279,-20.3755712768929],[31.1614592603366,-20.3747292902245],[31.1695995250981,-20.3714832295673],[31.1717649792704,-20.3705547559972],[31.166026814486,-20.3640132025472],[31.1734900902955,-20.3564314176758],[31.1692070600578,-20.342154651416],[31.1701420528136,-20.340977252698],[31.1685989034167,-20.340977252698],[31.176094200487,-20.333481956527],[31.1884806943286,-20.3178841491341],[31.2014306332172,-20.3157841593115],[31.2196724609154,-20.3100235816229],[31.2267733989733,-20.3052896232175],[31.2327386686547,-20.2993243535361],[31.2387073629545,-20.2967663416933],[31.2475307653326,-20.2899036960986],[31.258364549984,-20.2790699105479],[31.258564142821,-20.2789501550256],[31.2662890691852,-20.2707708210165],[31.2717199707001,-20.2710566579383],[31.2738413850719,-20.269783809675],[31.2973123666724,-20.263077815189],[31.2991256310431,-20.2622047614406],[31.3029771386841,-20.2614593088999],[31.3063427399256,-20.2604977079029],[31.3098562796437,-20.2601278617114],[31.3212546182061,-20.2579217321022],[31.3375426462762,-20.256505381718],[31.3543209298671,-20.2481162394728],[31.3775361829485,-20.2388301386],[31.3957909995551,-20.2247879721871],[31.3969214779439,-20.2236574937983],[31.39726062218,-20.2236574937983],[31.3976560693721,-20.2233533035121],[31.4313723012907,-20.2248858588952],[31.4404656144966,-20.2300820382554],[31.4625946025589,-20.2422172893964],[31.46759147057,-20.2465003187347],[31.4854374274954,-20.2436449658425],[31.4918909373169,-20.2242844381763],[31.4882927812869,-20.2115222426573],[31.4840097510492,-20.1922486083865],[31.4825820746031,-20.180827195019],[31.4804405594843,-20.1694057825508],[31.4868651039415,-20.1629812380936],[31.4873707396679,-20.1625350889232],[31.494717325744,-20.1544151785176],[31.5009124225703,-20.1507440101279],[31.5097079297772,-20.1437076038228],[31.5268400489292,-20.1394245735851],[31.5411168151889,-20.1287169988904],[31.5447695384835,-20.125673063561],[31.5568769996739,-20.1173509999487],[31.5559816895034,-20.1167914930329],[31.5495088037883,-20.1127463892344],[31.5837515078259,-20.1142352024926],[31.5874793308065,-20.1105073804112],[31.601756096167,-20.1057484586244],[31.6179364313213,-20.0971823990485],[31.6440425173483,-20.0939191379578],[31.6464899629415,-20.0933752612593],[31.6655256509881,-20.0876645545755],[31.6709720532177,-20.0881648330406],[31.6731399265664,-20.0876645545755],[31.6760489069316,-20.088631166595],[31.694472559561,-20.0903234685532],[31.6945545588459,-20.0903214675616],[31.6949605532869,-20.0904704681375],[31.695368546921,-20.0906974678139],[31.6958575388944,-20.090920468205],[31.696345531721,-20.0912214685958],[31.6964275310058,-20.0913744693563],[31.696429531098,-20.0914504692637],[31.6965135295758,-20.0916794690322],[31.6965955288606,-20.0918324697926],[31.6966795282377,-20.0920614695611],[31.6967615266232,-20.0922894701829],[31.6967625266693,-20.0924424709432],[31.6969285253312,-20.0927474706192],[31.6969305254235,-20.0929004722789],[31.697012523809,-20.0929764721864],[31.6970945230938,-20.0931294720475],[31.69717652058,-20.0932814718624],[31.6973425192419,-20.093508472438],[31.6975045168201,-20.0936594731061],[31.6976705136833,-20.0938884728747],[31.6979155105924,-20.094115472551],[31.6982415058409,-20.0943424731266],[31.6987334988519,-20.0947964742778],[31.6989774948156,-20.0950234739541],[31.6993054910556,-20.0953264744372],[31.6994674877344,-20.0954004742524],[31.6995494870193,-20.0954004742524],[31.6997114836981,-20.0953984741602],[31.7000364789004,-20.0953954740219],[31.7005224716348,-20.0953914729381],[31.7016554537362,-20.0953794723847],[31.7018974496077,-20.0953774722925],[31.7020594480851,-20.0953764722464],[31.70214144737,-20.0953744721541],[31.7023014439565,-20.0952194713015],[31.7027864357455,-20.0950634713021],[31.7028664349381,-20.0950614712099],[31.7029464341307,-20.0949854704031],[31.7030264333233,-20.0949064703573],[31.7031884300021,-20.0948284703576],[31.7035114251123,-20.0947484693663],[31.7038334201762,-20.0945924693669],[31.7041554152403,-20.0944354684221],[31.7043984111578,-20.0943574684224],[31.7045604078366,-20.094279466624],[31.7045584077444,-20.0942034667166],[31.7046404070292,-20.0942034667166],[31.7048004036158,-20.0941244666707],[31.7050424012858,-20.0940444665789],[31.7052043979646,-20.0940424655873],[31.7052043979646,-20.0939664656798],[31.7052853972034,-20.0939664656798],[31.7052853972034,-20.0938904657723],[31.7095593289999,-20.09224045893],[31.7096413282847,-20.0922384588378],[31.7097213256787,-20.0922384588378],[31.7100433207427,-20.0920054579855],[31.7104483151377,-20.0919254578935],[31.7108503075956,-20.0917674569026],[31.7110923052657,-20.0916894560036],[31.7111733027058,-20.0916104559577],[31.711333301091,-20.0914564560505],[31.7114952977698,-20.0913784551515],[31.7116552952557,-20.0912234551983],[31.7118952919342,-20.0910694552911],[31.7120582886591,-20.0909144544385],[31.7122182861451,-20.090760453632],[31.7123782836309,-20.090682452733],[31.7126202804017,-20.0905254526875],[31.7127802769883,-20.0904474517884],[31.7130232729058,-20.0902934518813],[31.7135032653634,-20.089827451076],[31.7137442620881,-20.0896734502694],[31.7139042586746,-20.0895184503162],[31.7140642561606,-20.0893644486104],[31.7142262537387,-20.0892854485646],[31.714306252032,-20.0891314477581],[31.714467249564,-20.0890534477584],[31.7146292471421,-20.0889754477587],[31.714789244628,-20.088820446906],[31.7149492421139,-20.0887424469063],[31.7151112387927,-20.0886644469066],[31.7151912379853,-20.0885874469531],[31.7152712371779,-20.0885854468609],[31.7154342339028,-20.0885844459154],[31.7156762306736,-20.0885824458232],[31.7159182274443,-20.0885034457774],[31.7162422217012,-20.0885004447397],[31.7164042192794,-20.0884984446475],[31.7169712112524,-20.0884924452701],[31.7173772038949,-20.0885644449931],[31.7176212007578,-20.0885634440477],[31.717783198336,-20.0885614439554],[31.718918181429,-20.0887784440699],[31.720217161293,-20.0889964433312],[31.7213521425874,-20.0891374417395],[31.7237881074353,-20.0902604422656],[31.7239501041141,-20.0902604422656],[31.724516096041,-20.0902544419889],[31.7247590919586,-20.0902514418505],[31.7248410912434,-20.0902514409512],[31.7252450837937,-20.0901704408132],[31.7267020619507,-20.0901554401214],[31.7369029028467,-20.0896714303922],[31.737226898003,-20.0896674293083],[31.7376328924441,-20.0896634291239],[31.737956886701,-20.0896594289394],[31.7384418802886,-20.0896554278557],[31.738847872931,-20.0896504276251],[31.7390898697018,-20.0897244283397],[31.7392518672799,-20.0897224282474],[31.7395788616752,-20.0897974281088],[31.7398228594375,-20.089871427924],[31.7399028568314,-20.0899454277393],[31.7400668554011,-20.0900224276928],[31.7402288520799,-20.0900204276006],[31.740390849658,-20.0900944283152],[31.7404728489429,-20.0901704282226],[31.7405528481355,-20.0901694281765],[31.7408788433839,-20.0903194278993],[31.7411078386559,-20.0904244282447],[31.7448590961704,-20.0927307989871],[31.7489934981515,-20.0934585987353],[31.7528300185905,-20.0944635794306],[31.7580404917753,-20.0943606304387],[31.7592706537177,-20.0883625993544],[31.7604747649984,-20.0856635980965],[31.7649951497065,-20.0836799616608],[31.7664147979046,-20.0838574176856],[31.7733669620158,-20.0780639472933],[31.7873540548458,-20.0705324354235],[31.7857677478833,-20.0657735136367],[31.7892576237404,-20.0553038851661],[31.7759326423776,-20.0362681971196],[31.7645112290101,-20.0305574904358],[31.7569797180396,-20.0289435949709],[31.7473791098581,-20.0229432157568],[31.6712363576718,-20.0229432157568],[31.6122257246375,-20.0134253712838],[31.5836721930173,-20.0134253712838],[31.5532150916032,-20.0096182334946],[31.5208544221939,-20.0096182334946],[31.4865901838899,-20.0115218023892],[31.461871377662,-20.0203499477918],[31.4452973831678,-20.0188432209379],[31.4259768114807,-20.01594513496],[31.4204000003598,-20.0135169996098],[31.403092999942,-20.0032920002256],[31.4032469998492,-20.002527000021],[31.3804831668647,-20.0149856626582],[31.3706683482657,-19.9953560245609],[31.3759642957157,-19.9352888338126],[31.358562000436,-19.9334580002865],[31.3437150001472,-19.9326760001972],[31.3085510000287,-19.9522109999377],[31.2905799995674,-19.9498669997622],[31.2194690000943,-19.9748719999428],[31.2128269995664,-19.9819059996621],[31.2073570000256,-20.0030040004342],[31.2018869995854,-20.0201960000453],[31.1956360000015,-20.0280089997155],[31.1854780001097,-20.0280089997155],[31.1682869996454,-20.0170699997806],[31.1503139999912,-20.0061299997996],[31.0987410003969,-19.9842489997915],[31.0635770002784,-19.9897190002316],[31.0315390004246,-19.9670580002265],[31.0096580004164,-19.9717459996781],[30.9989273050512,-19.9717459996781],[30.9979651087028,-19.9724043447847],[30.9712746944716,-19.9724043447847],[30.937050906774,-19.9724043447847],[30.9246777094088,-19.969073099444],[30.9104009431491,-19.9666936390002],[30.8742331359505,-19.9590793634218],[30.8418724665411,-19.9552722256327],[30.803801090448,-19.945754382059],[30.7809582646123,-19.9286222629071],[30.763425269061,-19.9118249370711],[30.7521337834474,-19.9010072331972],[30.7063619470463,-19.8877927443396],[30.7035348031887,-19.9104098969991]]],[[[31.4150076356939,-19.9254344711239],[31.4082034271465,-19.9387668611017],[31.4113125156601,-19.9574213957807],[31.4141059996922,-19.9474430003941],[31.4190249999039,-19.924744999582],[31.4187329999281,-19.9248610004348],[31.4150076356939,-19.9254344711239]]],[[[28.6766730001589,-20.1141259996152],[28.6725919999209,-20.1133109998028],[28.6690569996808,-20.1141259996152],[28.6568200001429,-20.111408000179],[28.6535559998096,-20.1138549997085],[28.6519240000926,-20.1141259996152],[28.6570910000497,-20.1013450001716],[28.6576360000014,-20.0893779995949],[28.6606270003359,-20.0891069996882],[28.6622580000068,-20.0861160002532],[28.6617140001011,-20.0839399997312],[28.6679699999156,-20.0678919998159],[28.6562760002373,-20.068165999861],[28.6464840001365,-20.0929139998812],[28.6399570004153,-20.0918270001159],[28.6345189996522,-20.1035209997943],[28.6326139999362,-20.1040639996538],[28.6313910001946,-20.1005280002669],[28.6303040004293,-20.1005280002669],[28.627040000096,-20.1008010002659],[28.6267680001432,-20.0994409996024],[28.6286709997669,-20.0950900004032],[28.6259530003308,-20.0937299997397],[28.6229609999502,-20.0896509995939],[28.6194259997102,-20.0891069996882],[28.6188809997584,-20.0885629997826],[28.6175209999942,-20.087746999924],[28.6153460004176,-20.0880179998308],[28.6131699998956,-20.0869310000655],[28.6107230003662,-20.0863870001599],[28.6104500003673,-20.0844839996368],[28.608817999751,-20.0839399997312],[28.60718700008,-20.0863870001599],[28.60718700008,-20.0891069996882],[28.6082739998453,-20.0893779995949],[28.6055560004091,-20.0929139998812],[28.6061000003148,-20.0967210000741],[28.5941329997382,-20.0874739999251],[28.5949489995967,-20.0855710003014],[28.5848859995892,-20.0784999997751],[28.5748229995818,-20.0768680000581],[28.5769990001038,-20.0727899999585],[28.578358999868,-20.0708860002886],[28.5832549999184,-20.0629989999039],[28.583798999824,-20.0559270002308],[28.5835259998251,-20.0385219997904],[28.5799919996311,-20.035802000262],[28.5712890002872,-20.035802000262],[28.5521160001533,-20.0442329996532],[28.5295419996636,-20.0458660003156],[28.5249189996122,-20.0466820001742],[28.5132249999339,-20.0602790003756],[28.507550260736,-20.0641299819131],[28.5077399781176,-20.0698215114536],[28.5376794126748,-20.117225616469],[28.5545088173281,-20.1251453359884],[28.6135264758662,-20.1529183514007],[28.6564614251547,-20.1457625268191],[28.6766730001589,-20.1141259996152]]],[[[28.8160609997154,-20.046631999667],[28.8595230002863,-20.0768429998046],[28.8169055053848,-20.1130030035857],[28.95973805137,-20.1100880535208],[29.0689430098121,-20.1040211109855],[29.0561580002915,-20.1018900001234],[29.0381709999917,-20.002962000296],[29.0189009998813,-20.0106709996668],[29.0111919996111,-19.9746969999665],[28.9826770003434,-19.9563670000369],[28.9799339997543,-19.9546029996287],[28.9541299995998,-19.9819709999616],[28.895034000219,-20.0408029997586],[28.8160609997154,-20.046631999667]]],[[[28.2055530001709,-20.5394660000558],[28.1905679998134,-20.5540790003456],[28.2306989996592,-20.5149469998041],[28.2055530001709,-20.5394660000558]]],[[[29.755744739728,-16.143975357077],[29.7605736485551,-16.1453373569335],[29.7622549446101,-16.1446098800419],[29.7633626728491,-16.146124004719],[29.7724431761117,-16.1486851722829],[29.7812031520039,-16.1521891629994],[29.8164711272408,-16.1621414474698],[29.8307834221173,-16.165549136983],[29.8422048345855,-16.2226562011227],[29.878372641784,-16.2435954580639],[29.8993118987252,-16.2607275772158],[29.9215538137576,-16.2737020271268],[29.9228121721441,-16.2742318627102],[29.9430939815021,-16.2797632652624],[29.9640332384433,-16.2835704030516],[29.9735510820169,-16.3178346413555],[29.986876064279,-16.3654238610223],[29.994490338958,-16.3825559801743],[30.0115558336349,-16.4109984707028],[30.0134274208389,-16.4123353192196],[30.0163880465711,-16.418620835683],[30.0156510341679,-16.4189557306224],[30.0153660560987,-16.4190852240038],[30.0171486365005,-16.4222938692666],[30.0174698635434,-16.4222296243976],[30.1465844523107,-16.3964067061046],[30.165864949308,-16.3925506074245],[30.16608459253,-16.392578061928],[30.2610433895409,-16.4044479123413],[30.2614003088772,-16.4044479123413],[30.3324272199403,-16.4044479123413],[30.3978623974318,-16.3925506074245],[30.398019684361,-16.3925869040623],[30.4173502322275,-16.3970477995163],[30.4310391323501,-16.4002067761218],[30.4314344266575,-16.4003795520746],[30.4313960507872,-16.4002067761218],[30.4755517991762,-16.4103965643499],[30.5588329344924,-16.4103965643499],[30.6897032903746,-16.4044479123413],[30.7922799422656,-16.4191017193688],[30.7908209999892,-16.4138270004157],[30.797128000357,-16.4049979997578],[30.7988089996357,-16.3885989998439],[30.8036459996632,-16.37850900039],[30.8187819997895,-16.3637919998009],[30.8195206489588,-16.3629440470301],[30.8204574817274,-16.3625960804447],[30.8810759838696,-16.3529338516159],[30.9180088344402,-16.3509148916089],[30.9501381064884,-16.3518885057499],[30.9811849023614,-16.3513027170467],[30.9812099206014,-16.3513648889784],[30.9828663602943,-16.3518084076318],[30.9828086750803,-16.3519249687623],[30.9826096775946,-16.352123968946],[30.9825106802238,-16.352224969107],[30.9824116810543,-16.3523239691758],[30.9822116844218,-16.3524249702362],[30.9821126852523,-16.352523970305],[30.9820116868899,-16.3525259703972],[30.9819096875821,-16.3526249695666],[30.9818106893119,-16.3527239696355],[30.9817116910418,-16.3528239706497],[30.9816126918723,-16.3529249708107],[30.9816166920567,-16.3531189707638],[30.9817196914107,-16.3532149706943],[30.981923689127,-16.3533099705786],[30.982230685298,-16.3535009703935],[30.982638678932,-16.3535899700011],[30.9829416749184,-16.3535849697705],[30.9831446725886,-16.3535829696783],[30.9835486669375,-16.3535749693094],[30.9836516662914,-16.3535729692171],[30.9838536630162,-16.3535689690327],[30.9846756532588,-16.3542409676465],[30.9848816510674,-16.3544309683145],[30.9849846486227,-16.3545289683372],[30.9850876479766,-16.3546239682215],[30.9852936448859,-16.3547179680597],[30.9852936448859,-16.3548169681285],[30.985398644332,-16.3549119680129],[30.9855016427866,-16.3550079679433],[30.9856046421406,-16.3551049679199],[30.9857076396959,-16.3551999678043],[30.9858106390498,-16.3552959677347],[30.9859116383115,-16.3552939676425],[30.9860126357746,-16.3552939676425],[30.9879086089952,-16.353792964074],[30.9880096082568,-16.353792964074],[30.9880076081647,-16.3536929639591],[30.9881086074263,-16.3536909638668],[30.9881066073341,-16.3535939638903],[30.9883076040128,-16.3534929637292],[30.9884066022829,-16.3533939636604],[30.9885389114417,-16.3533271467304],[30.9905215730122,-16.3527699609649],[30.989683797869,-16.351927509347],[30.9946713659908,-16.3519750376178],[30.9966663977361,-16.3519940169103],[30.9986663388805,-16.3515314227369],[30.9988668634151,-16.350969094648],[31.0131938235362,-16.3506987746287],[31.0929057672874,-16.3542679661936],[31.104496910604,-16.3542679661936],[31.104507055856,-16.3543128405651],[31.1045850549564,-16.3545878415556],[31.1046640541028,-16.3549308420846],[31.1048120519347,-16.3552058421759],[31.1048890518883,-16.355480842267],[31.1049670509887,-16.355825841989],[31.105045050089,-16.356099842034],[31.1051920487741,-16.3563748421252],[31.112739883339,-16.3564078652307],[31.1157373309131,-16.3559530690789],[31.1177279307994,-16.3564524940873],[31.1207207666501,-16.3564792147439],[31.1252284223539,-16.3545928570746],[31.1264486000229,-16.3542679661936],[31.141255637138,-16.3542679661936],[31.147166814397,-16.3557502144008],[31.1478607142006,-16.3549363153586],[31.159331437396,-16.357812079264],[31.2249658533915,-16.3637858106666],[31.2654166899284,-16.3709241937965],[31.2999188744565,-16.3744933853614],[31.3356107901059,-16.3768728458052],[31.3919461711789,-16.3847597994252],[31.3950973146894,-16.3852009600562],[31.4373590692657,-16.391070647992],[31.4425783773902,-16.3909332972339],[31.4713770534083,-16.3895938244954],[31.4777921441922,-16.4018231932857],[31.4909989996042,-16.42699999995],[31.4958855315921,-16.4378551650838],[31.5796870937844,-16.4399287211335],[31.6620912489121,-16.4333363892629],[31.7774570669901,-16.4316883060705],[31.8028846343184,-16.4323946273101],[31.8399913751019,-16.4348684104488],[31.8476183185306,-16.4385160786541],[31.8746939699508,-16.4547614698659],[31.8859002546931,-16.5141547815179],[31.8911748009763,-16.5421098736717],[31.8862305513989,-16.5734234525303],[31.9083993497503,-16.571576053492],[31.9079990003536,-16.5720000001998],[31.9349969998117,-16.5969980000576],[31.9440000003997,-16.6119990002536],[31.9666079997594,-16.6271950004489],[31.9689990003037,-16.6289990000038],[31.9689990003037,-16.6349979996579],[31.9650000002499,-16.6529959995657],[31.9729970003114,-16.672],[31.9731676403744,-16.672102329359],[31.974806391302,-16.6715064196855],[31.9912974170422,-16.6663529743103],[31.9967944250228,-16.6663529743103],[32.0016043077926,-16.6642915968797],[32.0191260222482,-16.663260907265],[32.0390265838099,-16.6624955014662],[32.0562308285899,-16.6550153948446],[32.0716911647155,-16.6457391928095],[32.0974583915915,-16.6333709246284],[32.1252869967975,-16.6210026555481],[32.1325018196034,-16.6168798988882],[32.1395105052057,-16.6133755565367],[32.1540752083043,-16.611548748376],[32.1548814145457,-16.6112262667787],[32.1634224918546,-16.6271867896386],[32.1768214496502,-16.6344016133438],[32.1943431641058,-16.6364629916737],[32.1989435327179,-16.6381358529872],[32.2056807444708,-16.6405857474343],[32.2185643574592,-16.6534693613219],[32.2407241724826,-16.6756291763453],[32.2432272744192,-16.6906477888643],[32.2458776178578,-16.7034577815513],[32.2489696849031,-16.7220101847222],[32.248656564349,-16.7232235275437],[32.2489696849031,-16.7251022517675],[32.2451217790469,-16.7369208201397],[32.2407241724826,-16.7539615456888],[32.2384026283787,-16.7595995808559],[32.2352271645021,-16.7673114229837],[32.2345400383921,-16.7694218818144],[32.2373904621002,-16.7745030720591],[32.2377310002855,-16.774276000437],[32.2499350001002,-16.7730569999805],[32.2645790000209,-16.7608540002119],[32.286540000121,-16.7498720000927],[32.2987439999357,-16.7462130004296],[32.3176569997707,-16.7462130004296],[32.3262951292169,-16.7454266629101],[32.3399564929978,-16.7761647296185],[32.3437296184272,-16.7854255892195],[32.3664957932463,-16.8537241145761],[32.3946808483425,-16.8623964398438],[32.4283617800721,-16.8727598026227],[32.4759509997389,-16.8727598026227],[32.5711294399717,-16.8822776470957],[32.5810070699204,-16.8838372729717],[32.6615489584178,-16.8965544133554],[32.6784919942102,-16.9095108525437],[32.6826363417938,-16.9186116427131],[32.740170689126,-16.9626084970844],[32.7823972586266,-17.0020199619517],[32.7897078115663,-17.0088431443955],[32.8115545195255,-17.0292334047978],[32.8781794272388,-17.0910993916236],[32.9400454131654,-17.1339296895035],[32.9400454131654,-17.2243492079496],[32.9372018944519,-17.2641584717361],[32.9280009998463,-17.266],[32.926402330803,-17.266127819743],[32.9330502614604,-17.2816849382093],[32.9338498378997,-17.2827632226446],[32.9338500159655,-17.2827637577412],[32.9338508631269,-17.2827649007795],[32.9363910683932,-17.2904061290396],[32.9441013016338,-17.2965903233847],[32.9441023376528,-17.2965917200318],[32.9441037100183,-17.296592820802],[32.9522472492112,-17.3075749135514],[32.9608971300985,-17.3100607017399],[32.9608974655457,-17.3100609706373],[32.9608978837304,-17.3100610911464],[32.9646681205374,-17.3130843798402],[32.9730987485085,-17.3135667752864],[32.9731006541719,-17.3135673229735],[32.973102637177,-17.3135674362881],[32.9757232085593,-17.3143205843274],[32.9893204551749,-17.3182262806183],[32.997405211981,-17.3149572215984],[32.9974057794532,-17.3149572539741],[33.0006247732148,-17.3136556543849],[33.0007239999127,-17.3141019996075],[33.0081289996536,-17.3159840000615],[33.0326609996055,-17.3364579999367],[33.0336599998092,-17.3372909996798],[33.0452609996954,-17.3469710000116],[33.0199499997927,-17.3773459996181],[33.0073620002561,-17.4006820001741],[33.0018879996315,-17.4153060000718],[32.9981340000841,-17.4531470004337],[32.9835510002785,-17.4558560003541],[32.9623140002909,-17.4814299997946],[32.9601739996305,-17.5156210000091],[32.9653809996335,-17.5309520001347],[32.973873000039,-17.5432370000875],[32.9814299995949,-17.5628200002428],[33.009184999788,-17.5687349996205],[33.0432389999799,-17.6033779999947],[33.0389669999271,-17.6359530003306],[33.0261949999993,-17.6473560000793],[33.0211516019649,-17.6618388262008],[33.0011056640952,-17.6760724906529],[32.9890520408191,-17.682779088584],[32.9761838251235,-17.6931223344281],[32.9530620907429,-17.7073955537617],[32.9262561990644,-17.731729897117],[32.8963773221557,-17.7561552140918],[32.8633275490272,-17.777732909646],[32.8329525080518,-17.787464759491],[32.7979575705855,-17.8036316129086],[32.7327384354305,-17.8213157647107],[32.7235826912882,-17.8230555211953],[32.6683620396764,-17.8246703969213],[32.6166659480751,-17.8408753923854],[32.5973115933554,-17.8443746886409],[32.5799342021018,-17.844873559667],[32.5700266265276,-17.8483548937633],[32.5693930001868,-17.8467709996818],[32.5662380003835,-17.8404569998906],[32.5609739995505,-17.8294080002789],[32.561721716584,-17.8256694187087],[32.5267935717659,-17.8405561114753],[32.5188855047623,-17.8418741227925],[32.446815436783,-17.8396565825852],[32.3673280780284,-17.8426005582691],[32.3467202446436,-17.771945128365],[32.3176610224383,-17.7230032815762],[32.3150360003112,-17.7240539999921],[32.30882599992,-17.7231669995574],[32.2990640003034,-17.7276029999785],[32.2981975853504,-17.7280979742421],[32.2965584171373,-17.7290344158056],[32.2921383751859,-17.7211051598752],[32.2918755672037,-17.7195283128813],[32.2822767387805,-17.6619353414428],[32.2752612983703,-17.6169495430869],[32.2739278331031,-17.6072536553319],[32.2736437588524,-17.6053158942131],[32.2665716746431,-17.5574366827566],[32.2640599976708,-17.5373432615823],[32.3435283501533,-17.5161517007404],[32.405207695279,-17.508789729962],[32.4440402854309,-17.4983988146535],[32.5065818618635,-17.4233489231142],[32.4976092916356,-17.4184955518282],[32.4731794528695,-17.4052811556008],[32.4364688499575,-17.3869258541448],[32.371513911338,-17.3516310296483],[32.3376415840919,-17.3300759124733],[32.2830202928523,-17.3016820015231],[32.2281850942667,-17.2725133704956],[32.1540633552397,-17.2289123473269],[32.1329494121857,-17.2188837940518],[32.0382079120656,-17.187303293712],[32.0384020001522,-17.1864620004209],[32.0454549998484,-17.1776479995555],[32.0473901331482,-17.1711970680902],[32.0507429999895,-17.1600199996232],[32.0541723199966,-17.1516918089298],[32.0357168079843,-17.1510766258855],[32.0254291384441,-17.151566514483],[32.0135318335273,-17.1468075926962],[32.004608854615,-17.1474024573575],[31.9939012799202,-17.1479973229181],[31.9825988405641,-17.1485921884787],[31.9683220743044,-17.1491870531399],[31.9598948160929,-17.1531528214455],[31.9570196340489,-17.1543028942631],[31.9463120602534,-17.157515167391],[31.9373890813411,-17.1622740891778],[31.9260866410856,-17.1688176067471],[31.9172445660839,-17.1740188277067],[31.9156928911141,-17.1756838019658],[31.9144538654536,-17.1756573331194],[31.9072619249979,-17.1798732982141],[31.9075751022093,-17.1798119698465],[31.9075099247433,-17.1798518592759],[31.907507924651,-17.1799378587451],[31.9071040984754,-17.1799658168689],[31.904546297074,-17.1814652178455],[31.9044369682915,-17.1815908630279],[31.9044349681993,-17.1816698630737],[31.9043529689145,-17.1816678629814],[31.9043509697215,-17.1817458629811],[31.9043499696754,-17.1818258630731],[31.9042639711054,-17.1819798638796],[31.9041779716362,-17.1821368639251],[31.9040919730662,-17.1822928639245],[31.9040059753955,-17.1824478638778],[31.9019290037206,-17.18366486694],[31.9018450061422,-17.1837428669397],[31.9016810075725,-17.1837388667553],[31.9016790083796,-17.183816866755],[31.9015150098099,-17.1838128665705],[31.9014310113321,-17.1838918666163],[31.9012650135696,-17.1839658682302],[31.9010170174215,-17.1840398680454],[31.9008530197511,-17.1841148679068],[31.9006870219885,-17.1841908678143],[31.8986048162593,-17.1849403412238],[31.8838512087663,-17.1926122165805],[31.8802820172014,-17.1926122165805],[31.8790413044127,-17.1924538279817],[31.8659146325543,-17.1899989422973],[31.8650033944911,-17.1906617543365],[31.8523233502424,-17.1890430250156],[31.8404260453258,-17.1848789687893],[31.8239978453244,-17.1823772284263],[31.8205249019027,-17.1812195806191],[31.8214190042837,-17.1805183486428],[31.798579308988,-17.1753275085576],[31.7878790197011,-17.1728956248332],[31.7286105321504,-17.1594255144759],[31.6668955262076,-17.1359602867378],[31.6144671427445,-17.1149889329928],[31.6073287596146,-17.0436051034927],[31.6074267866169,-17.0429189162749],[31.6283675337347,-17.0149979201179],[31.6493085776288,-16.9661354843651],[31.6501590574945,-16.9650828899634],[31.6450959427236,-16.9144517386568],[31.6579989999539,-16.9079989995541],[31.6839980001077,-16.9059999999999],[31.6899979998079,-16.9019979998078],[31.7049979999578,-16.8819980002075],[31.7119989999539,-16.8780000001998],[31.7199970000615,-16.8799969996618],[31.7229969999117,-16.8879979999077],[31.7359979996081,-16.8839999999],[31.7539989996542,-16.87],[31.7313107393991,-16.8568937472486],[31.7098856596955,-16.8486533312862],[31.6913447246794,-16.840000895425],[31.683516329515,-16.8366458684121],[31.650554667464,-16.8272282506832],[31.6142968390279,-16.8025070045945],[31.6079431944229,-16.7956646180277],[31.5961679248099,-16.7876742567615],[31.5952151272763,-16.7819574679627],[31.5928717593243,-16.7794338407991],[31.5912236761318,-16.7481202619405],[31.6027602575799,-16.7118624335045],[31.6126487558354,-16.6821969378383],[31.6390180860159,-16.6508833589798],[31.6568659315176,-16.6265453877594],[31.6538508338489,-16.6129774473513],[31.6258334213754,-16.6030889490957],[31.6208891717979,-16.5899042835558],[31.6077045071573,-16.5602387878897],[31.6039729978556,-16.546805356382],[31.5978160080024,-16.5355175418011],[31.5681505123363,-16.517388627583],[31.5071262432816,-16.5093591179289],[31.5071714378117,-16.5091482116206],[31.5019739328508,-16.5009807045958],[31.4946059006418,-16.4872464633535],[31.4938768436415,-16.484573251954],[31.4879999998002,-16.4729969996118],[31.4729970004113,-16.4729969996118],[31.4541110000227,-16.4701400000609],[31.4399980003075,-16.4680000002998],[31.4209990001038,-16.4680000002998],[31.3879979999078,-16.4639980001076],[31.3769999999501,-16.4649999995503],[31.3449969999116,-16.4719980003074],[31.3179980004074,-16.4719980003074],[31.3039999997003,-16.4749980001575],[31.3119991050747,-16.4819986548141],[31.3199990000539,-16.4890000001498],[31.3308830001504,-16.4953719999179],[31.3312700000105,-16.4955989995941],[31.354998999804,-16.5089999997501],[31.3559969999616,-16.5109970001114],[31.356193000007,-16.5114470001789],[31.3415520002247,-16.5254470000789],[31.3329999997503,-16.5339979996079],[31.328681000228,-16.5491159998035],[31.325195000449,-16.5619459997081],[31.3250819997345,-16.5620590004225],[31.3100893389519,-16.5770516612051],[31.297387506828,-16.589753493329],[31.297190999565,-16.5899499996927],[31.2961225995784,-16.588186908499],[31.2953873840206,-16.5875930807561],[31.2943033466222,-16.5867175125031],[31.2896871922102,-16.5821013580912],[31.2857610813089,-16.5788890858626],[31.2811211326342,-16.5753198942977],[31.2759074200914,-16.5718592634942],[31.2701756117152,-16.5672297262708],[31.268739437575,-16.566401164682],[31.268658705435,-16.5663374288292],[31.2609254576438,-16.5609836414818],[31.2496230173884,-16.5553324213541],[31.2407892683102,-16.5499786340067],[31.2322232087341,-16.5456956046684],[31.2276882361232,-16.54493977575],[31.2237761222703,-16.5434351164374],[31.2219966993882,-16.5439911861443],[31.2215156349387,-16.5439110088859],[31.2094036150848,-16.5479265249891],[31.2047884912959,-16.5493687515666],[31.1876083150717,-16.5481940382243],[31.1514650224929,-16.5443769251549],[31.1425472722389,-16.5434351164374],[31.1341582217246,-16.5425108993585],[31.1321668736024,-16.5422453862155],[31.1253039393254,-16.5415354272182],[31.1074502230494,-16.5395684920922],[31.0775898335041,-16.5346247191554],[31.0619727743241,-16.5315378115208],[31.0399308820046,-16.532038763578],[31.0357987031477,-16.5321326770813],[31.0227116671098,-16.5321326770813],[31.0012667753414,-16.5327275417426],[30.987589196784,-16.5336817916813],[30.9706217839682,-16.5345121375251],[30.9652774278111,-16.5345121375251],[30.9566478590115,-16.5347983566588],[30.9526904678908,-16.5362177251678],[30.939377307217,-16.5387779475442],[30.9376161936325,-16.5389736274309],[30.9347629154762,-16.5396653310901],[30.927533226877,-16.5410556550943],[30.8989623221535,-16.5441444018426],[30.8840783210577,-16.5455171450002],[30.8796236947778,-16.5471370083662],[30.8480720410919,-16.5578645713928],[30.8501070000381,-16.5525760001822],[30.8503169998297,-16.5500559999844],[30.8469520002347,-16.5487930001968],[30.8351799996573,-16.5454309998407],[30.828874000235,-16.5412250001336],[30.8276110004473,-16.5382820002141],[30.8280330001229,-16.5281919998608],[30.8284529997062,-16.5189410004268],[30.8237036988667,-16.5132790235081],[30.8188790816044,-16.5148025874694],[30.7772909174419,-16.517375725909],[30.7404277877123,-16.4990761725273],[30.7170339688427,-16.4790243279103],[30.6783677271889,-16.4582040440813],[30.6545731173555,-16.4641526969893],[30.6426758124388,-16.4879473068227],[30.6099582236931,-16.5087675906518],[30.5799018089214,-16.5687760367846],[30.5623690031271,-16.5979973788759],[30.5028824785436,-16.6069203568889],[30.5023591162802,-16.6083159886919],[30.496239442896,-16.6174436371141],[30.4975085274966,-16.6212508918152],[30.4939594996313,-16.6307149676216],[30.5028824785436,-16.6574839034593],[30.5237027623726,-16.6931758191087],[30.5221629566552,-16.7224321187472],[30.5263860003137,-16.7303500000524],[30.5216023444727,-16.7330837574094],[30.520728435469,-16.7496880176879],[30.5115738100833,-16.7634199557663],[30.5057154697931,-16.7722074671009],[30.4867235373614,-16.8035315563362],[30.4701648897979,-16.8329691530039],[30.4635261628022,-16.832365632368],[30.4635607786071,-16.8322042948922],[30.4374473010521,-16.8299948261003],[30.4167346804612,-16.8092822055093],[30.4110547386853,-16.8032795411179],[30.4051060866766,-16.7735362792758],[30.3937747727876,-16.748834016077],[30.3928324064904,-16.7467136916835],[30.3660634706527,-16.7169704289421],[30.3571912278929,-16.707390690428],[30.3559604723979,-16.7060060897092],[30.341911941483,-16.6902014922051],[30.3210916576539,-16.6536767656701],[30.2556564801625,-16.5882415881787],[30.2229388905174,-16.5733699572577],[30.1635456247308,-16.5690430751777],[30.1561229892846,-16.5685023263213],[30.1560227409568,-16.5684950229269],[30.1052740734398,-16.5699390040817],[30.064044077772,-16.5760875672874],[30.0296076840474,-16.5882415881787],[30.0152460586587,-16.5985289987143],[29.9841521149282,-16.6194637023879],[29.9734273928599,-16.6266843653911],[29.9730879788272,-16.6232131540638],[29.9660890922379,-16.6179639893466],[29.9527641108751,-16.6093979297706],[29.9480051890882,-16.6046390079838],[29.9380465185321,-16.5953916705891],[29.9280177161447,-16.5798926132534],[29.9156445196789,-16.5694229847829],[29.9083410309139,-16.5566418801186],[29.8985123996276,-16.5503872967363],[29.8928016938431,-16.5370623153735],[29.8861392031617,-16.5208819802191],[29.8728142208996,-16.5123159206432],[29.8551382250491,-16.499942723278],[29.8447365808286,-16.499942723278],[29.8356946297034,-16.500894508175],[29.8195142945491,-16.4989909392804],[29.8033339593948,-16.500894508175],[29.7823947033529,-16.500894508175],[29.7586000926202,-16.4951838014912],[29.7262394232109,-16.491376663702],[29.7176733636349,-16.4885213108098],[29.6986376755883,-16.465678484974],[29.6986376755883,-16.4609195631873],[29.7033965973751,-16.4485463658221],[29.7100590880565,-16.4399803062461],[29.7134855122466,-16.4375056669529],[29.7205287165271,-16.4304624617732],[29.7327115570927,-16.4220867589967],[29.7370897652805,-16.4177085508089],[29.7424197583652,-16.4085714208343],[29.751504973176,-16.3985776848123],[29.7467460504899,-16.393342870577],[29.741230027244,-16.3882865160099],[29.7309983449977,-16.3857285949986],[29.7138662258457,-16.3819214572095],[29.6948305377991,-16.3781143203196],[29.6796019875417,-16.3781143203196],[29.6605662994952,-16.3733553976335],[29.6415306114486,-16.3724036136358],[29.6195907607051,-16.3716470670585],[29.6025074504585,-16.3733553976335],[29.5882306850981,-16.3743071825304],[29.5873695464675,-16.3744884741637],[29.5701467810492,-16.376210751425],[29.5568217996864,-16.3781143203196],[29.5539664467942,-16.3781143203196],[29.5349307587476,-16.3819214572095],[29.5282682671668,-16.3885839487902],[29.5073290102257,-16.4000053612584],[29.5054254422304,-16.400957145256],[29.5049659597113,-16.4021386709629],[29.5035218733358,-16.4028607141506],[29.4968593826545,-16.4228481870941],[29.4930522448653,-16.4399803062461],[29.4911486759707,-16.4561606405011],[29.4894933982018,-16.4615402914512],[29.4863897541838,-16.465678484974],[29.4768719097109,-16.4818588201284],[29.4701228934568,-16.4841084922131],[29.4616433594536,-16.4847141730206],[29.4431787418055,-16.4847141730206],[29.4302344740418,-16.4885213108098],[29.4207166304682,-16.4885213108098],[29.4064398642084,-16.492328448599],[29.4031086188677,-16.4942320165943],[29.3978738046324,-16.4951838014912],[29.3855006072673,-16.4989909392804],[29.3740791938997,-16.5047016450648],[29.370472432257,-16.5062044625658],[29.3626577814315,-16.5104123517486],[29.3598817433478,-16.5127918130917],[29.3543296680797,-16.519454303773],[29.3527830185216,-16.5225476028895],[29.3502845840663,-16.534206961582],[29.3482970346805,-16.5448072273716],[29.3415281676908,-16.5553365753227],[29.3388631715981,-16.5580015723147],[29.3369596027035,-16.5675194158883],[29.3344936157878,-16.5757393722741],[29.3332317806222,-16.5786235673238],[29.3236346213408,-16.5960729484078],[29.31697212976,-16.6077323071003],[29.3150685617648,-16.6103497137683],[29.3127485869778,-16.6211762615752],[29.3112614239756,-16.6265300489226],[29.3108807103765,-16.6278625474186],[29.3055507172918,-16.6446139529715],[29.3053603604923,-16.6493728747583],[29.3045989332942,-16.6607942872265],[29.3036852202968,-16.6754136960852],[29.3017435795027,-16.6902996037436],[29.3055507172918,-16.7131424295794],[29.3065025021888,-16.7255156269446],[29.307673928509,-16.7337156156831],[29.3103096390786,-16.7435995300942],[29.3103096390786,-16.7550209434617],[29.3112614239756,-16.7816709061873],[29.3125792788107,-16.7988030253393],[29.3141167768678,-16.8121280076014],[29.3135729001693,-16.820286158979],[29.3141167768678,-16.8387779703271],[29.3141167768678,-16.8644761499543],[29.3150685617648,-16.8816082691063],[29.3112614239756,-16.8977886033613],[29.3026953643996,-16.9139689385157],[29.2950810888212,-16.9291974887731],[29.2936912747326,-16.9356832896521],[29.292225735929,-16.9425224701358],[29.2884185981399,-16.9596545901871],[29.2865150292453,-16.9710760026554],[29.2869000209193,-16.9735142814589],[29.2865150292453,-16.9767867093391],[29.2892561682376,-16.9884365505064],[29.2893703821375,-16.989159905805],[29.2912739510321,-17.0053402409593],[29.2604659809203,-17.028429562874],[29.2521383433099,-17.0464727770969],[29.2484972923162,-17.0586963065893],[29.2382031485565,-17.0895787360698],[29.2373842780621,-17.0933455428625],[29.2443186985491,-17.120505359135],[29.2647490102586,-17.1198008653177],[29.290121500407,-17.1246594274905],[29.2948967817611,-17.1259160798632],[29.3014402993304,-17.1288904067668],[29.3051883111917,-17.1306829336704],[29.3104346619302,-17.1340776315774],[29.3289944575283,-17.1426436911534],[29.346104945287,-17.1343328825565],[29.3543833063446,-17.1306750016499],[29.3677757593439,-17.1300262397191],[29.3725671475559,-17.1291807007287],[29.373966270527,-17.1290807635663],[29.3786776037885,-17.1282955412062],[29.3859111648684,-17.1282955412062],[29.3924546824377,-17.1187776967333],[29.4007827966888,-17.118182832072],[29.401815481899,-17.1172976725495],[29.4071835459839,-17.1146136405071],[29.4103006402624,-17.1146136405071],[29.4216684144658,-17.1138436625549],[29.433089826934,-17.1233615070279],[29.4410848161114,-17.1296432841102],[29.4483183780907,-17.135734704393],[29.4514536674528,-17.1378622224635],[29.4654504972427,-17.1490596857559],[29.4749683408163,-17.1547703924396],[29.4799652088274,-17.1630985057914],[29.4816308314977,-17.1661918049079],[29.4819769355872,-17.1664513825252],[29.4835344003923,-17.1690471586994],[29.4930522448653,-17.1747578644838],[29.4968593826545,-17.1776132182754],[29.4796143392304,-17.2018922704119],[29.4864907633381,-17.2151539448986],[29.4896080752525,-17.2197382273373],[29.5074540330772,-17.2340149935971],[29.526727667348,-17.2368703464892],[29.5351047694696,-17.2404605336267],[29.5402905949351,-17.2440087296191],[29.5508395391135,-17.2451191450324],[29.5548873579652,-17.2459287084431],[29.5688441274546,-17.2525747891951],[29.574554833239,-17.2589993345516],[29.5802655399228,-17.2618546874438],[29.5902592759449,-17.2654238790088],[29.6009668506397,-17.2725622621387],[29.6123882631079,-17.2811283217146],[29.6280927058138,-17.2946912493016],[29.6325809892213,-17.29863549773],[29.6282839997069,-17.3007849997279],[29.6265588059442,-17.3020024758335],[29.6476934441972,-17.3167048327618],[29.6971134110551,-17.357302138283],[29.7434709021605,-17.3945082235756],[29.7641721562201,-17.4091208731297],[29.8266591159255,-17.4532293153806],[29.8474793997545,-17.5335361237931],[29.8591490610804,-17.5802147690962],[29.870814700638,-17.6268773264274],[29.8780502078509,-17.6634231006955],[29.8861456414083,-17.711995699342],[29.8861456414083,-17.7433019145517],[29.8865025607446,-17.7655335719168],[29.8943684279606,-17.7848407023365],[29.9049981807215,-17.8109319126776],[29.9050568183176,-17.8126597450511],[29.905533087582,-17.8122448662076],[29.9192201494903,-17.8458403812286],[29.9437396452685,-17.8548738796258],[29.9584913264136,-17.8637365859746],[29.9845442867895,-17.8793890208866],[30.0018987327404,-17.904456553627],[30.0025012848065,-17.9053269067113],[29.9965526318985,-17.9529161263781],[29.9549120642404,-17.9677877581984],[29.9050501597371,-17.9917214715686],[29.9037530001009,-17.982384999668],[29.9006039996749,-17.9654940004478],[29.9003179999758,-17.9612000002797],[29.8986009999363,-17.957192999857],[29.8954520004095,-17.9540440003303],[29.8911570001954,-17.9500349998153],[29.8891520003646,-17.9434500001174],[29.8900119995542,-17.9380110002074],[29.8913530317171,-17.9286197577956],[29.8813024072803,-17.9277060645832],[29.8709441580465,-17.9330522580552],[29.8598872578907,-17.9405551543968],[29.8518260120609,-17.9477526949309],[29.8427551387387,-17.9584011113222],[29.7435316144924,-17.9633979802326],[29.7306112327223,-17.9885587232064],[29.7294746254536,-18.0141323854012],[29.7281906777576,-18.0773404817778],[29.7237746180043,-18.1060448737719],[29.7023594686146,-18.1417367885219],[29.692841625041,-18.1536340934386],[29.6738059369944,-18.1583930152254],[29.6523907876048,-18.1607724765685],[29.6478772827105,-18.1607724765685],[29.6238372550853,-18.1607724765685],[29.5619712691588,-18.1583930152254],[29.5366624573066,-18.1642335111675],[29.5262793544088,-18.1655313983553],[29.5048642050191,-18.1655313983553],[29.4810695951857,-18.1631519379116],[29.4406187577495,-18.1607724765685],[29.3763733104799,-18.1679108596984],[29.3311635521563,-18.1726697814852],[29.288333253377,-18.1798081646151],[29.2751497893313,-18.1798081646151],[29.2671850002876,-18.1727290000433],[29.2651039996499,-18.169606999963],[29.2626760000974,-18.158505999752],[29.2553919996411,-18.1526100003512],[29.243943999616,-18.1317970001314],[29.2432510000337,-18.1161879997763],[29.2387419998435,-18.1089030001733],[29.234057999677,-18.0995379999787],[29.2278149995626,-18.0953749995566],[29.2233060002717,-18.091904999616],[29.2160199997232,-18.0703999998601],[29.2045739997903,-18.0540959998305],[29.2042269999761,-18.0336300003242],[29.204053000046,-18.0232229997416],[29.1995439998557,-18.0055329996481],[29.2044009999063,-17.9965130000748],[29.2097769996089,-17.9926980004124],[29.2135920001707,-17.9885360000363],[29.212897999643,-17.9843729996142],[29.2104700000905,-17.9777809995934],[29.2097769996089,-17.9725779997748],[29.2108169999047,-17.9673760000023],[29.2174089999255,-17.9646009997363],[29.2205310000057,-17.961478999656],[29.2205310000057,-17.958356000429],[29.2194899996638,-17.9548869996353],[29.2180000001999,-17.9529989998039],[29.208215000422,-17.9606069999131],[29.2034049998409,-17.9636889999474],[29.2049750002961,-17.9652879999412],[29.1986750002511,-17.9683570002753],[29.1877760003622,-17.9652079998493],[29.179975000346,-17.9604889998674],[29.164244999807,-17.9713970001714],[29.1595849998479,-17.9697780001545],[29.1422340000991,-17.9743990001137],[29.1423449998219,-17.9650089996656],[29.1392049998109,-17.9696879996014],[29.1253559996797,-17.972498999729],[29.1141639997688,-17.9695789999709],[29.1109459997581,-17.9806590001127],[29.1077839996319,-17.9790380000036],[29.1014649996101,-17.9837070003777],[29.1015659997711,-17.9758179999007],[29.103205999857,-17.9711389999648],[29.0922350002451,-17.9741779998148],[29.0811649996651,-17.9773270002408],[29.0686160001284,-17.9788680002579],[29.0544640004134,-17.989788000216],[29.0371359999265,-17.9929189998119],[29.0220850001227,-17.9958279999622],[29.0121440003454,-17.9958970004462],[29.0090250004035,-17.9911880000261],[29.0185449996521,-17.9849389996351],[29.0233229996568,-17.9754689999943],[29.02502599995,-17.9660890000073],[29.0139350002001,-17.9707390004045],[28.9997859997242,-17.9816580003164],[28.9887750000663,-17.9801190003915],[28.9904950002441,-17.9690390002496],[28.9812160004182,-17.9642980001526],[29.0016039999247,-17.9548980001425],[29.0064860002288,-17.9455390002246],[29.0158860002388,-17.9407879996664],[28.9971749998264,-17.9344080004289],[28.9957349999703,-17.9218189999468],[29.0068049996511,-17.9187670003967],[29.0115160001633,-17.9155989999938],[29.0099649996851,-17.9123870002598],[29.0006039996749,-17.9139480002999],[28.9954260001099,-17.9133450003714],[28.9895339999941,-17.9170969998266],[28.9847640003584,-17.9249680003729],[28.9799460003077,-17.9375280004168],[28.9736250001936,-17.9421989999838],[28.9689359997966,-17.943769000439],[28.9703460000679,-17.9500689995846],[28.9702849999528,-17.9547689995896],[28.967115000357,-17.9626380000436],[28.9640649999998,-17.9516390000398],[28.9592760003871,-17.9610080004188],[28.952944999812,-17.9672689995646],[28.9435760003322,-17.9688280004119],[28.9402859996992,-17.9782980000526],[28.9387340000741,-17.9829879995964],[28.9292750000413,-17.9845479995905],[28.9370149999423,-17.9939669995773],[28.9260040002844,-18.0003180001755],[28.9244759999675,-17.9955079995945],[28.9198360000314,-17.9991870001799],[28.9134539998023,-18.0017580000317],[28.9095324034977,-18.0081110196078],[28.9085959997057,-18.0096279996324],[28.9421528079058,-18.0670323904324],[28.9423506848363,-18.071583558934],[28.9439374036883,-18.1080780934292],[28.9328145895217,-18.1310187825907],[28.8765099193973,-18.1469510325641],[28.8554821062143,-18.1399417615031],[28.8230462058178,-18.178459393786],[28.821998349944,-18.1803308209106],[28.8108672125518,-18.2113255919025],[28.7870726027185,-18.2410688546439],[28.7305604041394,-18.2351202017359],[28.6205103320862,-18.1518390664197],[28.5372291967701,-18.098301193845],[28.4836913241953,-18.1012755198493],[28.4836913241953,-18.1220958036784],[28.5190068645752,-18.1544683828096],[28.5190068645752,-18.183313273189],[28.4743919709128,-18.2130565359303],[28.5041352336542,-18.2338768197594],[28.5594935777664,-18.2477164057875],[28.587977258144,-18.2536032599824],[28.7331583548742,-18.2755173874174],[28.7093637450408,-18.3201322810798],[28.6231082837203,-18.382593132567],[28.5414194583414,-18.3855674594706],[28.4492153441129,-18.3855674594706],[28.3596113335962,-18.3873687169926],[28.2899837424558,-18.3915161114793],[28.2187852875111,-18.4001181403399],[28.1437865071417,-18.4205723533314],[28.0894195801496,-18.4640331748911],[28.0721635434128,-18.4793718741126],[28.0037909148189,-18.4783864284909],[28.0003474934421,-18.4810766011042],[28.0007280001971,-18.4285330000978],[28.0009929998271,-18.2517619997165],[28.0031030000035,-18.2390970002263],[28.0031890003721,-18.2386850001126],[28.005741000247,-18.2264339999291],[28.0094349997255,-18.2259059998619],[28.0131280000572,-18.2232679996184],[28.012337999599,-18.2174639999636],[28.0355540000172,-18.2053259995952],[28.0439980000077,-18.2069089997505],[28.0529669999272,-18.2037440003852],[28.0846290004281,-18.2116580002165],[28.0920160002383,-18.2111320002415],[28.0946539995825,-18.2037440003852],[28.0999310001156,-18.1989949999192],[28.1052069997033,-18.1942460003526],[28.1057349997704,-18.181052999896],[28.1015140002709,-18.1763050003754],[28.0930720003726,-18.1747220002201],[28.0825170001595,-18.1747220002201],[28.0651050002956,-18.1720839999766],[28.051911999839,-18.1631119999189],[28.0471640003184,-18.1509759996427],[28.0529669999272,-18.1409509995889],[28.0603559998296,-18.1303970003212],[28.063784999678,-18.1150949997344],[28.0653679998334,-18.0939880003459],[28.0590360001113,-18.0586330004126],[28.0527050004355,-18.0538839999466],[28.0395119999789,-18.0559950001691],[28.028431999837,-18.0581050003454],[28.0205169999596,-18.0575770002783],[28.0178769996239,-18.0433309998257],[28.0073240004023,-18.0174749999712],[28.00020000013,-18.0111420002031],[27.9959789997311,-18.0037550003929],[28.0081150000073,-17.9784269997062],[28.0381940003529,-17.9562640001834],[28.0421500002224,-17.9509879996964],[28.0447899996588,-17.9414899996637],[28.0495390001248,-17.9367400000509],[28.0595640001785,-17.9314630004171],[28.062202000422,-17.9282980001526],[28.063784999678,-17.9166879998513],[28.0611470003338,-17.8876659996861],[28.062202000422,-17.885555000363],[28.0743379997989,-17.8681429995997],[28.080670999567,-17.8549510000885],[28.0829999999501,-17.840998999704],[28.0749999997502,-17.8159979997078],[28.067997999708,-17.8040000003996],[28.0659980001077,-17.7959990001537],[28.0659980001077,-17.7899999996002],[28.06900000005,-17.7819990002536],[28.0979969999617,-17.7429999995503],[28.1089970000116,-17.7359999996003],[28.1169980002576,-17.7339989999538],[28.1299969998617,-17.7359999996003],[28.14100000005,-17.7350000002498],[28.1519980000077,-17.7299989998539],[28.1670150000423,-17.704979999927],[28.1779990002537,-17.6939999999],[28.1838676242914,-17.6831647835279],[28.21434004116,-17.6782891971886],[28.2331374070657,-17.6714583111521],[28.2589843552439,-17.6673227994076],[28.3660601003934,-17.6673227994076],[28.4671871935342,-17.6375795375655],[28.520725066109,-17.6018876219162],[28.5742629386837,-17.488863224758],[28.5921088956091,-17.3936847845251],[28.5802115906924,-17.3520442168671],[28.5802115906924,-17.3512909600098],[28.5802115906924,-17.2390198188095],[28.5814591563151,-17.2190587670484],[28.5861602436004,-17.1438413785767],[28.5986541443733,-17.1282240019361],[28.6575440739999,-17.0546115912519],[28.7765171240661,-17.0308169805192],[28.8173972933504,-16.998112844732],[28.853996442382,-16.971232564731],[28.8895415212243,-16.947535845203],[28.9192847839657,-16.8761520157029],[28.9329030747172,-16.8352971425491],[28.9464168642469,-16.8124838270669],[28.9877768353327,-16.7673638588549],[29.0115612918202,-16.7362380251647],[29.0204118771065,-16.7214870499873],[29.0501551398479,-16.6679491774125],[29.0680010967732,-16.6025139999211],[29.0898921386113,-16.5488158735537],[29.0990804094334,-16.5360568184673],[29.1252076789912,-16.5055750045827],[29.0954644162499,-16.4936776996661],[28.9947136983785,-16.4758981612711],[28.9947136983785,-16.4179455176715],[29.0014058873718,-16.3818291885661],[29.0048139662916,-16.3602446887414],[29.0077151666217,-16.3600907293037],[29.0101676007542,-16.3331139529465],[29.0104975530197,-16.3276697468613],[29.0104975530197,-16.3143447645992],[29.0122377501721,-16.3103423111487],[29.012248836115,-16.3102203657773],[29.013213310446,-16.3080985215295],[29.0200153965934,-16.2924537236604],[29.0236448679163,-16.2855247332798],[29.0350916619507,-16.2626311461104],[29.0406486178395,-16.2539869912067],[29.0409546535345,-16.2534305635696],[29.0561832037919,-16.2296359528369],[29.0627527675263,-16.2222934991456],[29.0712594691493,-16.2112347877552],[29.1074272763478,-16.2055240819707],[29.1357650705016,-16.1982111026602],[29.1389884466595,-16.1972752834275],[29.1405268764142,-16.1969822492314],[29.1664379093821,-16.1902955308141],[29.1772755611183,-16.1875861181048],[29.1856258823287,-16.1849020860624],[29.1959643761551,-16.1829139143456],[29.2045092854752,-16.1807776872404],[29.2085060974784,-16.1805020450333],[29.210372277059,-16.1801431642756],[29.2244643261678,-16.1794014771964],[29.2597127807203,-16.1769705494513],[29.3045889139473,-16.171531018042],[29.31697212976,-16.169673535805],[29.333139774581,-16.1685187037751],[29.3948661659409,-16.1636455680884],[29.4017847053,-16.1634585801493],[29.4054880793115,-16.1620592602266],[29.4165730428117,-16.1630588953517],[29.4652982114434,-16.1617419991939],[29.5090802942203,-16.1503205867256],[29.5623802205708,-16.1369956044636],[29.5872823616917,-16.1137536064437],[29.5994296178826,-16.1046431647502],[29.6027846430969,-16.1018781739385],[29.6128123788882,-16.092327948476],[29.6226101724216,-16.0842591780186],[29.6834091253309,-16.0982897054055],[29.7169782083777,-16.119491231635],[29.738810613519,-16.1344620245028],[29.7524307226997,-16.1429725095736],[29.7547757157267,-16.143363341445],[29.755744739728,-16.143975357077]]],[[[29.112605176088,-16.4541685684246],[29.1499398401515,-16.4588354014326],[29.166273756129,-16.4518351523703],[29.1732740060905,-16.4401680694008],[29.1779408390985,-16.4285009873307],[29.161606923121,-16.4191673213148],[29.1429395910893,-16.4191673213148],[29.1219388421039,-16.4331678203386],[29.112605176088,-16.4541685684246]]],[[[29.2264299150086,-16.9133511888062],[29.2435620341606,-16.9171583265954],[29.266404859097,-16.9171583265954],[29.266404859097,-16.9057369132279],[29.2435620341606,-16.8771833816077],[29.2435620341606,-16.8619548313503],[29.241658465266,-16.8524369868774],[29.2321406207931,-16.8486298490883],[29.2207192083249,-16.854340555772],[29.2169120705357,-16.8600512624557],[29.2150085016411,-16.871472674924],[29.2150085016411,-16.8809905193969],[29.2264299150086,-16.9000262074435],[29.2264299150086,-16.9133511888062]]],[[[29.6138555196166,-17.3066916551957],[29.6147430812283,-17.3069869997502],[29.6149872939286,-17.3069494962222],[29.6139369999926,-17.30659999989],[29.6138555196166,-17.3066916551957]]],[[[31.6854716876683,-16.4528722595471],[31.680333651277,-16.4682863696202],[31.6888970461618,-16.4854131584904],[31.706023835032,-16.4974019109694],[31.7282886602935,-16.5042526261577],[31.7488408067579,-16.5059653049548],[31.7608295592368,-16.4991145897665],[31.7659675965274,-16.4974019109694],[31.7848070641947,-16.4939765533752],[31.7916577793831,-16.4717117272144],[31.7882324217889,-16.4682863696202],[31.7950831369773,-16.4580102959384],[31.7899451005859,-16.4494469019529],[31.7728183117157,-16.4425961858652],[31.7574042016427,-16.4425961858652],[31.7402774127725,-16.4443088655617],[31.7214379451052,-16.4460215443588],[31.704311156235,-16.4460215443588],[31.6854716876683,-16.4528722595471]]],[[[32.2205449406965,-16.8642465980021],[32.2276833238264,-16.867815789567],[32.2383908985212,-16.867815789567],[32.2562368563459,-16.8648414635627],[32.2604009125721,-16.861867136659],[32.2633752385764,-16.8523492930854],[32.2639701041371,-16.8440211797336],[32.2609957781327,-16.8362879310432],[32.2514779336598,-16.8333136050388],[32.2437446858686,-16.8309341436957],[32.2312525153913,-16.8309341436957],[32.2193552104746,-16.8350982008213],[32.2116219617841,-16.843426314173],[32.2086476357798,-16.8475903712986],[32.2110270971229,-16.858297945094],[32.2205449406965,-16.8642465980021]]],[[[31.9066173997732,-17.179999511768],[31.9059479462408,-17.1800458601283],[31.9058659469559,-17.1800448600822],[31.9057839476711,-17.1800428608893],[31.9056582296436,-17.1801873414726],[31.9066173997732,-17.179999511768]]],[[[32.740572999944,-17.4064419995986],[32.7439989996541,-17.4079990003535],[32.7109980003575,-17.3929990002037],[32.740572999944,-17.4064419995986]]]]},"properties":{"FID":5,"gez_name":"Region IV","ID2":5,"ID3":4,"GlobalID":"f601542c-3856-4907-aa01-d8910e9e0492"}},{"type":"Feature","id":6,"geometry":{"type":"MultiPolygon","coordinates":[[[[31.4141059996922,-19.9474430003941],[31.4113125156601,-19.9574213957807],[31.4082034271465,-19.9387668611017],[31.4150076356939,-19.9254344711239],[31.4187329999281,-19.9248610004348],[31.4190249999039,-19.924744999582],[31.4141059996922,-19.9474430003941]]],[[[32.0575590004476,-19.2930390000498],[32.0578562065987,-19.2933776658466],[32.0604344792679,-19.2933776658466],[32.1039045080867,-19.2933776658466],[32.1077939320444,-19.2972670898043],[32.1427987449662,-19.3116808363015],[32.1611019145218,-19.3276961098875],[32.1771171890071,-19.3345597986957],[32.1954203585627,-19.3482871763121],[32.1999961514013,-19.3597266579589],[32.2005982295247,-19.3623356622609],[32.2022840473709,-19.3643024498981],[32.2091477361791,-19.4077724796162],[32.2091477361791,-19.43293933798],[32.2137235290177,-19.4649698860513],[32.2091477361791,-19.4855609524759],[32.2251630106645,-19.4901367453145],[32.2320266985733,-19.4878488484455],[32.2549056618669,-19.4855609524759],[32.2749945072907,-19.4847239174748],[32.2777846242611,-19.4855609524759],[32.2819103387911,-19.4844357576041],[32.3098151723324,-19.4832730565063],[32.3693004747371,-19.4832730565063],[32.3921794380307,-19.4878488484455],[32.4096026479439,-19.4894327767012],[32.4127705044553,-19.4901367453145],[32.4205020156555,-19.4945547512008],[32.4287857780413,-19.5061520189005],[32.4395715748684,-19.5100741269194],[32.440225259688,-19.5107278117391],[32.4539526373044,-19.5164253739318],[32.4539526373044,-19.5198793965169],[32.4539526373044,-19.5313188781636],[32.4631042220822,-19.5456999397004],[32.4631042220822,-19.5587736333964],[32.4722558068601,-19.5747889069824],[32.4797163793075,-19.5859797656536],[32.475111999719,-19.5965060001517],[32.4720570000306,-19.6005779999747],[32.4710379998039,-19.6117780002545],[32.4593042698762,-19.629833916502],[32.4642656173644,-19.6375014535292],[32.4658699269556,-19.6471273137745],[32.4722871671191,-19.6615661036927],[32.4674742374461,-19.6768070493058],[32.4674742374461,-19.6904436844284],[32.4626613068739,-19.7064867848372],[32.4581491851368,-19.7191207262405],[32.4562440667104,-19.7305514350007],[32.4536113526818,-19.744373182976],[32.4530354466286,-19.7530117746736],[32.4498268265469,-19.7730656499597],[32.4498268265469,-19.7818893554094],[32.4457543473853,-19.800894258763],[32.4434095872827,-19.8219971059816],[32.4434095872827,-19.8540833058998],[32.4514311370374,-19.8733350263903],[32.4626613068739,-19.894191056472],[32.4746621516371,-19.9181927450991],[32.4733145661144,-19.9196627067685],[32.4778379896316,-19.9241861302857],[32.4962354953719,-19.9487161391385],[32.5115667509049,-19.9732461479913],[32.5330305086511,-20.0161736625844],[32.5422292619709,-20.0376374203306],[32.5514280152907,-20.0744324336099],[32.5514280152907,-20.1848174725483],[32.5449234950233,-20.1929481226577],[32.5268980064379,-20.215479982715],[32.52243800491,-20.229974988355],[32.5207655042247,-20.2400099915678],[32.5157480021686,-20.251717495466],[32.5146330020115,-20.2553412471008],[32.5134065021084,-20.257180997405],[32.5115667509049,-20.261473749314],[32.5054342486917,-20.2798712559537],[32.4919427443622,-20.3068542655119],[32.4839704909455,-20.3227987705468],[32.4563742318853,-20.3411962771864],[32.4349104741391,-20.3657262860392],[32.4165129674995,-20.4331838094852],[32.4195792186061,-20.457713818338],[32.4195792186061,-20.5129063373576],[32.4257117208193,-20.5589001039566],[32.4287779719259,-20.5956951172358],[32.4471754785656,-20.653953887362],[32.4699533436719,-20.6938151517478],[32.4722324991306,-20.697360504084],[32.4927859631018,-20.716045471821],[32.4941169777164,-20.7169328148975],[32.4962650003296,-20.7409849995581],[32.4976759997476,-20.8019630002922],[32.5181769999686,-20.8873550000331],[32.5185500000825,-20.8888950000042],[32.5173949998794,-20.9060440003303],[32.5171959996957,-20.9090359998115],[32.4810860000189,-20.9926009998362],[32.4441599995844,-21.0404139996064],[32.4399709997619,-21.0458409998622],[32.4392240003874,-21.0465029998135],[32.433104999696,-21.0530959998805],[32.4027969995819,-21.0863279999372],[32.3822439996609,-21.1064519998599],[32.3667180004354,-21.1366759996976],[32.4058300000545,-21.1698909998697],[32.4062610001451,-21.1758670002618],[32.3950569996808,-21.1927540001969],[32.3993259995952,-21.206572999844],[32.4221639996689,-21.2269970001114],[32.4327769998587,-21.2525739996903],[32.4513389996951,-21.274854000112],[32.4760160000384,-21.3113109996029],[32.480022000415,-21.3281110000226],[32.4527160002432,-21.3108689999044],[32.4402190004066,-21.3091459995882],[32.426822000435,-21.3132590004025],[32.4136649998399,-21.317297999603],[32.4124290003981,-21.3150860001188],[32.4014050001407,-21.305334000064],[32.3768110000277,-21.2777719997779],[32.3653640000486,-21.2586910002894],[32.3547630004122,-21.2506330001128],[32.3378019997625,-21.2446969997667],[32.3348310003504,-21.2387610003199],[32.324020000023,-21.2268879995815],[32.3159629998926,-21.2179829999155],[32.3057860000239,-21.2061110001225],[32.3028179998508,-21.1942380002835],[32.2990030001883,-21.1895730000938],[32.2922170002145,-21.1853329997181],[32.289671999763,-21.1802439997608],[32.2888250002736,-21.1670999997651],[32.2881269213204,-21.1633594486796],[32.2592104772817,-21.1633594486796],[32.2113837898301,-21.1739876015465],[32.1529289495115,-21.1686735246634],[32.0094488880558,-21.1846157544135],[31.9509940477371,-21.1793016775304],[31.8925392074186,-21.1846157544135],[31.7490591459629,-21.2058720592481],[31.6268353893418,-21.2111861361312],[31.6055790836079,-21.2111861361312],[31.5876959999705,-21.2153130017936],[31.5876959999705,-21.2177289998934],[31.585107000188,-21.229819999893],[31.5825170003593,-21.229819999893],[31.5781989999839,-21.2341380002684],[31.5747429997896,-21.2410459995732],[31.5712889996876,-21.2410459995732],[31.5566079998594,-21.2436370003472],[31.5445169998597,-21.255729000393],[31.5358810000082,-21.2600469998691],[31.5220620003611,-21.2643640001984],[31.5065170002594,-21.2695459999479],[31.4909720001577,-21.2954550004479],[31.375246000003,-21.390452999806],[31.3232361322418,-21.434620546401],[31.3072341263539,-21.4289055445552],[31.2453681404274,-21.4241466218691],[31.1501897001946,-21.4051109338225],[31.0930826360549,-21.4003520120357],[31.0359755719152,-21.3908341684621],[30.9645917415157,-21.3717984804155],[30.8551365350231,-21.3717984804155],[30.8075473153564,-21.3670395577294],[30.7171277969103,-21.3765574022023],[30.6362261229373,-21.4098698565086],[30.5933958250573,-21.4241466218691],[30.4791816967779,-21.4431823099156],[30.4077978663785,-21.476494764222],[30.2888248163123,-21.5050482967414],[30.2317177521726,-21.5383607501485],[30.2242303565458,-21.5423924243709],[30.2220739999152,-21.5428900003732],[30.2209765392359,-21.5441444799837],[30.2118218670856,-21.5490739186264],[30.2108510003734,-21.5479410003768],[30.2086060002667,-21.5406450002665],[30.203554000217,-21.5344709997368],[30.1867159998436,-21.5243679996834],[30.1839099999466,-21.5243679996834],[30.1749300004192,-21.5294199997331],[30.1698790004156,-21.5294199997331],[30.1665109997829,-21.5254910002095],[30.1625840003514,-21.5187559998894],[30.1637049998859,-21.5103370001524],[30.1631450001417,-21.5019180004154],[30.1575330003477,-21.5007969999815],[30.1423790002907,-21.5019180004154],[30.1339599996543,-21.5019180004154],[30.124980000127,-21.497428000202],[30.1221730001839,-21.497428000202],[30.1064600004287,-21.4991129996652],[30.1036510003934,-21.5080920000457],[30.0952349998954,-21.5080920000457],[30.090744999682,-21.5047240003123],[30.0896220000553,-21.4991129996652],[30.0924279999523,-21.4918169995548],[30.0957959996857,-21.4839589996081],[30.0969180001656,-21.4805919999208],[30.0901829998456,-21.4766630003971],[30.0761520003146,-21.4783469998142],[30.0722229998916,-21.4761019997075],[30.0694169999946,-21.4710499996578],[30.0654879995716,-21.4631929997571],[30.0593139999412,-21.4497240000625],[30.052018999877,-21.4469160000733],[30.0447229997667,-21.4413050003255],[30.0419169998697,-21.4379359996466],[30.03686499982,-21.4255899995788],[30.0329360002962,-21.4205389995751],[30.0222719995532,-21.4098749997314],[30.0177820002392,-21.3980880002609],[30.0155370001325,-21.3896709997168],[30.0082410000222,-21.3840559997845],[29.9877559996397,-21.3733950000792],[29.9686750001512,-21.3638529998161],[29.9596949997245,-21.3593629996027],[29.9501530003607,-21.3498210002389],[29.9417339997244,-21.3464539996523],[29.9277030001933,-21.3301790000608],[29.932754000197,-21.3189540004267],[29.9293879996565,-21.3021160000533],[29.9237739997703,-21.2981869996303],[29.9198470003388,-21.2981869996303],[29.9119890003921,-21.2959420004229],[29.9091829995958,-21.2925749998363],[29.9080599999691,-21.286401000206],[29.9091829995958,-21.2729319996121],[29.9063769996988,-21.270125999715],[29.9024419998984,-21.2676669996323],[29.8498839998468,-21.3036000001399],[29.884337999599,-21.3234019996025],[29.8906740004048,-21.3527080002739],[29.800382000429,-21.4944820001442],[29.7191979995881,-21.4826009999362],[29.495447000079,-21.4509200003577],[29.5192080004489,-21.51032200036],[29.4803688074745,-21.5261953906048],[29.4548085883457,-21.511995268167],[29.4269915574145,-21.4953050497882],[29.3974359616004,-21.4813965343225],[29.3692529173883,-21.4602592511635],[29.343888176698,-21.4546226423211],[29.3209391265395,-21.4431481167921],[29.282690709009,-21.4354984331062],[29.2291429241067,-21.4354984331062],[29.1794199810473,-21.4278487494202],[29.1689519929402,-21.4246278302102],[29.1488212472029,-21.4125493829476],[29.1105728296724,-21.4087245411046],[29.0952734623005,-21.4125493829476],[29.0302511518692,-21.4087245411046],[28.9499294749654,-21.3934251737327],[28.9059437946705,-21.3934251737327],[28.8396465378575,-21.3832255954848],[28.7854612793146,-21.3704761235742],[28.7690690998591,-21.3715689347585],[28.7625122282567,-21.3704761235742],[28.7619799195377,-21.3704481069945],[28.7549869999501,-21.3358530000159],[28.7421469995844,-21.3173290001332],[28.7015220003401,-21.2865980002974],[28.6880489995617,-21.2651270003108],[28.6926799999821,-21.2360779997998],[28.6526870002049,-21.2343940003828],[28.62469099969,-21.2242900002833],[28.6248731744575,-21.2240686168731],[28.6011402797002,-21.2268607222445],[28.5752703502465,-21.2231650185507],[28.5199622242773,-21.2271155982062],[28.4919569985167,-21.2296615285567],[28.4669648145746,-21.2274882952486],[28.4449011955338,-21.2192144379959],[28.4172471325492,-21.2192144379959],[28.3619390065799,-21.2310661787611],[28.3066308806107,-21.2508190815353],[28.2592239157511,-21.2666214028554],[28.2497425225994,-21.2705719834103],[28.2118169499923,-21.2824237241755],[28.2056295063966,-21.2839087108183],[28.20413500043,-21.2824489996216],[28.198707000128,-21.2715960000553],[28.1984229996218,-21.2664540003518],[28.2049920003806,-21.2521720000377],[28.2047059997821,-21.2418889997775],[28.2078489999315,-21.2361769998686],[28.2051349997805,-21.2284640003133],[28.2054210003789,-21.2147540002968],[28.2008510000737,-21.2101839999916],[28.1994219998255,-21.2041850003375],[28.2036345196174,-21.1952327044257],[28.1812340595043,-21.1952327044257],[28.1451669628851,-21.1919538778691],[28.1123786937218,-21.2116268399067],[28.0795904236592,-21.2214633204758],[28.0485906047726,-21.2572323421988],[28.0271291924583,-21.2706457251201],[28.0192600076433,-21.2883513905042],[28.0140138844333,-21.2935975137142],[27.9965268073663,-21.3154563598231],[27.9877832683832,-21.3231069563209],[27.970077602999,-21.346714510766],[27.9332822174005,-21.3782534129646],[27.916644999667,-21.3628310003504],[27.915944999762,-21.3552660004256],[27.9181859996842,-21.3384449999368],[27.9130300002344,-21.3201919999608],[27.9042279999223,-21.3121309996459],[27.9039359999465,-21.3113359998565],[27.9007870004198,-21.3027929997971],[27.8917170003393,-21.2965830003052],[27.8823009995915,-21.2901359997765],[27.8809639999886,-21.2860330003227],[27.8655470003938,-21.270792999897],[27.8532079997494,-21.2438640000236],[27.8277680001931,-21.2137639996088],[27.814610999598,-21.2003339999141],[27.8131119997191,-21.1851019998574],[27.8128280001122,-21.1822309996609],[27.7911300004492,-21.1777570001854],[27.7843780002445,-21.1733409997873],[27.7817490004161,-21.170411999614],[27.7749719999579,-21.1619240002923],[27.7707270002509,-21.1588050003505],[27.7529980001576,-21.1553049999258],[27.7487579997819,-21.1524159997985],[27.7438560003542,-21.142878999766],[27.7308800000121,-21.1337559999394],[27.7271859996342,-21.1235020001172],[27.7228979997429,-21.1187759998125],[27.7122210001991,-21.1130439998806],[27.7054500000175,-21.1069939996733],[27.701341000287,-21.0995059997021],[27.6975229995868,-21.0879700001154],[27.6947019998974,-21.0794409998023],[27.6860270000461,-21.0658530000159],[27.685692999932,-21.0624139997063],[27.6864030002983,-21.0609070003578],[27.6875510001786,-21.0584670002518],[27.7002619999914,-21.0483030000834],[27.7025080001441,-21.0404409999521],[27.6995899995788,-21.0317779997549],[27.6891130002648,-21.0145530004206],[27.6905109999827,-21.0117659996011],[27.7039639998388,-21.0020440000305],[27.7063080000142,-20.9980850000227],[27.7011470003338,-20.987634000109],[27.7041260001149,-20.9823239998527],[27.7090159998885,-20.973605999817],[27.712373000014,-20.9676240000475],[27.7072500002873,-20.9587799995973],[27.6925290004131,-20.9476259996401],[27.6894410001021,-20.941718999732],[27.6892830000105,-20.9355219999403],[27.6911139999112,-20.9306560003741],[27.6935400002708,-20.9269270001809],[27.7026420000283,-20.9129369998426],[27.7029889998425,-20.9074149997024],[27.7008697987023,-20.9041174087914],[27.7418712460612,-20.9099747580286],[27.7779383426804,-20.906695931472],[27.8959761131072,-20.906695931472],[27.9243926141279,-20.9099747580286],[27.9549949992199,-20.9099747580286],[27.9812256143707,-20.9198112394971],[28.0271291924583,-20.9165324120411],[28.0631962890776,-20.9132535854845],[28.1123786937218,-20.9362053740787],[28.1167504627637,-20.9365696885403],[28.1254940008475,-20.9394842006353],[28.1615610974667,-20.9427630280912],[28.2059379100066,-20.9395932560239],[28.2089900003883,-20.9351170001494],[28.2152739996954,-20.9325460002976],[28.2198440000006,-20.9254050001406],[28.2264149999523,-20.9219760002921],[28.2295570000555,-20.9168349997354],[28.2394100002713,-20.9076950000242],[28.2416969996169,-20.9016970004162],[28.2498369999776,-20.8848450002965],[28.2692599999491,-20.8651349996804],[28.2886839999667,-20.8537099998166],[28.3062489996917,-20.8399999998001],[28.3045359998366,-20.8354300003942],[28.3028219999354,-20.8314300002942],[28.2985380002286,-20.8297170004392],[28.2942520004295,-20.8305740003898],[28.2899679998234,-20.8325739999901],[28.2853980004174,-20.8325739999901],[28.2762579998069,-20.8274320002865],[28.2711160001034,-20.8237189999319],[28.265975000446,-20.8088660002656],[28.2626716403839,-20.8039109606223],[28.2868779787358,-20.8004529117724],[28.3132151815354,-20.792551751562],[28.3342849435953,-20.792551751562],[28.3872440763531,-20.8157213712443],[28.4018039545889,-20.8288252623759],[28.4132965519943,-20.8518104580861],[28.4528023566435,-20.8952668423908],[28.502792393854,-20.9166911441809],[28.5161184157324,-20.9179026002247],[28.5673691891368,-20.9110691646102],[28.6048997030589,-20.9085671301689],[28.642430216981,-20.9110691646102],[28.685886602185,-20.9031680035005],[28.7001008143012,-20.9067215567544],[28.6993586289976,-20.9153199532532],[28.7102393915347,-20.9153199532532],[28.7272386880151,-20.9025704804433],[28.7357383362553,-20.8923709021954],[28.7625122282567,-20.8655970101938],[28.7739867537857,-20.8349982763493],[28.8198848550021,-20.8388231181923],[28.8543084306896,-20.8388231181923],[28.8925568491193,-20.8426479591359],[28.9129299855305,-20.8433504816394],[28.9269804248068,-20.8464728009789],[29.0302511518692,-20.8464728009789],[29.0705030583695,-20.8124134956863],[29.0799740949286,-20.8005746997625],[29.0761492530856,-20.777625649604],[29.0837989367716,-20.7049536563861],[29.0888006530278,-20.6599382109796],[29.0952734623005,-20.6437561877978],[29.1182225124591,-20.6246319785829],[29.1599480597552,-20.6281091074493],[29.1870696647333,-20.6322816622688],[29.1878562477677,-20.6322816622688],[29.1874420002482,-20.6305329997981],[29.1759310000157,-20.5853079997643],[29.1783979995681,-20.5737989996241],[29.1767520001048,-20.5606419999283],[29.1726430003742,-20.5507749999662],[29.1594859997791,-20.5483089995606],[29.1537299996398,-20.5524190002366],[29.1504419999983,-20.5524190002366],[29.1405750000363,-20.5409080000042],[29.1364630001674,-20.5367980002275],[29.1364630001674,-20.5335079995945],[29.1274180003405,-20.5236409996324],[29.1249519999349,-20.5170630002572],[29.1257740000701,-20.5129520004344],[29.1233079996645,-20.5039079997544],[29.1241299997997,-20.4948629999275],[29.1224840003364,-20.4849959999654],[29.1224840003364,-20.4726600003587],[29.1241299997997,-20.4660830001303],[29.1224840003364,-20.460326999991],[29.1598847034164,-20.4635915588033],[29.1824900893462,-20.467160830408],[29.1882938111106,-20.4695580200865],[29.2013808471484,-20.471342615869],[29.2098140022145,-20.4700452071206],[29.2307763636383,-20.4685478961684],[29.2531341239407,-20.471342615869],[29.2708418955371,-20.4707892477256],[29.2831873686022,-20.4714947038175],[29.3072668611767,-20.4731272116514],[29.3471228330524,-20.4737220772121],[29.3774397409513,-20.4752379222923],[29.4244807671737,-20.4712058343817],[29.4364938562065,-20.4708183156128],[29.4369474859378,-20.4707477503084],[29.441368867879,-20.4706610565625],[29.4709255824497,-20.469707614215],[29.5190653086171,-20.4661417087728],[29.5731143234673,-20.4593855815793],[29.5832843383016,-20.4582555798311],[29.5874627809826,-20.4569125098045],[29.596864982533,-20.4551713611693],[29.6091269418549,-20.4502665774406],[29.6452947490535,-20.4445558707568],[29.6909803998257,-20.4350380271832],[29.6957297033632,-20.4341999147942],[29.7118016504259,-20.4304497940227],[29.7346679998284,-20.4410870003647],[29.7333500002024,-20.4516390004395],[29.7206839997668,-20.4732739998951],[29.7132980000027,-20.4986029997286],[29.7043280000372,-20.5133780002944],[29.6890250003036,-20.5228760003271],[29.6768890000274,-20.5276239998477],[29.659737999609,-20.5413450003715],[29.6507679996435,-20.5434549996485],[29.6191080001341,-20.5640349999153],[29.6164699998906,-20.5650900000035],[29.6175249999788,-20.5672010002259],[29.6238569997008,-20.5719499997926],[29.6286060001668,-20.578809000435],[29.6291330001878,-20.5830299999345],[29.6212190003566,-20.590945999858],[29.6006390000898,-20.595695000324],[29.594835000435,-20.5962230003911],[29.5919319996621,-20.5993879997564],[29.5898220003851,-20.6131090002801],[29.5903490004061,-20.6268269997662],[29.6003759996527,-20.6489900001883],[29.6067080002741,-20.6553229999564],[29.6140950000843,-20.6600720004224],[29.6272860004486,-20.6621809996534],[29.6436440002705,-20.6605980003973],[29.6705570003054,-20.6505730003436],[29.6821649996151,-20.6468789999659],[29.6884970002364,-20.647407000033],[29.6898169999546,-20.6600720004224],[29.6803179998759,-20.6848710000965],[29.6676540004318,-20.7228640002734],[29.6560450001767,-20.760857999597],[29.6441720003376,-20.8410640003033],[29.6399509999387,-20.8669200001579],[29.6338819997545,-20.8927760000124],[29.6201640002685,-20.9075499996328],[29.5995840000016,-20.919686999955],[29.5898499306298,-20.9266135531729],[29.7486264618418,-20.9266135531729],[29.758241701993,-20.9238663419581],[29.8319075971579,-20.9028189433395],[29.8616508598993,-20.8730756805982],[29.8913941226407,-20.8195378080234],[29.9092400804654,-20.7005647579572],[29.8913941226407,-20.6291809275577],[29.9151887324741,-20.5577970980576],[29.9449319952155,-20.4983105725748],[29.9493306261076,-20.4859944066165],[29.9530334110631,-20.4778223508208],[29.964872645856,-20.444672495739],[29.9682415053413,-20.4352396893601],[29.9809430910508,-20.3980800909234],[30.006698463963,-20.3156628992233],[30.0004884554779,-20.2690878378334],[29.9931680063984,-20.2052021355701],[29.9888525061383,-20.1491006285911],[29.9806967316689,-20.1042438685597],[29.9786435182838,-20.0667822858737],[29.9829038541296,-20.0241789265162],[30.000749811055,-19.9706410539415],[30.0101577592732,-19.9455531929255],[30.0321000004147,-19.9367750003659],[30.0798510000237,-19.942744999582],[30.1002170003144,-19.9490639996039],[30.1216349996556,-19.9546829997206],[30.1402429998146,-19.9634599997791],[30.1349347361492,-19.9737457654547],[30.1613164472963,-19.9737457654547],[30.1848332088855,-19.9695957485449],[30.2263333752851,-19.9792791213343],[30.2293912824817,-19.9810264968753],[30.2374000870444,-19.9834291382441],[30.2636835256742,-19.9986458660139],[30.2713706508349,-20.0053721006419],[30.2798820001543,-20.0000340001689],[30.2857760003622,-19.9972280002719],[30.3087860002738,-19.9966669995823],[30.3346040001745,-19.9949830001653],[30.3514419996486,-19.9983519999448],[30.3615429996098,-19.9966669995823],[30.4291609998803,-19.9938960004001],[30.4314419998485,-20.0085920000207],[30.4253840001715,-20.0577349999703],[30.4415409997174,-20.0819699997157],[30.4489440002654,-20.0961069996383],[30.4455789997711,-20.102839999866],[30.4449060002118,-20.1075510003783],[30.4422130001299,-20.1122640000835],[30.4381750000762,-20.1156309997708],[30.4361549995536,-20.1156309997708],[30.4361549995536,-20.1223619999063],[30.4408680001581,-20.130441000152],[30.4422130001299,-20.1364989998289],[30.4432229999416,-20.1412120004334],[30.4479349996006,-20.1452499995878],[30.455341000287,-20.1540030003382],[30.4620720004225,-20.1641000001148],[30.4681320001917,-20.1735260004246],[30.4728449998969,-20.1809310001655],[30.4809220000503,-20.1856439998706],[30.4842889997376,-20.1896829999704],[30.4839510003384,-20.1950680000881],[30.4906839996669,-20.2038189998469],[30.5014549999483,-20.2065119999288],[30.5081880001761,-20.211224999634],[30.516938999935,-20.2118980000926],[30.5270359997116,-20.2078589999928],[30.5330960003802,-20.2065119999288],[30.5357889995627,-20.20987799957],[30.540500000075,-20.2166109997978],[30.5512730004486,-20.2179559997695],[30.5600240002075,-20.2206489998514],[30.5694480004249,-20.2307469996742],[30.5748339996894,-20.2327670001969],[30.5808920002656,-20.2300750001611],[30.5856049999708,-20.2267089996206],[30.5882980000527,-20.2246889999973],[30.5936830001704,-20.2273820000792],[30.5970489998115,-20.2334399997561],[30.5957029997937,-20.2395000004246],[30.5950310002805,-20.2489239997428],[30.5997419998934,-20.2529639998887],[30.6084949997445,-20.2570029999884],[30.6219590001078,-20.2671009998113],[30.6286900002434,-20.2771979995879],[30.6387880000662,-20.289989000392],[30.6421539997074,-20.2994149998024],[30.647538999825,-20.3148969996967],[30.6481475000072,-20.3156161731478],[30.6470485545472,-20.3158159818221],[30.6425459251544,-20.3166346418752],[30.572378287528,-20.3400238544173],[30.5349555474606,-20.3447016969257],[30.4951938856893,-20.3470406177303],[30.4875923912759,-20.3476253479314],[30.4671268306388,-20.3517184602387],[30.4460765389012,-20.3517184602387],[30.4273651688675,-20.3540573819426],[30.3805867437832,-20.3563963027471],[30.3260221305169,-20.3500048299589],[30.3557311974369,-20.4094229637987],[30.3970295865462,-20.4507213520088],[30.444618806213,-20.4923619196668],[30.5100539837044,-20.5161565303995],[30.5635918562792,-20.5340024873249],[30.6409243395867,-20.5518484451496],[30.7049200613118,-20.5561148262382],[30.7301541269115,-20.5577970980576],[30.837229872061,-20.575643054983],[30.9205110073771,-20.5637457500663],[31.01568944761,-20.5637457500663],[31.1168165407508,-20.5458997922416],[31.2000976760669,-20.5340024873249],[31.2478690291325,-20.5340024873249],[31.2532440000106,-20.5515610002399],[31.2577221282737,-20.5880879894691],[31.2680594251024,-20.590202436793],[31.3056691486124,-20.6067507151734],[31.3182123079517,-20.613022294843],[31.3295282029642,-20.6173145305411],[31.3350890718033,-20.6169874210326],[31.3731052771868,-20.6110710447928],[31.3778843338949,-20.6103358049534],[31.3984681284015,-20.6049661193908],[31.4288062558041,-20.6013969278259],[31.4495902744716,-20.5884069169456],[31.4665576890861,-20.5760254152407],[31.4769903410315,-20.5674896088583],[31.5126822566809,-20.554997438381],[31.5430203840835,-20.5460744594687],[31.5680047250381,-20.5407206721213],[31.5644355334732,-20.5103825447186],[31.5590817461257,-20.4818290121991],[31.5555125545608,-20.4639830552737],[31.5521429018735,-20.4437651418478],[31.5652326853402,-20.4314934707471],[31.5733585123855,-20.4247219480594],[31.584066086181,-20.4140143742639],[31.5983428524407,-20.4033067995691],[31.6074760065126,-20.3918903576538],[31.6169076500681,-20.3830481918205],[31.6220880697087,-20.3775704653047],[31.6340347671908,-20.3676148839197],[31.629369760706,-20.3594511225712],[31.6200749732814,-20.3212892584924],[31.6238449618755,-20.3108728932694],[31.6279751856064,-20.2994612114657],[31.6387532113916,-20.3045735569241],[31.6295694596629,-20.2950562781247],[31.6293705871829,-20.2948574209332],[31.6257855216845,-20.2912719993033],[31.6209860000039,-20.2864720000827],[31.6131189996422,-20.2864720000827],[31.6028930002118,-20.2801780003144],[31.6013199996183,-20.2731010004108],[31.6044669999521,-20.2613010003408],[31.6044669999521,-20.2463549999832],[31.6048087567188,-20.2451591237945],[31.6436346100493,-20.2342393531636],[31.7078800573188,-20.2128242037739],[31.7430960805198,-20.1887290306202],[31.7492595598808,-20.1851606997065],[31.7664147979046,-20.1752287201293],[31.7835469170566,-20.1638073067617],[31.7930647615296,-20.1580966009773],[31.8063897428923,-20.1390609129307],[31.8159075873653,-20.1181216559896],[31.8254254309389,-20.1009895368376],[31.8311361376227,-20.0914716923647],[31.8654003759266,-20.0686288665289],[31.8689835645399,-20.0645977795638],[31.881580711081,-20.0534003162715],[31.8649244834782,-20.034364628225],[31.8530271785615,-20.0105700183916],[31.8244736469413,-19.9962932521319],[31.8140040184707,-19.9924861143427],[31.7683183667992,-19.9962932521319],[31.7302469907061,-19.9943896832373],[31.7093077337649,-19.9981968210264],[31.6883684768238,-19.9886789765535],[31.6636220829928,-19.9734504262961],[31.6464899629415,-19.9658361516171],[31.6339757608727,-19.9620818903669],[31.6254225813871,-19.9587709822949],[31.610322155743,-19.9487040324651],[31.593002800439,-19.9472607527815],[31.5511143193704,-19.9345120839655],[31.5487864728175,-19.9299551813864],[31.5363288354075,-19.9357048601911],[31.5363288354075,-19.9353323070403],[31.5362868361686,-19.9351703067642],[31.5362868352693,-19.9350483074334],[31.5362428359382,-19.9348863071573],[31.5362428359382,-19.9346833058898],[31.5362008358,-19.9345613056597],[31.5362008358,-19.9343173051995],[31.5361568373682,-19.9341953049693],[31.5361568355696,-19.9339113053624],[31.53611483723,-19.933749304187],[31.5361148363307,-19.9333653035658],[31.5359608391215,-19.9333653035658],[31.5359608391215,-19.933314303912],[31.5260043808975,-19.9403194272997],[31.5244190119279,-19.9406956164095],[31.5094330097257,-19.9163433621564],[31.5037223030419,-19.8992112430044],[31.5042493552236,-19.8895595353442],[31.5454099043437,-19.8791053149583],[31.5535269998712,-19.8850089999654],[31.5589980003575,-19.8850089999654],[31.5761889999225,-19.8787570003353],[31.5887056985092,-19.873141682043],[31.6210171615128,-19.8781288346779],[31.6214551889059,-19.8783791366878],[31.6215097552711,-19.8782048651623],[31.6360783452395,-19.8804534724498],[31.6454356895055,-19.8818977431862],[31.7459531520164,-19.8704890678162],[31.7678017881221,-19.8521386020148],[31.779487534722,-19.8448964712951],[31.7695900000785,-19.8420310001305],[31.7563069999681,-19.844375000306],[31.7469290000734,-19.8389049998658],[31.7383340003139,-19.8404690000443],[31.7164530003058,-19.8389049998658],[31.6976999997552,-19.8365609996903],[31.6922475342963,-19.8365609996903],[31.6922475342963,-19.8110517199609],[31.6851091511664,-19.7824981874414],[31.6726169806892,-19.7432370811263],[31.6662769698063,-19.7316137276914],[31.6636940026762,-19.7236065275192],[31.6262174912443,-19.6896992085516],[31.6065869385365,-19.6629302718145],[31.5887409807117,-19.6468689106716],[31.5673258313221,-19.625453761282],[31.5530490650623,-19.6058232076749],[31.5512644692799,-19.6004694212268],[31.5512644692799,-19.5897618465319],[31.5584028524098,-19.5808388676196],[31.5798180017994,-19.5665621013599],[31.5940947680592,-19.555854526665],[31.6119407249845,-19.546931548652],[31.6315712785917,-19.5326547823922],[31.640494257504,-19.5219472076975],[31.6455836603577,-19.5205591886556],[31.6458480448514,-19.520162611915],[31.6708323849067,-19.5094550372202],[31.683324555384,-19.5076704414377],[31.6845551597929,-19.5072229495794],[31.6860229999616,-19.5130289996885],[31.6890219997655,-19.5179740001999],[31.693705999932,-19.5196069999631],[31.7066279995826,-19.5237900004082],[31.7122820004141,-19.5313180004254],[31.7206090004051,-19.537422000425],[31.7318800003618,-19.5459879997463],[31.7361460001379,-19.5531439996958],[31.7437399996014,-19.5729100001963],[31.7524789997061,-19.5801500004221],[31.7775779997249,-19.5899689999693],[31.7938779995701,-19.5993299999795],[31.8041989997841,-19.6052699996108],[31.8168100003813,-19.6147590001277],[31.8209780001346,-19.6230749996115],[31.830069036257,-19.6514890490803],[31.830777999705,-19.6540200003227],[31.8385019997675,-19.6643770003982],[31.8506516130815,-19.676571726404],[31.8555143175318,-19.6688724442079],[31.8661664993845,-19.649698516873],[31.8716805702022,-19.6235066822875],[31.8746882448667,-19.6134810994731],[31.8746882448667,-19.5793941175444],[31.8853404267194,-19.5474375719863],[31.8853404267194,-19.5218723364391],[31.8832099903488,-19.4856549181399],[31.8725578084961,-19.4536983734811],[31.8832099903488,-19.4238722642935],[31.891731735831,-19.4025679005881],[31.9023839176837,-19.3897852823649],[31.9085245866404,-19.3827673751142],[31.9172969713782,-19.3748722286704],[31.9407317714541,-19.3407852467417],[31.9577752624185,-19.3280026285185],[31.9715604385634,-19.3155959700779],[31.9790796261239,-19.3130895739246],[31.985044847242,-19.3071243528066],[32.0089057344122,-19.3003069566007],[32.0259492253765,-19.2960460838597],[32.0334057526734,-19.2919788873157],[32.0344709708586,-19.2917852111186],[32.0527090196056,-19.2857058615363],[32.054617999721,-19.2884899998136],[32.0575590004476,-19.2930390000498]]],[[[31.7771719998879,-20.6131260001648],[31.7643809999832,-20.6212040003643],[31.7266819998745,-20.6474599997792],[31.725312755979,-20.6474599997792],[31.7254345727474,-20.6484345330272],[31.7361421474422,-20.6555729161571],[31.7682648706273,-20.6662804899526],[31.7789724453222,-20.6644958941702],[31.8218027432021,-20.6644958941702],[31.8414332968093,-20.6520037245922],[31.8646330419813,-20.6430807456798],[31.8717714251112,-20.6198810005077],[31.8539254672866,-20.6002504477999],[31.8503562757216,-20.5716969152804],[31.8467870841567,-20.5431433836602],[31.8360795094619,-20.5306512131829],[31.8319491940002,-20.5285860550024],[31.8091479995805,-20.5673479998103],[31.7787149999973,-20.5854069998331],[31.7785179999058,-20.5855249998788],[31.7778450003465,-20.6010089998654],[31.7771719998879,-20.6131260001648]]],[[[30.2583459198284,-20.6268557834676],[30.2665219488289,-20.6064157123153],[30.262433933879,-20.5716675910864],[30.2399498557014,-20.5655355700105],[30.2276858135495,-20.5573595419093],[30.2195097854483,-20.5450954988581],[30.1908936852954,-20.5389634777822],[30.1602335790165,-20.5369194707569],[30.1213974437371,-20.5471395058834],[30.0743852803565,-20.5532715278587],[30.0662092522552,-20.5675795770358],[30.0478131881282,-20.5818876271123],[30.0314611310264,-20.6064157123153],[30.0355491459764,-20.6329878045435],[30.0457691811029,-20.6452518475946],[30.0539452092041,-20.6718239398229],[30.0621212382046,-20.6943080180006],[30.0866493234076,-20.710660074203],[30.1295734727376,-20.7127040821276],[30.1561455649659,-20.7045280531271],[30.1827176571942,-20.7024840461018],[30.2195097854483,-20.6881759960254],[30.2399498557014,-20.6759119538735],[30.241993863626,-20.6452518475946],[30.2583459198284,-20.6268557834676]]],[[[30.7754714684336,-20.7111888917539],[30.762384433295,-20.7207067353276],[30.7588152417301,-20.7421218847172],[30.7504871283783,-20.7540191896338],[30.7290719789887,-20.7825727212541],[30.7314514403317,-20.7944700261707],[30.7350206318967,-20.8039878706437],[30.7397795536835,-20.8170749057823],[30.7445384754703,-20.8230235586903],[30.756435780387,-20.8301619418201],[30.768333086203,-20.8396797853937],[30.7837995826846,-20.8503873600886],[30.7992660791663,-20.8456284383017],[30.80164553961,-20.8444387080799],[30.8087839227399,-20.8444387080799],[30.8242504192215,-20.8456284383017],[30.8337682636945,-20.8420592467368],[30.8444758383893,-20.8384900551719],[30.8551834121848,-20.8349208636069],[30.8587526037497,-20.8289722106989],[30.8635115264358,-20.8242132889121],[30.8718396397876,-20.8170749057823],[30.8813574833612,-20.8087467924305],[30.8861164060473,-20.7944700261707],[30.8849266749261,-20.7790035296891],[30.8789780229175,-20.7706754163373],[30.8682704482226,-20.7611575727638],[30.856373143306,-20.7552089198557],[30.8385271854813,-20.743311614939],[30.8206812276566,-20.7361732318092],[30.8052147311749,-20.7278451184574],[30.7980763480451,-20.7171375437626],[30.7861790431284,-20.7111888917539],[30.7754714684336,-20.7111888917539]]],[[[29.4088497190394,-21.1883993569447],[29.417836309698,-21.2003814778229],[29.4358094910153,-21.2123635987011],[29.450787142113,-21.2153591289206],[29.4777469149882,-21.221350190259],[29.5136932785221,-21.221350190259],[29.5286709296198,-21.2153591289206],[29.5646172931536,-21.1973859476034],[29.5855860055897,-21.1913948871643],[29.5855860055897,-21.1614395840695],[29.5915770660288,-21.1464619329718],[29.603559186907,-21.1374753423132],[29.5915770660288,-21.1135110996575],[29.5586262327145,-21.1135110996575],[29.5376575202784,-21.1135110996575],[29.5316664598393,-21.0895468579011],[29.5256753994002,-21.0805602663432],[29.5166888087416,-21.0775647361236],[29.5047066878634,-21.0745692059041],[29.4777469149882,-21.0805602663432],[29.4537826732318,-21.0895468579011],[29.417836309698,-21.0985334485597],[29.3968675972619,-21.110515569438],[29.3878810066032,-21.1374753423132],[29.3878810066032,-21.1494574631913],[29.3968675972619,-21.1704261747282],[29.4088497190394,-21.1883993569447]]],[[[29.9017500003623,-15.6222029997686],[29.908637999644,-15.6232280002719],[29.9268470002889,-15.6217250002085],[29.934700000005,-15.6231799998571],[29.9620799999921,-15.6410100001114],[29.9670899999036,-15.6425170003593],[29.9822100001914,-15.6406190000668],[30.0000000003997,-15.6360750000612],[30.0186000001899,-15.634098999769],[30.030737999659,-15.6342430001143],[30.045758999878,-15.6294670002018],[30.0595469998942,-15.6271830000953],[30.0962899999836,-15.6267069997282],[30.1253199996183,-15.6198740002848],[30.1395599997942,-15.6189879998962],[30.1469800002269,-15.6193700004251],[30.1667799995973,-15.6203879997064],[30.1846000002898,-15.6305689997595],[30.2034489998715,-15.6494899999635],[30.2049800003268,-15.6563929999369],[30.2089269997813,-15.6603659996911],[30.2164889995677,-15.6616430001243],[30.2255989996941,-15.6560630000074],[30.2486990001588,-15.635840000016],[30.2600399997463,-15.6259190002616],[30.2645180003055,-15.6269090000503],[30.2717890001623,-15.6367089996206],[30.2733070000181,-15.6387700002353],[30.2807099996668,-15.6425789996211],[30.2851959996957,-15.6448900000734],[30.2805129995753,-15.6565600004436],[30.2805129995753,-15.6565619996365],[30.2851959996957,-15.6448910001195],[30.2866890001973,-15.6456599996092],[30.3177499999626,-15.6450359996117],[30.3369100003962,-15.6469800002268],[30.3444399996063,-15.649859999939],[30.3591299998496,-15.649879999962],[30.3655890000324,-15.6471699999955],[30.3896899998936,-15.6370799996422],[30.3939199998082,-15.6344400002058],[30.4129289995738,-15.6225559998595],[30.4169689997196,-15.6162500004371],[30.4182749996916,-15.6175900001783],[30.4251490001263,-15.6282689998145],[30.4245945330113,-15.9996430809634],[30.4245939997133,-16.0000000002997],[30.4875071589283,-16.0000000002997],[30.5137169997398,-16.0000000002997],[30.5337170002394,-16.0000000002997],[30.9224909997599,-16.0000000002997],[30.9498739998853,-16.0163109997528],[30.9572009996265,-16.0386690001742],[30.9685569999057,-16.0507559999893],[30.9821049996461,-16.0589769995888],[30.9998176959299,-16.0556947268302],[31.0007659995513,-16.0555190002016],[31.018194000153,-16.0457300002392],[31.0305689997596,-16.0188380002734],[31.0536490002012,-16.0130460002727],[31.0643150001372,-16.0000000002997],[31.0723930003368,-16.0162289995686],[31.0990349995656,-16.0021889996226],[31.1023670003369,-16.0004339996293],[31.1032250003336,-15.9999800002768],[31.1031281496444,-15.9996743279079],[31.1018160001084,-15.9955330002477],[31.1404849999828,-15.9823159995837],[31.1514070000331,-15.9885520002745],[31.1782339996994,-15.9904270004057],[31.184945999858,-16.0003260000448],[31.1888710000966,-16.0033890001022],[31.2230030002883,-16.005594000163],[31.2423672916173,-16.0005915779389],[31.2470110003574,-16.0014070004327],[31.2468910002195,-16.0084800001519],[31.267753000001,-16.0097710003313],[31.2939999999001,-16.0230920003955],[31.3035640002784,-16.0260059998769],[31.3389449996121,-16.0531099997267],[31.3417769998088,-16.0685169997597],[31.3487090002203,-16.0800950003839],[31.3639620003461,-16.0911140004108],[31.4045329997982,-16.1371510001185],[31.4205239997828,-16.1323540001369],[31.4266519999899,-16.1352000000799],[31.4305192727463,-16.1413381536328],[31.4278290003082,-16.1504550812369],[31.4278951355521,-16.1505878778282],[31.4278290003082,-16.150811999674],[31.4305909999747,-16.1563580000216],[31.4386189996671,-16.1548400001659],[31.4463150002371,-16.1533869997102],[31.4659419997236,-16.1589619995966],[31.4814140000561,-16.1569040000196],[31.49925199978,-16.1707000004046],[31.5451310002955,-16.1842249999837],[31.5880259999,-16.1912720003026],[31.6182149999224,-16.1901010002609],[31.6352169997648,-16.197223000441],[31.6838969999466,-16.2009139997812],[31.7027949999893,-16.2066530000359],[31.7331389999649,-16.2283990001137],[31.7579700002154,-16.2369879995965],[31.7708070004427,-16.2367050000357],[31.7857450004315,-16.2563969998216],[31.7978449999469,-16.2579339996543],[31.8031459997881,-16.2701599995843],[31.8094380003635,-16.2729430002192],[31.81647530689,-16.2782769781999],[31.8149310000657,-16.294498080522],[31.814965150921,-16.2944962863745],[31.8149310000657,-16.2948549998583],[31.825398999864,-16.2943049996759],[31.8358509998238,-16.3125609997903],[31.8399599995544,-16.3075669997172],[31.848493000052,-16.3095130004246],[31.8519490002462,-16.3178150001621],[31.8937889997626,-16.3364689997445],[31.9022040002145,-16.3475849997479],[31.9054652540183,-16.3673173143425],[31.9055089997406,-16.3675820001092],[31.9110970209109,-16.3731105419179],[31.9111158176409,-16.373349082594],[31.9072570003104,-16.3976509999936],[31.91078592563,-16.4062746800324],[31.9134839996869,-16.412868000258],[31.9206819997745,-16.4145790000208],[31.9565839997518,-16.42310900038],[31.9877810003929,-16.4305219995906],[32.0052789997261,-16.434688000151],[32.0072250004335,-16.4351499998726],[32.0188820002042,-16.4379250001386],[32.0217969997318,-16.4386169996748],[32.034430999591,-16.4416249998938],[32.0383410000372,-16.4423310000756],[32.0612940000182,-16.4413119998489],[32.079272999949,-16.4405170000595],[32.2391849998879,-16.4352740001949],[32.2841640002684,-16.4345930002667],[32.2890200002728,-16.4356189999169],[32.3188469997893,-16.4440280000921],[32.4120289999385,-16.4695699998556],[32.446514000221,-16.4829079998043],[32.4667390003047,-16.4915610004398],[32.5792770000336,-16.5385360002362],[32.5944170003443,-16.5462570001604],[32.7011749997265,-16.5982870001449],[32.7014040003943,-16.5983979998678],[32.7123674762781,-16.6037401266055],[32.7117760002623,-16.6103680806224],[32.7058369997778,-16.6555530806102],[32.7026969997668,-16.6742830809993],[32.7027436826748,-16.6743615378546],[32.7026969997668,-16.6746400003357],[32.7091820002491,-16.6855390002246],[32.7506169999746,-16.7018559999544],[32.756911999789,-16.7043380001985],[32.7682910002295,-16.7088309996508],[32.8088789995662,-16.705346999964],[32.8255310003555,-16.7091380003184],[32.8327440002355,-16.7004829995907],[32.8427650001047,-16.6989400003807],[32.8534239997178,-16.7079630000923],[32.8726460003127,-16.7108930003117],[32.8871799996573,-16.7195330003477],[32.901508000294,-16.7163310001755],[32.9199560002692,-16.7020030004381],[32.9490310001806,-16.7033270003407],[32.9522589997531,-16.7034739999251],[32.9702070000531,-16.7045629997826],[32.9784994912586,-16.7071903142815],[32.971564999725,-16.7549850811965],[32.9543219995607,-16.8030560811732],[32.9329139997813,-16.847312080588],[32.9126050003206,-16.8929820804586],[32.8949690000194,-16.9029270804204],[32.8356700002703,-16.9204070807222],[32.8357521353528,-16.9207397885104],[32.8356700002703,-16.9207640000585],[32.8384509999138,-16.9320289997385],[32.853687000155,-16.9530709997268],[32.8620679999383,-16.962998999804],[32.8732599998492,-16.9783449997219],[32.8774559999945,-16.9839490000463],[32.9130170004343,-17.033641000132],[32.938014000246,-17.0685710002514],[32.9665060002517,-17.1316430004241],[32.9865150002671,-17.179281000218],[32.993240000126,-17.2389350001501],[32.9937739995705,-17.2436750002011],[32.9963030001834,-17.2661129998151],[32.996501000321,-17.2951060004415],[33.0006247732148,-17.3136556543849],[32.9974057794532,-17.3149572539741],[32.997405211981,-17.3149572215984],[32.9893204551749,-17.3182262806183],[32.9757232085593,-17.3143205843274],[32.973102637177,-17.3135674362881],[32.9731006541719,-17.3135673229735],[32.9730987485085,-17.3135667752864],[32.9646681205374,-17.3130843798402],[32.9608978837304,-17.3100610911464],[32.9608974655457,-17.3100609706373],[32.9608971300985,-17.3100607017399],[32.9522472492112,-17.3075749135514],[32.9441037100183,-17.296592820802],[32.9441023376528,-17.2965917200318],[32.9441013016338,-17.2965903233847],[32.9363910683932,-17.2904061290396],[32.9338508631269,-17.2827649007795],[32.9338500159655,-17.2827637577412],[32.9338498378997,-17.2827632226446],[32.9330502614604,-17.2816849382093],[32.926402330803,-17.266127819743],[32.9280009998463,-17.266],[32.9372018944519,-17.2641584717361],[32.9400454131654,-17.2243492079496],[32.9400454131654,-17.1339296895035],[32.8781794272388,-17.0910993916236],[32.8115545195255,-17.0292334047978],[32.7897078115663,-17.0088431443955],[32.7823972586266,-17.0020199619517],[32.740170689126,-16.9626084970844],[32.6826363417938,-16.9186116427131],[32.6784919942102,-16.9095108525437],[32.6615489584178,-16.8965544133554],[32.5810070699204,-16.8838372729717],[32.5711294399717,-16.8822776470957],[32.4759509997389,-16.8727598026227],[32.4283617800721,-16.8727598026227],[32.3946808483425,-16.8623964398438],[32.3664957932463,-16.8537241145761],[32.3437296184272,-16.7854255892195],[32.3399564929978,-16.7761647296185],[32.3262951292169,-16.7454266629101],[32.3176569997707,-16.7462130004296],[32.2987439999357,-16.7462130004296],[32.286540000121,-16.7498720000927],[32.2645790000209,-16.7608540002119],[32.2499350001002,-16.7730569999805],[32.2377310002855,-16.774276000437],[32.2373904621002,-16.7745030720591],[32.2345400383921,-16.7694218818144],[32.2352271645021,-16.7673114229837],[32.2384026283787,-16.7595995808559],[32.2407241724826,-16.7539615456888],[32.2451217790469,-16.7369208201397],[32.2489696849031,-16.7251022517675],[32.248656564349,-16.7232235275437],[32.2489696849031,-16.7220101847222],[32.2458776178578,-16.7034577815513],[32.2432272744192,-16.6906477888643],[32.2407241724826,-16.6756291763453],[32.2185643574592,-16.6534693613219],[32.2056807444708,-16.6405857474343],[32.1989435327179,-16.6381358529872],[32.1943431641058,-16.6364629916737],[32.1768214496502,-16.6344016133438],[32.1634224918546,-16.6271867896386],[32.1548814145457,-16.6112262667787],[32.1417780216385,-16.5890512945815],[32.126485472027,-16.5837780010539],[32.1180721730923,-16.5818364708764],[32.107765282342,-16.5777137142165],[32.0892128791711,-16.5725602688413],[32.0737525430455,-16.5663761347508],[32.0644763410104,-16.5591613110456],[32.05210807193,-16.5529771769551],[32.0325249800438,-16.54576235325],[32.026340845054,-16.5354554624996],[32.0179079346036,-16.5348932684096],[31.9985122407473,-16.5323633954543],[31.9873807984851,-16.5267976738735],[31.9758370809166,-16.5251485717491],[31.9552232994158,-16.5210258150893],[31.9490152613453,-16.5183097986582],[31.9440000003997,-16.5249970000115],[31.9379969996618,-16.5309979997579],[31.9379969996618,-16.5339979996079],[31.9429980000577,-16.5409999996502],[31.9249990001038,-16.5539980001076],[31.9083993497503,-16.571576053492],[31.8862305513989,-16.5734234525303],[31.8911748009763,-16.5421098736717],[31.8859002546931,-16.5141547815179],[31.8746939699508,-16.4547614698659],[31.8476183185306,-16.4385160786541],[31.8399913751019,-16.4348684104488],[31.8028846343184,-16.4323946273101],[31.7774570669901,-16.4316883060705],[31.6620912489121,-16.4333363892629],[31.5796870937844,-16.4399287211335],[31.4958855315921,-16.4378551650838],[31.4937898063545,-16.4331996257621],[31.4909989996042,-16.42699999995],[31.4713770534083,-16.3895938244954],[31.4425783773902,-16.3909332972339],[31.4373590692657,-16.391070647992],[31.3950973146894,-16.3852009600562],[31.3919461711789,-16.3847597994252],[31.3356107901059,-16.3768728458052],[31.2999188744565,-16.3744933853614],[31.2654166899284,-16.3709241937965],[31.2249658533915,-16.3637858106666],[31.159331437396,-16.357812079264],[31.1478607142006,-16.3549363153586],[31.147166814397,-16.3557502144008],[31.141255637138,-16.3542679661936],[31.1264486000229,-16.3542679661936],[31.1252284223539,-16.3545928570746],[31.1207207666501,-16.3564792147439],[31.1177279307994,-16.3564524940873],[31.1157373309131,-16.3559530690789],[31.112739883339,-16.3564078652307],[31.1051920487741,-16.3563748421252],[31.105045050089,-16.356099842034],[31.1049670509887,-16.355825841989],[31.1048890518883,-16.355480842267],[31.1048120519347,-16.3552058421759],[31.1046640541028,-16.3549308420846],[31.1045850549564,-16.3545878415556],[31.104507055856,-16.3543128405651],[31.104496910604,-16.3542679661936],[31.0929057672874,-16.3542679661936],[31.0131938235362,-16.3506987746287],[30.9988668634151,-16.350969094648],[30.9986663388805,-16.3515314227369],[30.9966663977361,-16.3519940169103],[30.9946713659908,-16.3519750376178],[30.989683797869,-16.351927509347],[30.9905215730122,-16.3527699609649],[30.9885389114417,-16.3533271467304],[30.9884066022829,-16.3533939636604],[30.9883076040128,-16.3534929637292],[30.9881066073341,-16.3535939638903],[30.9881086074263,-16.3536909638668],[30.9880076081647,-16.3536929639591],[30.9880096082568,-16.353792964074],[30.9879086089952,-16.353792964074],[30.9860126357746,-16.3552939676425],[30.9859116383115,-16.3552939676425],[30.9858106390498,-16.3552959677347],[30.9857076396959,-16.3551999678043],[30.9856046421406,-16.3551049679199],[30.9855016427866,-16.3550079679433],[30.985398644332,-16.3549119680129],[30.9852936448859,-16.3548169681285],[30.9852936448859,-16.3547179680597],[30.9850876479766,-16.3546239682215],[30.9849846486227,-16.3545289683372],[30.9848816510674,-16.3544309683145],[30.9846756532588,-16.3542409676465],[30.9838536630162,-16.3535689690327],[30.9836516662914,-16.3535729692171],[30.9835486669375,-16.3535749693094],[30.9831446725886,-16.3535829696783],[30.9829416749184,-16.3535849697705],[30.982638678932,-16.3535899700011],[30.982230685298,-16.3535009703935],[30.981923689127,-16.3533099705786],[30.9817196914107,-16.3532149706943],[30.9816166920567,-16.3531189707638],[30.9816126918723,-16.3529249708107],[30.9817116910418,-16.3528239706497],[30.9818106893119,-16.3527239696355],[30.9819096875821,-16.3526249695666],[30.9820116868899,-16.3525259703972],[30.9821126852523,-16.352523970305],[30.9822116844218,-16.3524249702362],[30.9824116810543,-16.3523239691758],[30.9825106802238,-16.352224969107],[30.9826096775946,-16.352123968946],[30.9828086750803,-16.3519249687623],[30.9828663602943,-16.3518084076318],[30.9812099206014,-16.3513648889784],[30.9811849023614,-16.3513027170467],[30.9501381064884,-16.3518885057499],[30.9180088344402,-16.3509148916089],[30.8810759838696,-16.3529338516159],[30.8204574817274,-16.3625960804447],[30.8195206489588,-16.3629440470301],[30.8187819997895,-16.3637919998009],[30.8036459996632,-16.37850900039],[30.7988089996357,-16.3885989998439],[30.797128000357,-16.4049979997578],[30.7908209999892,-16.4138270004157],[30.7922799422656,-16.4191017193688],[30.6897032903746,-16.4044479123413],[30.5588329344924,-16.4103965643499],[30.4755517991762,-16.4103965643499],[30.4313960507872,-16.4002067761218],[30.4177071515638,-16.3970477995163],[30.3982193167681,-16.3925506074245],[30.398019684361,-16.3925869040623],[30.3327841392767,-16.4044479123413],[30.3324272199403,-16.4044479123413],[30.2614003088772,-16.4044479123413],[30.1662218686444,-16.3925506074245],[30.16608459253,-16.392578061928],[30.146941371647,-16.3964067061046],[30.0175055558368,-16.4222938692666],[30.0174698635434,-16.4222296243976],[30.0156510341679,-16.4189557306224],[30.0163880465711,-16.418620835683],[30.0134274208389,-16.4123353192196],[30.0115558336349,-16.4109984707028],[29.994490338958,-16.3825559801743],[29.986876064279,-16.3654238610223],[29.9735510820169,-16.3178346413555],[29.9640332384433,-16.2835704030516],[29.9430939815021,-16.2797632652624],[29.9228121721441,-16.2742318627102],[29.9215538137576,-16.2737020271268],[29.8993118987252,-16.2607275772158],[29.878372641784,-16.2435954580639],[29.8422048345855,-16.2226562011227],[29.8307834221173,-16.165549136983],[29.8164711272408,-16.1621414474698],[29.7812031520039,-16.1521891629994],[29.7724431761117,-16.1486851722829],[29.7633626728491,-16.146124004719],[29.7622549446101,-16.1446098800419],[29.7605736485551,-16.1453373569335],[29.755744739728,-16.143975357077],[29.7547757157267,-16.143363341445],[29.7524307226997,-16.1429725095736],[29.738810613519,-16.1344620245028],[29.7169782083777,-16.119491231635],[29.6834091253309,-16.0982897054055],[29.6226101724216,-16.0842591780186],[29.6128123788882,-16.092327948476],[29.6027846430969,-16.1018781739385],[29.5994296178826,-16.1046431647502],[29.5872823616917,-16.1137536064437],[29.5623802205708,-16.1369956044636],[29.5090802942203,-16.1503205867256],[29.4652982114434,-16.1617419991939],[29.4165730428117,-16.1630588953517],[29.4054880793115,-16.1620592602266],[29.4017847053,-16.1634585801493],[29.3948661659409,-16.1636455680884],[29.333139774581,-16.1685187037751],[29.31697212976,-16.169673535805],[29.3045889139473,-16.171531018042],[29.2597127807203,-16.1769705494513],[29.2244643261678,-16.1794014771964],[29.210372277059,-16.1801431642756],[29.2085060974784,-16.1805020450333],[29.2045092854752,-16.1807776872404],[29.1959643761551,-16.1829139143456],[29.1856258823287,-16.1849020860624],[29.1772755611183,-16.1875861181048],[29.1664379093821,-16.1902955308141],[29.1405268764142,-16.1969822492314],[29.1389884466595,-16.1972752834275],[29.1357650705016,-16.1982111026602],[29.1074272763478,-16.2055240819707],[29.0712594691493,-16.2112347877552],[29.0627527675263,-16.2222934991456],[29.0561832037919,-16.2296359528369],[29.0409546535345,-16.2534305635696],[29.0406486178395,-16.2539869912067],[29.0350916619507,-16.2626311461104],[29.0236448679163,-16.2855247332798],[29.0200153965934,-16.2924537236604],[29.013213310446,-16.3080985215295],[29.012248836115,-16.3102203657773],[29.0122377501721,-16.3103423111487],[29.0104975530197,-16.3143447645992],[29.0104975530197,-16.3276697468613],[29.0101676007542,-16.3331139529465],[29.0077151666217,-16.3600907293037],[29.0048139662916,-16.3602446887414],[29.0014058873718,-16.3818291885661],[28.9947136983785,-16.4179455176715],[28.9947136983785,-16.4758981612711],[29.0954644162499,-16.4936776996661],[29.1252076789912,-16.5055750045827],[29.0990804094334,-16.5360568184673],[29.0898921386113,-16.5488158735537],[29.0680010967732,-16.6025139999211],[29.0501551398479,-16.6679491774125],[29.0204118771065,-16.7214870499873],[29.0115612918202,-16.7362380251647],[28.9877768353327,-16.7673638588549],[28.9464168642469,-16.8124838270669],[28.9329030747172,-16.8352971425491],[28.9192847839657,-16.8761520157029],[28.8895415212243,-16.947535845203],[28.853996442382,-16.971232564731],[28.8173972933504,-16.998112844732],[28.7765171240661,-17.0308169805192],[28.6575440739999,-17.0546115912519],[28.5986541443733,-17.1282240019361],[28.5861602436004,-17.1438413785767],[28.5814591563151,-17.2190587670484],[28.5802115906924,-17.2390198188095],[28.5802115906924,-17.3512909600098],[28.5802115906924,-17.3520442168671],[28.5921088956091,-17.3936847845251],[28.5742629386837,-17.488863224758],[28.520725066109,-17.6018876219162],[28.4671871935342,-17.6375795375655],[28.3660601003934,-17.6673227994076],[28.2589843552439,-17.6673227994076],[28.2331374070657,-17.6714583111521],[28.21434004116,-17.6782891971886],[28.1838676242914,-17.6831647835279],[28.1909979998579,-17.6700000001998],[28.1929980003575,-17.660998999704],[28.1929980003575,-17.6240000003996],[28.1939999998002,-17.6139999997002],[28.208998999904,-17.5830000000499],[28.2091400001109,-17.5726349996055],[28.2099990001538,-17.5599969995619],[28.2059990000539,-17.534998999704],[28.2069980002576,-17.5230000003497],[28.2129990000039,-17.5079970000614],[28.2140215642439,-17.5064631964194],[28.2100081786346,-17.5073297129958],[28.2072128878646,-17.5071433608774],[28.1794670805414,-17.5052936397896],[28.1369809828861,-17.5083283615646],[28.0584587693568,-17.5226051269251],[28.0191976630418,-17.5440202763147],[27.9763673651618,-17.5654354257043],[27.9410062309528,-17.590188219111],[27.9057691222472,-17.6064514996369],[27.905286570319,-17.6067530944797],[27.8942759600675,-17.6118349151492],[27.8588789033388,-17.632483198241],[27.8241618051233,-17.6451075978374],[27.818245734653,-17.6476430564818],[27.8134932592066,-17.6491924525696],[27.8078145836761,-17.6515307312582],[27.7640300979107,-17.6708783293714],[27.7086780013887,-17.6939263193441],[27.6765552782036,-17.7189106602987],[27.655140128814,-17.7581717666137],[27.6531641411123,-17.7680517060214],[27.6480618051083,-17.7782563780294],[27.6480618051083,-17.7935633869407],[27.648001745684,-17.7938636822631],[27.648001745684,-17.8331247885781],[27.6444325541191,-17.8830934695879],[27.6444325541191,-17.9687540662471],[27.6265865971938,-18.015153555692],[27.6051714478041,-18.057983853572],[27.5737625623924,-18.0893927389837],[27.5665168550689,-18.0964212159663],[27.5535691222173,-18.1089807690472],[27.5255016858542,-18.1370482054103],[27.5088032773494,-18.1579212155916],[27.4664009164692,-18.1742298156534],[27.4612236606435,-18.1764948652458],[27.4191197946429,-18.2024570354638],[27.3892526646788,-18.2382975910609],[27.3815542503285,-18.2449452465258],[27.3516983897689,-18.2636051591508],[27.3388130240019,-18.2936710132067],[27.3001569267009,-18.3323271105077],[27.274202846784,-18.353562266885],[27.2703372305788,-18.3567250440255],[27.2713749996566,-18.373855000308],[27.3027030000435,-18.3895199996482],[27.2980969998767,-18.435129000303],[27.2653859995643,-18.4328250001736],[27.2416609999552,-18.4512530001258],[27.2375140002709,-18.4848839996968],[27.2204680001981,-18.5051550001031],[27.2292210000492,-18.5033129996951],[27.2439650000848,-18.5010070003727],[27.2471900004182,-18.4991660000109],[27.2564039999447,-18.5023910003443],[27.2600889999075,-18.5083800004366],[27.262393000037,-18.5102229999914],[27.2693020002872,-18.5116039998247],[27.2771349999803,-18.5125270001209],[27.2794390001098,-18.5051550001031],[27.2932599998492,-18.5028509999737],[27.3001700001454,-18.4927170002893],[27.3047770003583,-18.4940980001226],[27.307540000071,-18.4987060003816],[27.3927700004352,-18.4968619998813],[27.4699989996541,-18.4373029998336],[27.4776320000169,-18.4373619998564],[27.5104610003749,-18.4589610003499],[27.5143499998526,-18.4887669997972],[27.5307649996051,-18.5077740003698],[27.531411999764,-18.5276450003165],[27.5128380002735,-18.5548589998429],[27.4864880001211,-18.5730030001882],[27.4651049996961,-18.6166320003665],[27.4482569997608,-18.6235439998557],[27.4219069996084,-18.6434149998024],[27.41218700013,-18.6779739999001],[27.4139149997775,-18.6948219998354],[27.4234190000868,-18.7133960002252],[27.4234190000868,-18.7367240004123],[27.4324890001673,-18.7565950003589],[27.440914000181,-18.7682570003602],[27.4482569997608,-18.7708490002811],[27.4556000002399,-18.7747379997588],[27.4612170002644,-18.7799200004076],[27.4789270003808,-18.7868319998968],[27.4862720000528,-18.7920149996924],[27.4975029999635,-18.7902880000911],[27.511324999749,-18.7972009996264],[27.5249339996045,-18.7972009996264],[27.5387570003354,-18.8041109999227],[27.5439410001771,-18.8049750001961],[27.5504200003828,-18.8028159995587],[27.5556040002245,-18.8084310003903],[27.5668350001352,-18.8084310003903],[27.5741779997149,-18.8105920002206],[27.5793619995567,-18.8149119997889],[27.5828169997048,-18.8166400003357],[27.5888669999122,-18.8179349998004],[27.5923210000142,-18.8183679999832],[27.6031219998804,-18.8222540002219],[27.6052809996185,-18.8274380000636],[27.603552999971,-18.8308940002578],[27.6044170002444,-18.8334860001787],[27.6070090001652,-18.836942000373],[27.6117609998703,-18.8365110002824],[27.6286079997594,-18.8365110002824],[27.6294720000328,-18.8490369996578],[27.6303360003062,-18.8581099998766],[27.6337919996012,-18.8719309996159],[27.6381110000227,-18.8676120000937],[27.6420000003998,-18.8671810000031],[27.6471840002415,-18.8710670002418],[27.651070999627,-18.8779809998233],[27.6538789996162,-18.8818680001081],[27.6599269997313,-18.8883470003138],[27.6741819996996,-18.8926669998821],[27.6815260002248,-18.8982839999066],[27.6845490002362,-18.8995800003167],[27.6970759996577,-18.9000110004073],[27.7026929996823,-18.9017390000548],[27.7074450002866,-18.9064899997136],[27.7100370002074,-18.9116739995554],[27.7130600002189,-18.9177219996705],[27.7182440000606,-18.9241999998301],[27.721267000072,-18.9263609996603],[27.7273150001872,-18.9272249999337],[27.7372509997339,-18.9289529995812],[27.7420020002921,-18.9345699996057],[27.7415710002015,-18.9388900000734],[27.7389790002807,-18.9518470004387],[27.7411380000187,-18.9578969997467],[27.744594000213,-18.9617840000315],[27.7515059997022,-18.9639429997696],[27.7530190002267,-18.9665349996905],[27.7556090000554,-18.9807909997048],[27.7525860000439,-18.9894309997408],[27.7435149999174,-19.0023910002444],[27.7422190004066,-19.0080050001306],[27.7409219999504,-19.0110300002343],[27.736602000382,-19.0140530002457],[27.7344429997447,-19.0205339996443],[27.73314800028,-19.0226930002817],[27.7318509998238,-19.0244209999291],[27.7253719996181,-19.024854000112],[27.7080929995923,-19.0261489995766],[27.7033399998411,-19.0278770001234],[27.6959970002614,-19.0334930001018],[27.6916769997937,-19.0382439997607],[27.6921099999766,-19.041699999955],[27.695132999988,-19.0468839997967],[27.6998839996469,-19.0529319999118],[27.6936200003628,-19.0598430002542],[27.6940529996463,-19.0654600002787],[27.7013960001253,-19.079715000247],[27.6962120002837,-19.0831710004413],[27.6979270002309,-19.0865990002436],[27.6983730001139,-19.0874899999635],[27.6996679995786,-19.0896489997015],[27.7048530003657,-19.0918100004311],[27.7065810000132,-19.0952659997261],[27.7048530003657,-19.0982889997375],[27.6992370003873,-19.1047700000354],[27.6940529996463,-19.1069289997735],[27.6875740003399,-19.103042000388],[27.6828209996895,-19.1043369998526],[27.681093000042,-19.1082240001374],[27.6845490002362,-19.1147040003893],[27.6936200003628,-19.119888000231],[27.6931890002722,-19.129391999641],[27.7013960001253,-19.137168000303],[27.7035559999095,-19.1427840002813],[27.7024759995678,-19.1501269998611],[27.6899500001924,-19.1652450000566],[27.69297400025,-19.1678390000698],[27.7003169998297,-19.167405999887],[27.7011810001031,-19.1717260003546],[27.696428000352,-19.1790689999344],[27.6959970002614,-19.1842529997761],[27.7024759995678,-19.1950529995962],[27.703773000024,-19.198939999881],[27.7055009996715,-19.205421000179],[27.7115489997865,-19.2123309995759],[27.7085239996829,-19.2196750001011],[27.7115489997865,-19.2239949996695],[27.718460000129,-19.2265869995903],[27.7188910002195,-19.229611999694],[27.7175959998556,-19.2339300000694],[27.7201879997764,-19.2378190004464],[27.7249390003346,-19.2382499996377],[27.7262359998915,-19.2399780001845],[27.7264509999138,-19.2412749997414],[27.72774800037,-19.2464580004363],[27.7307720004275,-19.2503469999141],[27.7350899999036,-19.2512090000952],[27.7372509997339,-19.2572570002104],[27.7346589998131,-19.2628740002349],[27.721267000072,-19.2615769997787],[27.7160830002304,-19.2589849998578],[27.7096040000246,-19.2615769997787],[27.7048530003657,-19.2542340001989],[27.7001009997614,-19.2529369997427],[27.6940529996463,-19.2654660001558],[27.7001009997614,-19.2771280001571],[27.700531999852,-19.2805840003513],[27.6988040002045,-19.2866319995671],[27.6962120002837,-19.2874959998405],[27.6893019999874,-19.2909520000347],[27.6832539998722,-19.2896569996707],[27.6806619999514,-19.2952719996031],[27.6854129996103,-19.3034800004016],[27.6789340003039,-19.3060720003225],[27.6780700000305,-19.3103919998908],[27.6828209996895,-19.319894000108],[27.6806619999514,-19.3250769999036],[27.6724540000521,-19.3168710000965],[27.6672700002104,-19.3203270002908],[27.665110999573,-19.325941000177],[27.6677030003932,-19.3289660002806],[27.6737490004161,-19.3281020000073],[27.6772059997571,-19.3315580002015],[27.6737490004161,-19.3337169999396],[27.6683499996528,-19.3350140003957],[27.6674860002788,-19.3384699996907],[27.6713749997565,-19.3432210002489],[27.6795819996096,-19.3432210002489],[27.6808769999736,-19.3462460003526],[27.6791490003262,-19.3488380002735],[27.673101000211,-19.349269000364],[27.665757999732,-19.3462460003526],[27.6597109996629,-19.3423569999755],[27.6575499998327,-19.3479740000001],[27.6588470002889,-19.3509970000115],[27.6627329996283,-19.3548850003425],[27.6679189995622,-19.3579080003539],[27.6705110003824,-19.3635250003784],[27.6558220001852,-19.3626610001051],[27.6532300002643,-19.3669809996733],[27.6553910000947,-19.3691400003107],[27.6635989999939,-19.3695729995942],[27.6644630002673,-19.3760519997999],[27.6618690002542,-19.3825320000517],[27.6631669998572,-19.3851239999726],[27.6700780001996,-19.3825320000517],[27.6769899996888,-19.3829630001423],[27.680445999883,-19.38685199962],[27.6821740004298,-19.3911720000877],[27.6873580002716,-19.3928999997352],[27.6916769997937,-19.38685199962],[27.6994529995563,-19.3833960003251],[27.7033399998411,-19.3851239999726],[27.7050680003879,-19.3885800001668],[27.6934050003405,-19.3963539998372],[27.6899500001924,-19.4002430002142],[27.6955640000786,-19.4032660002257],[27.7132770003333,-19.4002430002142],[27.7240750000612,-19.404992999827],[27.7296920000858,-19.4132019997724],[27.718460000129,-19.4132019997724],[27.7115489997865,-19.4214089996256],[27.7167319995822,-19.4257290000932],[27.7264509999138,-19.4283210000141],[27.7294760000174,-19.4313460001177],[27.7255869996404,-19.4343700001753],[27.7204029997986,-19.4348010002659],[27.7169469996044,-19.4365289999134],[27.7134930004017,-19.4430080001191],[27.7147879998664,-19.4468969995968],[27.7225639996289,-19.4542400000759],[27.7238589999929,-19.4615839997018],[27.7208359999815,-19.4762719998529],[27.7229949997195,-19.4805900002283],[27.733795000439,-19.4814539996024],[27.735954000177,-19.4862060002067],[27.7376819998245,-19.4918230002313],[27.7411380000187,-19.4957099996167],[27.7528030001584,-19.4970070000729],[27.7588500002274,-19.5043499996527],[27.7696490000014,-19.5030530000959],[27.7749990003037,-19.5067570000355],[27.7752639999337,-19.5069419995736],[27.7769919995812,-19.5121260003146],[27.7767769995589,-19.5181730003836],[27.7720259999001,-19.5203320001216],[27.7625210004439,-19.5294050003404],[27.758634000159,-19.5475479997404],[27.7690019998425,-19.562666999982],[27.7832559997646,-19.5635310002554],[27.7832559997646,-19.5682829999605],[27.7767769995589,-19.5816739996553],[27.7780719999229,-19.5868580003964],[27.7819610003,-19.5907449997819],[27.7815280001171,-19.5946330001128],[27.7780719999229,-19.601544999602],[27.7778559998546,-19.6106159997286],[27.7795840004014,-19.6140719999228],[27.7886559996747,-19.6162329997531],[27.7912479995956,-19.6196889999474],[27.7912479995956,-19.6231440000955],[27.7886559996747,-19.6261670001069],[27.7808809999582,-19.6287590000278],[27.777424999764,-19.6322150002221],[27.7752639999337,-19.6399909999846],[27.7761280002071,-19.6464710002364],[27.777424999764,-19.654246999999],[27.7756970001165,-19.6607260002047],[27.7722409999222,-19.665045999773],[27.7705130002748,-19.6749820002191],[27.7631699997957,-19.6836200001628],[27.7588500002274,-19.6901009995614],[27.7605779998748,-19.6926930003816],[27.7638180000008,-19.6957160003931],[27.7711619996267,-19.6978770002233],[27.7763440002755,-19.7026289999284],[27.7750489999115,-19.7125640003283],[27.7880090004151,-19.7207710001815],[27.7836889999475,-19.7255209997942],[27.7823920003905,-19.7294100001713],[27.7849840003114,-19.7337299997397],[27.7953519999949,-19.7380500002073],[27.8001039996999,-19.7423699997756],[27.8065829999056,-19.743234000049],[27.8100390000998,-19.7527380003584],[27.8130640002035,-19.7548980001425],[27.8225650003745,-19.7561929996072],[27.8251590003876,-19.7626739999051],[27.8264539998523,-19.7739039997697],[27.8320709998768,-19.7786570004202],[27.84027799973,-19.7803840000215],[27.8422220003451,-19.7847039995899],[27.8400609996155,-19.7890240000575],[27.8430859997192,-19.7929110003424],[27.8508620003811,-19.7937749997164],[27.8538850003925,-19.7950720001726],[27.854317999676,-19.7985280003669],[27.8521569998457,-19.8028479999352],[27.8586360000514,-19.8071670003568],[27.8599329996083,-19.8106229996517],[27.8564770003134,-19.812782000289],[27.8616610001551,-19.8158070003927],[27.8681410004069,-19.8132149995726],[27.8724609999752,-19.8114869999251],[27.8754839999867,-19.8175350000402],[27.8802349996456,-19.8188300004042],[27.8825223416328,-19.8176863289609],[27.8798222494973,-19.8581877181886],[27.8742332372742,-19.9028998150744],[27.8714387316122,-19.9532009232839],[27.8742332372742,-19.9979130201697],[27.8770277438354,-20.0258580803861],[27.8798222494973,-20.0454196227174],[27.8882057673823,-20.0873372130419],[27.9189453341599,-20.1180767798195],[27.9211081892915,-20.1197761666367],[27.9203329997682,-20.1224250001136],[27.9139739997004,-20.1436250001935],[27.8975420000633,-20.1648270003657],[27.8943630000525,-20.1780769998536],[27.8901229996768,-20.1854970002863],[27.881908000354,-20.1892069996033],[27.8728980003425,-20.1966280000821],[27.8660059999769,-20.1950369995578],[27.8622969998067,-20.18814800023],[27.8495760004321,-20.1865569997057],[27.8405660004206,-20.1780769998536],[27.8214850000328,-20.1801979996379],[27.8098250001237,-20.172245999853],[27.8077060004316,-20.1680060003766],[27.811945999908,-20.1648270003657],[27.8114159997486,-20.1611170001494],[27.8071760002722,-20.1584660002057],[27.7854439999407,-20.1505159996137],[27.7642439998607,-20.1335559999095],[27.7531140001111,-20.1277249999088],[27.7507279997974,-20.1245459998979],[27.7528489995817,-20.1203060004215],[27.7512579999568,-20.1123539997373],[27.7438389995702,-20.1075850001476],[27.7289979995581,-20.1049340002039],[27.7268769997738,-20.1012239999876],[27.7274069999331,-20.0964540003518],[27.7252880002411,-20.0906250004434],[27.7024969996369,-20.0805530000209],[27.6950770001035,-20.0747240001125],[27.6908369997278,-20.0710139998961],[27.6876559996247,-20.0620039998847],[27.6850069997733,-20.0572330002028],[27.6712260000799,-20.0551139996114],[27.6600950002841,-20.0503439999756],[27.6553259997951,-20.0455720002475],[27.6526749998514,-20.0408029997586],[27.6479050002156,-20.0280830004301],[27.6338589999929,-20.0158920003155],[27.6216689999245,-20.0127120002585],[27.617957999662,-20.0095320002016],[27.6073580000717,-20.0047619996665],[27.6009990000039,-19.9968119999738],[27.5903980003675,-19.9888610002349],[27.5919889999924,-19.9809109996429],[27.5903980003675,-19.9772010003259],[27.5803290000833,-19.9718999995853],[27.5766179998209,-19.9660699996308],[27.5726429999745,-19.9570609996654],[27.5652230004412,-19.9316190000168],[27.5678730003387,-19.9162479998453],[27.5652230004412,-19.9067089997205],[27.5615130002248,-19.8982289998684],[27.5461420000533,-19.8934590002326],[27.5403110000527,-19.8902790001757],[27.5397809998933,-19.8870980000726],[27.542431999837,-19.8807369999126],[27.5408420002582,-19.8770269996962],[27.5291820003491,-19.8722570000605],[27.5254720001328,-19.866428000152],[27.5154009997564,-19.861657999617],[27.5000299995849,-19.8611270003108],[27.482010999608,-19.860066999992],[27.4719390000848,-19.8579480002999],[27.4655779999248,-19.8515870001399],[27.4594840003863,-19.8515870001399],[27.4451729996343,-19.850525999775],[27.4377530001009,-19.8425750000362],[27.4292730002488,-19.8383359997066],[27.4239729995543,-19.8298559998545],[27.4117830003852,-19.8250860002187],[27.4075430000095,-19.8219070002078],[27.4001229995768,-19.8160760002072],[27.3942919995762,-19.8150149998423],[27.3879330004077,-19.8070640001035],[27.3826329997132,-19.8054749996714],[27.377331999872,-19.8054749996714],[27.3704409995526,-19.8107750003659],[27.3635520002247,-19.8102450002065],[27.3598420000084,-19.8075960003551],[27.3587809996434,-19.8049459995582],[27.3540110000077,-19.8049459995582],[27.3487110002125,-19.8070640001035],[27.3063100000065,-19.8007060000818],[27.3018050000008,-19.8017650003545],[27.2869639999886,-19.8113039995799],[27.2774229997717,-19.8150149998423],[27.2694740001251,-19.8234969997866],[27.2657639999087,-19.8319769996388],[27.2567529998511,-19.8314470003787],[27.2307830001354,-19.8219070002078],[27.2132910001795,-19.8181949998993],[27.2053409995875,-19.8224370003672],[27.2000419998384,-19.8240259998999],[27.1920920001457,-19.820845999843],[27.1873219996106,-19.8213760000024],[27.183080000042,-19.8187250000586],[27.18096100035,-19.8123659999908],[27.1560510000537,-19.8113039995799],[27.1446549997285,-19.8075960003551],[27.1287550003431,-19.8060049998308],[27.1181539998073,-19.8118359998315],[27.092714000251,-19.8144849996829],[27.0762819997146,-19.8166060003666],[27.0683320000218,-19.8224370003672],[27.0630320002267,-19.8240259998999],[27.052430999691,-19.8187250000586],[27.0460719996231,-19.8171359996266],[27.0360010001461,-19.8197860004236],[27.022751999805,-19.8192550002181],[27.0100300003842,-19.8234969997866],[27.0031410001571,-19.8234969997866],[26.9896250000937,-19.8240259998999],[26.9832639999337,-19.8234969997866],[26.9779640001386,-19.8192550002181],[26.9716050000707,-19.8171359996266],[26.9583539996374,-19.8176649997399],[26.9424530002058,-19.8197860004236],[26.9239019999774,-19.8171359996266],[26.9148919999659,-19.8213760000024],[26.9042930004217,-19.8224370003672],[26.8995219998405,-19.8256160003781],[26.8963429998296,-19.8250860002187],[26.8910419999884,-19.8240259998999],[26.884150999669,-19.8261469996842],[26.8597710004314,-19.8282660002756],[26.8518209998393,-19.8362170000145],[26.8401599998841,-19.8378060004465],[26.8306209997594,-19.8372760002872],[26.8226679999283,-19.8378060004465],[26.8194899999636,-19.8399270002308],[26.8094189995872,-19.8468169996048],[26.8046489999514,-19.8531759996726],[26.7993500002024,-19.8542380000836],[26.7951099998267,-19.8574180001406],[26.7797389996551,-19.8595369998326],[26.771258999803,-19.8653669997872],[26.7664890001673,-19.8643070003677],[26.7585370003823,-19.8643070003677],[26.7484680000982,-19.8696070001629],[26.7399880002461,-19.8823280004368],[26.7293869997103,-19.8892189998569],[26.7198460003926,-19.8908080002889],[26.7161360001763,-19.8982289998684],[26.7041909997149,-19.8955300004092],[26.6989340001041,-19.8987590000278],[26.6988600002888,-19.898508000144],[26.6951310000956,-19.8949079996045],[26.6916369999477,-19.8935770002783],[26.6831160000035,-19.8903329999679],[26.6652869997952,-19.886332999868],[26.643808000339,-19.8821769997687],[26.6384709997369,-19.8825160001132],[26.6215970004013,-19.8883739995604],[26.6162310002605,-19.8875629999325],[26.6099330003078,-19.8778089997855],[26.605084999773,-19.8675669996173],[26.5973389995952,-19.8554700002402],[26.5837780001546,-19.8366769996438],[26.5751069995884,-19.8085910003744],[26.5686090003052,-19.8006819998744],[26.5501150000073,-19.7886519999898],[26.5362560003142,-19.788015000292],[26.5280220001152,-19.7785320000517],[26.5231049999958,-19.7758729997391],[26.5060149996925,-19.7718519995701],[26.4919300003693,-19.7611060004416],[26.4687669996973,-19.7569729996042],[26.4393480001102,-19.7552599997492],[26.4307460000279,-19.7506039999746],[26.4166290001283,-19.7382450002066],[26.4103480000602,-19.7287169996898],[26.4058409999622,-19.7115720004474],[26.3956830000704,-19.6913200000179],[26.390481000298,-19.6865949997594],[26.3878860002388,-19.6790629995577],[26.3843950002291,-19.6747660001507],[26.3783199997682,-19.6744249997139],[26.3662519999299,-19.6774150000022],[26.3507629997127,-19.6793229998565],[26.3468659998661,-19.6787090003201],[26.320345999968,-19.6645120003285],[26.3197719995782,-19.6603869998601],[26.3239250004385,-19.6504260000598],[26.3463700003753,-19.6226519998899],[26.3457660004007,-19.6171489997265],[26.3331919997111,-19.6079710000616],[26.3076609995555,-19.5827230003661],[26.3034969999866,-19.5807340003737],[26.2949859996043,-19.579745999778],[26.2616860000089,-19.5877280000471],[26.2442580003065,-19.5894330004326],[26.228847000089,-19.5832880003409],[26.2127949999893,-19.5695679998632],[26.2054399998561,-19.5657970004312],[26.189888000331,-19.564246999999],[26.1842629999376,-19.5620510003533],[26.1733739996104,-19.5514519999098],[26.1687810000432,-19.5485419997135],[26.1659879998464,-19.5460720000227],[26.1604800003518,-19.5376720002625],[26.1529249999888,-19.5123040004293],[26.1453640002485,-19.4981949999992],[26.1372029998186,-19.4429659999809],[26.1339350002002,-19.4372800003717],[26.1206930001819,-19.4294790003555],[26.1152300000645,-19.4247220004199],[26.1130979997729,-19.4015819999093],[26.1139120004385,-19.3939850003075],[26.1068209998893,-19.3787170003892],[26.1033800003868,-19.3643050003754],[26.0898529998161,-19.342027000046],[26.0772240001875,-19.3041109998227],[26.0684349995756,-19.2884139999061],[26.0708440000506,-19.2757329996781],[26.0705069997982,-19.2709139995814],[26.0633560000794,-19.2643770002983],[26.0587079997744,-19.2638850000926],[26.0517099999166,-19.2507969999815],[26.0381139997613,-19.236559999944],[26.0380050001307,-19.2310480002649],[26.0433520002946,-19.2199239998926],[26.0313580002716,-19.2008360000813],[26.0265570001055,-19.1905800001669],[26.0194180000407,-19.1842699996607],[26.0089090001503,-19.1665340001439],[26.000752999951,-19.1577139999011],[25.9862819999144,-19.1473959998255],[25.9761579997919,-19.1367720000277],[25.9655319999019,-19.1125980003973],[25.9625299999596,-19.1073660001408],[25.9608909999197,-19.0977419996935],[25.9581310003454,-19.0925060001517],[25.959707000178,-19.0738689995546],[25.9669450003116,-19.0606489996516],[25.9807009997514,-19.0470860001188],[25.9848719996431,-19.0443069996683],[25.99167799964,-19.0397730001238],[25.9936820003241,-19.0310069996733],[25.9872339997493,-18.9988889997275],[25.9861880000762,-18.9936859999089],[25.9852210004489,-18.9937029997936],[25.986105999892,-18.9912330001029],[25.9837199995783,-18.990971999758],[25.9781340000841,-18.977054000042],[25.9674049999409,-18.9595470002938],[25.9630099996119,-18.9446880003509],[25.9563000004447,-18.9349249997889],[25.9515605040141,-18.9264211679025],[25.9472939997183,-18.9187660001508],[25.9444056345125,-18.9150020190279],[25.9949655801974,-18.8572192249872],[26.0266398519477,-18.8396773989927],[26.1026319326177,-18.757839774486],[26.1063773400423,-18.7383800147259],[26.1169925390745,-18.7403427527158],[26.1657969451729,-18.6566780574464],[26.1718317486364,-18.6365620453021],[26.1732243955894,-18.6343957052975],[26.1747098858526,-18.626968254881],[26.1880792973218,-18.5824035505834],[26.1936498851342,-18.5044153185121],[26.1955067477382,-18.4858466915715],[26.2103616494706,-18.4115721847085],[26.2252165503036,-18.3818623821432],[26.241444556721,-18.3385876986634],[26.2474989024524,-18.3224427770125],[26.2588987096078,-18.2882433564457],[26.2549263528689,-18.2630231718819],[26.2697812546012,-18.2555957214653],[26.2761958714424,-18.2235226381592],[26.2848239356761,-18.207499089911],[26.2917118648107,-18.1947072203619],[26.2846361563336,-18.1813212146023],[26.308440861057,-18.1451533696323],[26.3109661303827,-18.1097995999715],[26.3217734093154,-17.9584976940133],[26.3203088777525,-17.9511750370982],[26.3221070002379,-17.9507589999279],[26.3299480003,-17.9482419998683],[26.3383629998526,-17.9482759996377],[26.3474150000023,-17.9517739999701],[26.3551149998574,-17.9544100001214],[26.3640489999614,-17.9553520003944],[26.3771950000493,-17.9552649999797],[26.3809430002194,-17.9531020000572],[26.3852920002257,-17.9528880000811],[26.392660000059,-17.9537500002622],[26.3995660001708,-17.9551690000493],[26.404714000151,-17.9594020001022],[26.4081929996073,-17.9655149996175],[26.4124049995911,-17.9707560002892],[26.4183710004214,-17.9734030000484],[26.4248749999813,-17.9737699998855],[26.43057400019,-17.9736590001627],[26.4358919999159,-17.9754370003172],[26.4386779997899,-17.9790640003033],[26.4422089998455,-17.9831230004261],[26.4470710001266,-17.9825629997826],[26.4518599997393,-17.9827229999664],[26.4569679996735,-17.9861640003683],[26.4596799997323,-17.9896639998937],[26.4631420002032,-17.9931430002492],[26.4658239997778,-17.994934000104],[26.4682100000915,-17.9978899997237],[26.4719289998235,-18.0008880003809],[26.4783930002368,-18.0012200004027],[26.4835659995713,-18.0018570001004],[26.4861980004374,-18.0037910002544],[26.4875980002475,-18.0046759996976],[26.4902300002144,-18.0058170001544],[26.4947099999666,-18.0075370003323],[26.4984339999292,-18.0084950004439],[26.5024829995908,-18.0086779998898],[26.5081710001916,-18.0078430000544],[26.5131139997114,-18.0068930003117],[26.5175490000863,-18.0059429996696],[26.521517999656,-18.005802000362],[26.5232670002719,-18.0056489996016],[26.5252590004026,-18.0054809999481],[26.5279519995852,-18.0054159996486],[26.532071999823,-18.0057440003853],[26.5379880001461,-18.0057010002009],[26.5434969996869,-18.0063430001294],[26.5481540004068,-18.0065760000823],[26.5529460001578,-18.0078310004003],[26.5557550001931,-18.0102949998143],[26.5583510002985,-18.0154409997023],[26.5587970001815,-18.0205869995903],[26.5597069998782,-18.0234900003632],[26.561153000011,-18.0263289999833],[26.5622569996609,-18.0282699995608],[26.5658049996011,-18.0292089996955],[26.5695190000019,-18.0315430003092],[26.5748209998893,-18.0340420004379],[26.579497999733,-18.036342000383],[26.583660000109,-18.0383260001448],[26.5875769999786,-18.040831999697],[26.5902950003141,-18.0442920000757],[26.5897840001315,-18.0478210000391],[26.5873260000949,-18.0492429999644],[26.5849549995736,-18.0520469997692],[26.5860630003073,-18.0546369995978],[26.5906329997132,-18.0563310003753],[26.5961780000147,-18.0576209996094],[26.6024149998524,-18.0585399997212],[26.6081790003606,-18.0588790000658],[26.6124359997216,-18.059611999694],[26.6161740003299,-18.0593749995566],[26.6214459997332,-18.0580099995618],[26.6269340001041,-18.0574150000022],[26.6321980000377,-18.0577500001623],[26.6369950000193,-18.0588030001583],[26.6392400001259,-18.0603979999677],[26.6420930003917,-18.0620190000768],[26.6479750000462,-18.0643840003213],[26.6536730002089,-18.0665579998517],[26.6598619996316,-18.0679579996619],[26.6647959996357,-18.0693089999104],[26.6687599998742,-18.0718300001544],[26.672537999629,-18.0740619996615],[26.6779930002768,-18.0751640001185],[26.681471999733,-18.0735809999632],[26.6820900003533,-18.0712729996492],[26.6814379999638,-18.0672870001949],[26.682453000006,-18.0644980001825],[26.6857960003852,-18.0605689997595],[26.6905720002976,-18.0573519997949],[26.6958400004157,-18.0545950003589],[26.7007500002124,-18.052945999858],[26.7056990000089,-18.0509699995658],[26.7106909999897,-18.04865199969],[26.7146069998132,-18.045298999749],[26.7182539998223,-18.0410230004111],[26.7206230002513,-18.0386000001898],[26.7246889997975,-18.0364029995987],[26.7273229998566,-18.034782000389],[26.7350120001038,-18.0320470001689],[26.7410159999885,-18.0339390001847],[26.7524049999908,-18.0407389999049],[26.7613650003945,-18.0436510001935],[26.7799850002077,-18.0475340002938],[26.78266499969,-18.0450819996345],[26.7906870000051,-18.038359999914],[26.7987060001818,-18.0316309998707],[26.807784999778,-18.0313260001947],[26.8089119995892,-18.0205949999593],[26.8093999996103,-18.0192180003104],[26.8111759996727,-18.0167800002967],[26.8140409995925,-18.0135420002631],[26.8171380003185,-18.0120410002919],[26.819675000401,-18.0104479996754],[26.8227360003661,-18.0102949998143],[26.8264990003287,-18.0104560000443],[26.8330379997039,-18.0109860002037],[26.837798999824,-18.0106039996748],[26.842144999692,-18.010798999674],[26.8472690003641,-18.0118709996469],[26.8524849998829,-18.0116419998784],[26.856831999797,-18.006178999761],[26.8608279997125,-18.0027920000507],[26.8644919996062,-18.0038749996315],[26.869351999795,-18.0078199998931],[26.8738719995932,-18.0087309996359],[26.8799320002616,-18.0087539997972],[26.8845380004284,-18.0068849999428],[26.8811620003261,-18.0135869996403],[26.8860580003765,-18.0062650001296],[26.8922210003989,-18.0027079997743],[26.9006440003204,-17.9980580002764],[26.9064819997445,-17.9958910001695],[26.9127360003662,-17.9940909998997],[26.918701000251,-17.9922749997913],[26.9245429998596,-17.9930909996499],[26.9339160004232,-17.9900469995693],[26.9397390000549,-17.9891620001262],[26.9458799999621,-17.9854459996332],[26.9511639999187,-17.9838289997085],[26.9528379997739,-17.9844389999598],[26.9564109999677,-17.9862339999991],[26.9624479995755,-17.9881379996689],[26.9689800004267,-17.9885400002208],[26.9733290004331,-17.9863730001138],[26.9762799998222,-17.983608000309],[26.9795739997404,-17.981291999626],[26.9819539997773,-17.9801819996995],[26.9823740002599,-17.980175000276],[26.985991999831,-17.9790569999805],[26.9909890000424,-17.9765769998286],[26.9977220002701,-17.9749389998349],[27.001914000231,-17.9738310000006],[27.0246819997745,-17.9813060002717],[27.066995000419,-17.9186050001206],[27.1363139999912,-17.8546390000897],[27.1358789997161,-17.8522070003527],[27.1338820002542,-17.8454910000096],[27.1320009998463,-17.8388739997353],[27.1296549995786,-17.8322409996224],[27.128421000229,-17.8294310004403],[27.1267240002125,-17.8235350001401],[27.1283830002753,-17.8205520001746],[27.1363180001756,-17.8107099995668],[27.1430090002652,-17.8024360002212],[27.1723089997606,-17.7662230002912],[27.1937819998395,-17.7387159998435],[27.2517939995935,-17.6694180003404],[27.264995000419,-17.6518969999465],[27.2981390000149,-17.6079230000464],[27.3004680003979,-17.6046500001973],[27.3025599997442,-17.6018600001389],[27.3048609997354,-17.5994830002402],[27.3172580003565,-17.5905110001825],[27.3340870003149,-17.5774379998638],[27.4187289996437,-17.5116880003009],[27.4535290000633,-17.4906119996441],[27.4928110003274,-17.4565920001207],[27.5089750001961,-17.4442249999837],[27.5366169996748,-17.4230799997421],[27.5974920001557,-17.3415370003323],[27.6074420003481,-17.3035159997635],[27.6109120002886,-17.2902309995609],[27.6190240002575,-17.2591550000032],[27.6249019997276,-17.2417430001393],[27.7318659996162,-17.0883779999447],[27.7385359996367,-17.0788110003273],[27.7588740004348,-17.0496439997708],[27.794300000045,-16.998837999574],[27.7992360001413,-16.9917459998779],[27.8210040003344,-16.960475000321],[27.83254800029,-16.9553470003638],[27.9979489997466,-16.8819250004384],[28.0102779999298,-16.8764760000673],[28.125593000017,-16.8255079995944],[28.2119609998003,-16.7533389998949],[28.2277139996015,-16.7393759999024],[28.2345120001287,-16.7337909995549],[28.2398030004082,-16.7294499999175],[28.246467000152,-16.7253719998179],[28.3734969999866,-16.6740930002917],[28.3785409996675,-16.6718549996085],[28.3829129998351,-16.6698950000542],[28.3875349998404,-16.6678209997393],[28.4007329996283,-16.6627119997589],[28.4916590000628,-16.62622599983],[28.5537790004006,-16.6007589999278],[28.5571700002953,-16.5994109998177],[28.5586429998746,-16.5988019996125],[28.5680920003456,-16.5949449998118],[28.599994000223,-16.5819240000925],[28.6099659996312,-16.5785160003131],[28.6191060002417,-16.575395000279],[28.6391439997958,-16.568558999798],[28.6543959998755,-16.565792999947],[28.6634059998871,-16.5641630003222],[28.6845300000595,-16.560332999968],[28.696083999577,-16.558235000345],[28.698737999659,-16.5577539997473],[28.7049839999117,-16.5566249998438],[28.7091939998033,-16.5559500001923],[28.7127429997897,-16.5553810000331],[28.7164509999138,-16.5549770002883],[28.7176359997017,-16.5545860002437],[28.7186139998363,-16.5543569995758],[28.7192300003643,-16.5542920001756],[28.723087000165,-16.5536209998093],[28.7329570002654,-16.5524079996295],[28.7423299999296,-16.5416219995556],[28.7439550002231,-16.5396379997938],[28.7486200004128,-16.5346059997671],[28.7527819998894,-16.5299980004074],[28.7559680002231,-16.5272860003486],[28.7566070000131,-16.5270439999806],[28.7595819996096,-16.5244560002442],[28.7636049998709,-16.5202899996837],[28.769885999939,-16.5169270001809],[28.7766699998207,-16.515714000001],[28.7816290000783,-16.5141600002838],[28.7892200003028,-16.5087309999357],[28.7911159996037,-16.506779999897],[28.7996740003549,-16.4990739997652],[28.8030470003189,-16.4965720003975],[28.8075540004168,-16.4935789999709],[28.8097550002931,-16.4924960003901],[28.8120229996617,-16.4858240002773],[28.8150919999958,-16.4796790001857],[28.8157820003391,-16.475175000226],[28.8157638834965,-16.4749363354435],[28.8157820003391,-16.4748180808897],[28.8153740004099,-16.4694430812332],[28.8138880002311,-16.4633130809339],[28.8116769998937,-16.4601640805079],[28.8104849997829,-16.4550560805736],[28.8102157625474,-16.4541196417081],[28.8105079999443,-16.4513790000408],[28.8107260001049,-16.4496680002779],[28.8110960000804,-16.4467830003351],[28.8123510003984,-16.4411159998035],[28.8138539995625,-16.4369330002577],[28.8160379995541,-16.4326719998129],[28.8197259996552,-16.4286280003819],[28.8230089999654,-16.4256380000936],[28.8278860000389,-16.421519999948],[28.8316229997017,-16.4178940000081],[28.8343040001296,-16.4120330004226],[28.8351440001955,-16.4079849999078],[28.8368509997738,-16.4038479997853],[28.8386170002744,-16.3999800003767],[28.8390569998807,-16.3962170004142],[28.8390296119271,-16.3960943140014],[28.8390569998807,-16.3958600810778],[28.8381227949311,-16.3916753035724],[28.839991999831,-16.3840860003686],[28.8439669996773,-16.3780760002072],[28.8444300003443,-16.3725560001592],[28.8444048921721,-16.3724984219646],[28.8444282628541,-16.372219790411],[28.8442969996069,-16.3722509995839],[28.8427120002586,-16.3686400003357],[28.839788000316,-16.3633700001254],[28.8361770001684,-16.359001000096],[28.8352159999185,-16.3549339996043],[28.8353400002409,-16.3513600002638],[28.8367549998434,-16.3453079999642],[28.8372169995649,-16.3399480001001],[28.8359030001234,-16.3336409997323],[28.831665999886,-16.3301669996073],[28.8258889996777,-16.3268539997123],[28.823673000009,-16.3227569996358],[28.8219489996467,-16.3178780003694],[28.8219279995776,-16.3171130001648],[28.8216850000628,-16.3142349996455],[28.8220440004303,-16.3101360003761],[28.8227440003354,-16.3044469997293],[28.8236289997786,-16.2988830003501],[28.8247540003969,-16.2945740003898],[28.8264230000215,-16.2891779997648],[28.8278310002005,-16.2867140003508],[28.8296749998015,-16.2830270002958],[28.8308370003273,-16.2817760001622],[28.8348569995509,-16.2775209999941],[28.8384200001829,-16.2744250002136],[28.8440950001842,-16.2685689999593],[28.8491339996344,-16.2624740003748],[28.8523100004062,-16.2568560003041],[28.8539860003537,-16.2521799996073],[28.8541830004452,-16.2516070001629],[28.8548079995896,-16.2490039997348],[28.8555580000017,-16.2440939999381],[28.8548329998431,-16.2403289998834],[28.852653000036,-16.2386600002587],[28.8483729996143,-16.2374260000099],[28.8440570002304,-16.23658699999],[28.8420599998691,-16.2355780002245],[28.8417530001009,-16.2354250003634],[28.8410700000805,-16.2345959999054],[28.8395150003171,-16.2327340003738],[28.8385370001824,-16.2295569995558],[28.8381359996767,-16.2272140003258],[28.8374690003941,-16.2241419998534],[28.8362119999838,-16.2215910000246],[28.8347390004046,-16.2187080001741],[28.8322540000221,-16.2136800003317],[28.8329630003423,-16.2090999995653],[28.8388549995586,-16.2015490002861],[28.8394599995794,-16.1971349999802],[28.8388720003426,-16.1931299996497],[28.8378770003234,-16.1901200002378],[28.8369540000271,-16.1872130001798],[28.836467000052,-16.1853980001176],[28.8364120002137,-16.1850730004186],[28.8361489997766,-16.1843070001679],[28.8360359999615,-16.1831319999418],[28.8360149998924,-16.1829099995967],[28.8357480001701,-16.1820329996232],[28.8350539996424,-16.1779949995695],[28.8343650002446,-16.1755100000864],[28.8345050004055,-16.1686890002971],[28.8355229996868,-16.1654199997332],[28.8360250003535,-16.1634689996946],[28.8377319999319,-16.1589350001501],[28.8397359997166,-16.1557170001394],[28.8418900001234,-16.1526180002205],[28.8449530001809,-16.1492420001182],[28.8470630003573,-16.1476129996402],[28.8489930003267,-16.1460030000384],[28.8517050003855,-16.1429880003959],[28.8526109998978,-16.141785999824],[28.8539729997542,-16.1397219999703],[28.8551779995651,-16.1356140002858],[28.8557099998167,-16.1322950001141],[28.8565150000672,-16.1289460003576],[28.8574350002251,-16.1248510003733],[28.8580220003151,-16.1207690000892],[28.8583999997603,-16.1166990003586],[28.8591110001726,-16.1123539996373],[28.8592979998029,-16.1084320004364],[28.8585890003821,-16.1049000003347],[28.8574390004096,-16.1011979995879],[28.8561260001148,-16.0979320000617],[28.8555240002325,-16.0938509998238],[28.8572149999723,-16.0912969998566],[28.859115000357,-16.0869000003347],[28.8587390001048,-16.0826769998436],[28.8570690004341,-16.078598999744],[28.8553690002792,-16.0762130003296],[28.8538999999851,-16.0738459999928],[28.8538339996394,-16.0737490000163],[28.8523589999679,-16.0710440002803],[28.8513880001561,-16.0682160002681],[28.850657999767,-16.0653169996797],[28.8499810000232,-16.061631999717],[28.8497179995861,-16.0598429999544],[28.8490999998651,-16.0558979996929],[28.8476919996861,-16.0525849997978],[28.8475169997098,-16.0498440002004],[28.8482740004448,-16.0456419997784],[28.8487679998433,-16.0422299998146],[28.8500990000688,-16.0390849995731],[28.8522680002681,-16.0355049999557],[28.8528069999431,-16.0346100000514],[28.8541580001916,-16.0328780002195],[28.8548079995896,-16.0321039995999],[28.856208000299,-16.0308239999276],[28.8599619998465,-16.0278450001466],[28.862418999837,-16.0262179997608],[28.8645469999441,-16.0256339998092],[28.8675000003248,-16.0250600003187],[28.8692239997878,-16.0239440001155],[28.871657999617,-16.021629000378],[28.8725599998442,-16.0202709998068],[28.8757009999013,-16.0168029999585],[28.8772900003333,-16.0139040002694],[28.8782820002142,-16.0122729996991],[28.8801869999302,-16.0086400003357],[28.8807160000434,-16.0063170002293],[28.8816239996479,-16.0045309997058],[28.8830200001729,-16.0021739998302],[28.8842520003296,-16.0000129999999],[28.8850209998193,-15.9984889998674],[28.8858939996085,-15.9968729999889],[28.8860929997921,-15.9967269995514],[28.8881490001763,-15.9924249999138],[28.888937999689,-15.9905709998518],[28.8901299997997,-15.9882400002758],[28.8916830003702,-15.986318999822],[28.8937349996705,-15.9841919997609],[28.8951320002417,-15.9828419995586],[28.8974890001173,-15.98112200028],[28.8990629998576,-15.9798479999852],[28.9004259997602,-15.9787960000354],[28.9018800002618,-15.9776179996709],[28.9035600003938,-15.9751049997959],[28.90618700013,-15.9707040000895],[28.9067229996667,-15.9695930001168],[28.9070510004034,-15.9687089998204],[28.9073940000332,-15.9677109996629],[28.9080060003766,-15.9662590001527],[28.90880000012,-15.9647149999972],[28.9092080000492,-15.9639869997002],[28.910351999745,-15.9622349998453],[28.9113119999489,-15.9607370000125],[28.9121970002914,-15.9592410002719],[28.9136249995941,-15.957054000142],[28.9143580001216,-15.9561709998917],[28.9156910004394,-15.9544000000599],[28.9168259997202,-15.9530990003186],[28.9180310004304,-15.9517249999088],[28.9189539998273,-15.9508590004425],[28.9201849999379,-15.9500370003072],[28.921158999888,-15.9494799998021],[28.9221469995844,-15.9489040002194],[28.9231219995806,-15.9483279997373],[28.924330999576,-15.94752200034],[28.9247180003355,-15.9472409999721],[28.9257060000319,-15.946549000436],[28.9278669998622,-15.9448739996353],[28.9272419998185,-15.944149000376],[28.925655000378,-15.9426579999667],[28.9237679996935,-15.9415160003631],[28.9233700002254,-15.9413059996721],[28.935308000364,-15.9393110003024],[28.9465689998595,-15.9402699995608],[28.9529489999964,-15.9402899995837],[28.9656769996938,-15.9403220001601],[28.9726100001515,-15.940341000137],[28.9861599999841,-15.9378070001928],[28.993777999655,-15.938942000373],[29.0006689999744,-15.9399710001615],[29.0155479999403,-15.9417219999703],[29.0261379999688,-15.9367380003584],[29.034497999683,-15.9267320002816],[29.0434070004328,-15.9068600002888],[29.0552170000645,-15.8908310003503],[29.0649870000501,-15.8798989998389],[29.0870379998039,-15.8662299999145],[29.118197999638,-15.8450600003187],[29.1340779998998,-15.8312540003718],[29.1476780002396,-15.822545999898],[29.1586679998284,-15.8143299996297],[29.1814299999946,-15.8008680002579],[29.195707000078,-15.7907589999278],[29.2135999996403,-15.7707289998434],[29.2272200000031,-15.7636059996171],[29.2440580003765,-15.7642440002604],[29.26623899983,-15.7583580004213],[29.281037999704,-15.7512299999645],[29.2865500002823,-15.7476500003472],[29.3053999999101,-15.7354240004173],[29.3115100001864,-15.7325639998287],[29.3218890003771,-15.7300930000918],[29.3299289997236,-15.7292679998183],[29.3371999995804,-15.7250189999269],[29.3400590001228,-15.722144999592],[29.3439499996928,-15.7182350000452],[29.3490999997652,-15.7149390000348],[29.3622770003833,-15.7098900001234],[29.3743589999679,-15.7099090001003],[29.3907660002508,-15.7128400003657],[29.3997590003776,-15.7119899998386],[29.4037469999242,-15.7096289997785],[29.4207299997897,-15.6930359999115],[29.4341600003838,-15.688898999789],[29.4618890002772,-15.6888700002503],[29.4748699999506,-15.6863399995913],[29.5004380000137,-15.6851939998032],[29.5138200001929,-15.6785239997827],[29.5367789995512,-15.6521900003682],[29.5449500004422,-15.6458330003926],[29.5621470002839,-15.6411629999724],[29.5642280000222,-15.6412589999029],[29.5770870003648,-15.6418189996471],[29.5852200004027,-15.6455649997249],[29.5972569997108,-15.6554460003326],[29.6101580001916,-15.6609600001039],[29.6291290000034,-15.6615229999864],[29.6494269998562,-15.6579380001385],[29.6979669998772,-15.6444129996602],[29.7156899996938,-15.6420240001075],[29.7471800003568,-15.6288200000429],[29.7605299999596,-15.62121299998],[29.7755680000632,-15.6151999996802],[29.7965600004437,-15.6104389995601],[29.8209280000272,-15.6088300000045],[29.84154800034,-15.6093539998872],[29.8607799995974,-15.6115139996713],[29.8771380003185,-15.6121130003147],[29.8957669996474,-15.6195650004244],[29.8998390003696,-15.6213689999793],[29.9017500003623,-15.6222029997686]]]]},"properties":{"FID":6,"gez_name":"Region Va","ID2":6,"ID3":5,"GlobalID":"6adb7193-3616-4165-acf5-355c94b75e8a"}},{"type":"Feature","id":7,"geometry":{"type":"Polygon","coordinates":[[[32.2888250002736,-21.1670999997651],[32.289671999763,-21.1802439997608],[32.2922170002145,-21.1853329997181],[32.2990030001883,-21.1895730000938],[32.3028179998508,-21.1942380002835],[32.3057860000239,-21.2061110001225],[32.3159629998926,-21.2179829999155],[32.324020000023,-21.2268879995815],[32.3348310003504,-21.2387610003199],[32.3378019997625,-21.2446969997667],[32.3547630004122,-21.2506330001128],[32.3653640000486,-21.2586910002894],[32.3768110000277,-21.2777719997779],[32.4014050001407,-21.305334000064],[32.4124290003981,-21.3150860001188],[32.4136649998399,-21.317297999603],[32.411182000449,-21.3180609997153],[32.385565999971,-21.3421210003838],[32.2945970002514,-21.4349840002114],[32.2577129999551,-21.4730409997423],[32.2238460002927,-21.5084569997907],[32.125988000346,-21.6098990004385],[32.111231999757,-21.6248409997123],[32.1021720001377,-21.6341590004375],[31.9647420000433,-21.7766890000972],[31.9473890002022,-21.7946829998206],[31.9057479999703,-21.8378710003464],[31.7944560001444,-21.9494760002172],[31.7762010000761,-21.9693559996796],[31.7659300003693,-21.9802850000527],[31.7287800003967,-22.0194739996254],[31.6820080000692,-22.0674109997178],[31.6378529999161,-22.1123419996835],[31.6082590003526,-22.1434970001864],[31.5948390002197,-22.155487000025],[31.5286500001974,-22.2210960002802],[31.5039780000847,-22.2514950000941],[31.4814720000328,-22.2695309999557],[31.3815039999097,-22.3717840002314],[31.3581900003683,-22.3876990003086],[31.3312409995725,-22.4049509999886],[31.3043610001601,-22.4225539996673],[31.3037489998165,-22.4219299996697],[31.3028980001426,-22.4213689998794],[31.3023279999373,-22.4210220000652],[31.3019420001232,-22.4206629996976],[31.3006150000822,-22.4201660001607],[31.2998669997623,-22.4195109996329],[31.299578999971,-22.4184009997063],[31.2991190003417,-22.4175789995711],[31.2983619996066,-22.4164860004285],[31.2978510003235,-22.4160249998538],[31.2970460000729,-22.4151990004335],[31.2961120001687,-22.4144069998831],[31.2952859998491,-22.4137449999317],[31.2947310003354,-22.4132460003027],[31.2939219999004,-22.4117810001929],[31.2936069997633,-22.4113540002868],[31.2934970000865,-22.4110309997808],[31.2930029997887,-22.4104419995986],[31.2924300003443,-22.4100660002457],[31.2911790002107,-22.4091159996037],[31.2908549996586,-22.4086850004124],[31.2901870003299,-22.4079180001156],[31.2897889999624,-22.4072889998874],[31.2889950002191,-22.4066059998669],[31.2883009996914,-22.4057350001701],[31.287687000155,-22.4052349995955],[31.2873699999256,-22.4050479999652],[31.2869349996506,-22.4046660003356],[31.2864050003905,-22.4043059999219],[31.2858770003234,-22.4039319997619],[31.2850279998424,-22.403688000201],[31.2844290000983,-22.4027779996049],[31.2841279997075,-22.4022209999991],[31.283757999732,-22.4016109997478],[31.2834639996639,-22.4005749996365],[31.2831339997343,-22.3999549998234],[31.2831549998035,-22.3991660003106],[31.2824050002906,-22.3980839998766],[31.2818099998317,-22.3973959996257],[31.2810970002265,-22.3965029998135],[31.2804180003905,-22.3952349997954],[31.2795160001633,-22.3938440004003],[31.2793040002795,-22.3933330002178],[31.2786350000053,-22.3915129999249],[31.2778279996625,-22.3900370002074],[31.2768020000124,-22.3889169998196],[31.2761889996227,-22.3879009997313],[31.2754129998102,-22.3864169996448],[31.2749419996736,-22.3851679996035],[31.2745990000439,-22.3834700004401],[31.2743110002525,-22.3824290000982],[31.2739139999312,-22.3814010003558],[31.2730840003264,-22.3799170002693],[31.2726110000976,-22.3787460002277],[31.2723250003985,-22.377139999911],[31.2717320000318,-22.3757299996397],[31.2715529998711,-22.3746769996438],[31.2708489997815,-22.3735040004092],[31.2703470000141,-22.3726359999514],[31.2697919996011,-22.3708260001198],[31.267985999954,-22.3686349998054],[31.2666510004433,-22.3673780002944],[31.2652529998261,-22.3667690000892],[31.2637840004313,-22.3659609997003],[31.2624490000214,-22.3651789996111],[31.2611609999802,-22.3645759996826],[31.25969099964,-22.3645870001899],[31.2581379999688,-22.3647359998665],[31.2562940003679,-22.3650999995653],[31.2543709998218,-22.365166999957],[31.2525919996211,-22.364964999635],[31.2509779998349,-22.3642570002603],[31.2494599999791,-22.3640089996156],[31.2483229997067,-22.3643089999603],[31.2475489999864,-22.3645450000517],[31.2468490000813,-22.3647780000047],[31.2462339995994,-22.3652379996339],[31.2446609999052,-22.365743000439],[31.2422840000066,-22.3657370001624],[31.2410200001729,-22.3659189995622],[31.2395550000633,-22.366228000322],[31.2386759999974,-22.3666469998591],[31.2369949998194,-22.3674140001559],[31.2351360004261,-22.368427000106],[31.2329399998811,-22.3692490002411],[31.2315569999556,-22.369714000101],[31.230415000352,-22.3703889997525],[31.2296439998707,-22.3705400004206],[31.227680000132,-22.3703990002137],[31.2270099998117,-22.3707920003505],[31.2263099999066,-22.3710569999805],[31.2250460000729,-22.371771999678],[31.2234320002866,-22.3720109999077],[31.2217419996936,-22.3723009997913],[31.2201320000918,-22.3723270000909],[31.2190990001188,-22.3724700003901],[31.2179690001693,-22.3727970001814],[31.2165349996905,-22.3725030001133],[31.2152299997647,-22.3720699999305],[31.2140140003459,-22.3717230001163],[31.2127780000047,-22.3713130000949],[31.21162599994,-22.3709179998658],[31.2100880000612,-22.3703069995684],[31.2093940004328,-22.3701820000992],[31.2089079996045,-22.3699199997082],[31.2079519995852,-22.3691459999878],[31.2066590002128,-22.3680909998997],[31.2053310001256,-22.3666469998591],[31.2044059997372,-22.3657469997242],[31.2037770004083,-22.3653920004404],[31.202731999882,-22.3642730000988],[31.2020580002766,-22.3635039997098],[31.2012380002336,-22.3621690001992],[31.2004940000981,-22.3610089997655],[31.2000330004227,-22.3606349996055],[31.1992809999182,-22.3601109997228],[31.1984969997368,-22.3595289998634],[31.1973489998565,-22.3590920003954],[31.1960249999539,-22.3585719997979],[31.1951920002107,-22.3576500004471],[31.194881000258,-22.3568209999891],[31.1947630002123,-22.355685999809],[31.1939880004459,-22.354531999652],[31.1932539998722,-22.353334000164],[31.1926020003821,-22.3519189996621],[31.1915949998095,-22.3501679998533],[31.1908470003888,-22.3489430000194],[31.1899559997696,-22.3474040000945],[31.1893129997952,-22.3457330003776],[31.1885980000977,-22.3442470001988],[31.1864239996679,-22.3427480003199],[31.18566499974,-22.3418100002313],[31.18476100032,-22.3405600001439],[31.1828169997048,-22.3394409998023],[31.1815699997557,-22.3389909997348],[31.1799960000154,-22.3384239996678],[31.1791929998571,-22.3377910001545],[31.1780310002305,-22.3373099995568],[31.1767590000279,-22.3363759996526],[31.1759830002154,-22.3353629997026],[31.1755289999634,-22.3347449999817],[31.1749779997349,-22.3341209999841],[31.1740890001073,-22.333592999917],[31.1734229999715,-22.3334800001019],[31.172788000366,-22.3331120002186],[31.1723910000447,-22.3327020001971],[31.171421000279,-22.3327519998049],[31.1698830004002,-22.3329899999884],[31.1678730003388,-22.3319109996928],[31.1670809997884,-22.33142599981],[31.1651030003032,-22.3307989996741],[31.1622839998068,-22.3304780001595],[31.1603980000677,-22.3305279997673],[31.1585920004205,-22.3307300000894],[31.1560379995541,-22.3308270000659],[31.1538769997238,-22.3310009999961],[31.1514320002867,-22.3313350001101],[31.1485860003437,-22.331992999877],[31.1464360001214,-22.3326889995976],[31.1443609997604,-22.3333539996873],[31.1425970002514,-22.3340389997999],[31.1404569995909,-22.3349470003038],[31.1381559995997,-22.3356910004393],[31.1366039999747,-22.3364159996986],[31.1342860000989,-22.337311999649],[31.1324990004286,-22.338131999692],[31.1312250001337,-22.3387559996896],[31.1288029999585,-22.3397289995936],[31.126821000289,-22.340592999867],[31.1239560003692,-22.3414839995868],[31.1210300003343,-22.3424619997215],[31.1207310000357,-22.3425480000901],[31.1205057171651,-22.34225511698],[31.1184900001135,-22.3428280804515],[31.116428000352,-22.3431940811419],[31.1152299999646,-22.3434060810258],[31.1131260000649,-22.3437590811167],[31.111485999979,-22.3440770804928],[31.1103129998451,-22.344228081161],[31.1086860003587,-22.3446480807443],[31.1062640001835,-22.3452880805804],[31.1041659996612,-22.3461510808077],[31.1017869996704,-22.3468520807589],[31.1002360000914,-22.3474020809413],[31.0982320003066,-22.3479030806626],[31.0963319999219,-22.3487370804519],[31.0915560000095,-22.3481110812613],[31.0907070004278,-22.3482240810764],[31.0898739997853,-22.348281081007],[31.0890690004341,-22.3482620810302],[31.0883020001373,-22.348151080408],[31.0870299999346,-22.347642081217],[31.0868349999354,-22.3474650811485],[31.0863570003753,-22.3469500807815],[31.0858759997776,-22.3464120811526],[31.0851020000573,-22.3457210807632],[31.0846899999436,-22.3454910809486],[31.0841749995766,-22.3453360809953],[31.0836099996018,-22.3452660804652],[31.0830069996733,-22.3452560809034],[31.08237400016,-22.3452920807649],[31.0817199996783,-22.3453510807877],[31.081057999727,-22.3454160810873],[31.0798960001003,-22.3454810804874],[31.0797460003777,-22.3454790812945],[31.0791129999651,-22.345445080626],[31.0784980003825,-22.345365080534],[31.0779029999235,-22.3452390810188],[31.0773270003409,-22.3450730805582],[31.0767679997434,-22.344867080951],[31.0762290000683,-22.3446270806752],[31.0754680000482,-22.3442130804692],[31.0752059996572,-22.3440490810003],[31.0747199997282,-22.3437170809785],[31.0741040000996,-22.3435640811174],[31.0731829998956,-22.343339080634],[31.072052999946,-22.3430630804967],[31.0707999997202,-22.3427550806824],[31.0686129995903,-22.3422180810995],[31.0682879998913,-22.3421390810537],[31.0671729997342,-22.3418650810086],[31.0661500002224,-22.3416170812632],[31.0652039997648,-22.3413920807799],[31.0643099999066,-22.3411900804578],[31.0634469996793,-22.3410030808275],[31.0617270004008,-22.3406860805981],[31.0608309995511,-22.3405450812904],[31.059907000108,-22.3404110805069],[31.0589580004115,-22.3402850809916],[31.0579909998848,-22.3401630807615],[31.0570099996119,-22.3400410805314],[31.0560199998232,-22.3399170811084],[31.0550279999423,-22.3397880805554],[31.0532889997876,-22.33954008081],[31.0529650001347,-22.3395050809946],[31.0520320002767,-22.3393930812257],[31.051094000188,-22.3392330810418],[31.0493560000794,-22.3386870810439],[31.0486709999667,-22.3382270805153],[31.0480249998539,-22.3376570812093],[31.0474050000408,-22.3370120811426],[31.0467959998356,-22.3363300811683],[31.0461820002991,-22.33564908124],[31.0455489998865,-22.3350020810811],[31.0448789995662,-22.3344320808758],[31.0435630000325,-22.3337130809939],[31.043447000079,-22.3336880807403],[31.0427490002662,-22.3336120808328],[31.0419840000616,-22.3336270806252],[31.0411829999955,-22.3336880807403],[31.0403720003676,-22.3337530810398],[31.0395829999555,-22.3337780812934],[31.038271999753,-22.3335830812941],[31.0380019998925,-22.3334550807873],[31.0375269995714,-22.3331040807887],[31.0371049998959,-22.3326370808365],[31.0367139998513,-22.3320840805159],[31.036337999599,-22.3314720810716],[31.0359630002923,-22.3308270810049],[31.035575000386,-22.330180080846],[31.0349419999734,-22.3292780806189],[31.0347510001586,-22.329034081058],[31.034320000068,-22.3285780807138],[31.0338380003235,-22.328174080969],[31.0333110003025,-22.3278340805783],[31.0327470003738,-22.3275670808561],[31.0321519999149,-22.3273780811335],[31.0318290003082,-22.3273230812951],[31.0312549999184,-22.3272830812492],[31.0306560001743,-22.327285080442],[31.0295329996483,-22.3273310807647],[31.0290540000421,-22.3273800812257],[31.028495000344,-22.3274110808567],[31.0279290003232,-22.3274150810411],[31.0273640003484,-22.3273860806031],[31.0268019996126,-22.3273210812029],[31.0262540004218,-22.3272200810419],[31.0257220001702,-22.3270790808349],[31.0252150001722,-22.3268960804897],[31.0246789997361,-22.3266350810441],[31.0242859995993,-22.3263870812987],[31.0238700002004,-22.3260720811616],[31.0234749999713,-22.3257230812551],[31.0230959995808,-22.3253510811874],[31.0227259996053,-22.3249680806124],[31.0223589997681,-22.3245780806139],[31.0217450002316,-22.3239570807546],[31.0216080002091,-22.3238270810549],[31.0212109998878,-22.3234820804336],[31.0207880001661,-22.323169081288],[31.0203360000065,-22.322898080482],[31.0198439998008,-22.3226790811746],[31.0193110004024,-22.3225170808985],[31.0187279995976,-22.3224270812448],[31.0180849996231,-22.3224140806453],[31.0179020001772,-22.322412080553],[31.0176480001551,-22.3224040810835],[31.0173200003178,-22.3223930805762],[31.0171139998113,-22.3223810809221],[31.0168809998583,-22.3223640810375],[31.0166700000206,-22.3223430809684],[31.0164770001135,-22.3223160806226],[31.0162959998606,-22.3222840809455],[31.0161219999304,-22.3222460809918],[31.0159530002308,-22.3222000806691],[31.0157659997012,-22.3221410806463],[31.0156069995634,-22.322087080854],[31.015428000302,-22.3220190804162],[31.015247000049,-22.3219410804165],[31.0150659997961,-22.3218600811778],[31.0148840003964,-22.3217690805786],[31.0147090004201,-22.3216700805098],[31.0143940002829,-22.3214640809026],[31.0142320000069,-22.3213280809262],[31.0140699997307,-22.3211870807191],[31.0139060002617,-22.3210400811348],[31.0137169996399,-22.3208740806742],[31.013585999894,-22.3207470811129],[31.0134410004019,-22.3206130812287],[31.013291999826,-22.3204810805374],[31.0131349997804,-22.320354080976],[31.0129730004037,-22.3202280805614],[31.0128049998509,-22.3201080804236],[31.0126299998747,-22.3199990807929],[31.0124509997139,-22.3198960805397],[31.0122660001758,-22.3198020807014],[31.0120009996465,-22.3196960812092],[31.0118140000162,-22.3196440806098],[31.0116190000169,-22.3195980811864],[31.0114169996949,-22.3195530809099],[31.0112110000877,-22.3195110807717],[31.0110049995811,-22.3194690806335],[31.0107969998817,-22.3194190810257],[31.010384999768,-22.3192870812338],[31.0102099997917,-22.3192090812341],[31.0100359998615,-22.3191160805426],[31.0098619999314,-22.3190170804738],[31.0095800004167,-22.3188580812354],[31.0094309998408,-22.3187840805209],[31.0092790000259,-22.3187110807517],[31.009118999842,-22.3186430812132],[31.0089560004191,-22.3185760808214],[31.0087920000508,-22.3185090804297],[31.0086279996825,-22.3184410808912],[31.0084640002135,-22.3183740804994],[31.0081170003993,-22.3182120811226],[31.0079859997541,-22.3181410805464],[31.0078580001467,-22.3180690808234],[31.0077240002624,-22.317994080962],[31.007498999779,-22.3178720807319],[31.0073849999179,-22.3178130807091],[31.00726499978,-22.3177540806863],[31.0071459996882,-22.3176970807556],[31.0068979999428,-22.3175820808483],[31.0067710003814,-22.3175250809177],[31.0066429998746,-22.3174680809871],[31.0064079998294,-22.3173690809183],[31.006301000291,-22.3173250806879],[31.0061929998071,-22.3172790812645],[31.0060840001765,-22.3172290807574],[31.005978999831,-22.3171740809191],[31.00587799967,-22.3171110807118],[31.0057100000166,-22.3169760807814],[31.0056469998092,-22.3168940805973],[31.0055899998786,-22.316808081128],[31.0055289997636,-22.3167180805749],[31.0054580000867,-22.316627080875],[31.0053250002486,-22.3165050806449],[31.0051609998803,-22.3164040804839],[31.0050710002265,-22.3163580810606],[31.0049799996273,-22.3163140808301],[31.0048839996969,-22.3162720806919],[31.0047200002279,-22.3161990809228],[31.0046040002745,-22.3161440810844],[31.0045119996291,-22.3160980807618],[31.0043009997914,-22.3159930804163],[31.0042049998609,-22.3159500811313],[31.0041039996999,-22.3159080809931],[31.004001000346,-22.3158640807627],[31.0038960000005,-22.3158240807167],[31.0037889995627,-22.315786080763],[31.0036809999782,-22.3157490808554],[31.0034979996331,-22.3156960811092],[31.0033849998179,-22.3156750810401],[31.0032689998645,-22.315654080971],[31.0030280004419,-22.3156120808328],[31.0029040001195,-22.3155870805792],[31.0027819998894,-22.3155590810867],[31.0026619997515,-22.3155260804642],[31.0025170002594,-22.3154780809487],[31.002401000306,-22.3154270812947],[31.0022830002603,-22.3153660811797],[31.0021660002607,-22.3152970806957],[31.0020480002151,-22.3152250809727],[31.0018360003312,-22.3150860808579],[31.0017309999857,-22.315015081181],[31.0016249995941,-22.314946080697],[31.0015159999635,-22.3148780811585],[31.0014050002406,-22.3148110807667],[31.0012910003794,-22.3147460804672],[31.0011740003799,-22.3146850812515],[31.0010560003342,-22.3146260812286],[31.0008289997586,-22.3145270811598],[31.0007129998052,-22.3144830809294],[31.000590999575,-22.3144410807912],[31.0004629999675,-22.3144010807453],[31.0003330002678,-22.3143610806993],[31.0002019996226,-22.3143250808378],[30.9999820002691,-22.3142650807688],[30.9998660003157,-22.3142370812762],[30.9997310003854,-22.3142020805615],[30.9995930003167,-22.3141640806078],[30.9994560002942,-22.3141240805618],[30.999272999949,-22.314065080539],[30.9991489996267,-22.3140230804008],[30.9990210000192,-22.3139740808391],[30.9988930004117,-22.3139260804242],[30.9987619997665,-22.3138740807242],[30.9986299999746,-22.3138210809781],[30.9984970001365,-22.3137680812319],[30.9983149998374,-22.3136970806557],[30.9982139996764,-22.313659080702],[30.9980809998384,-22.3136090810942],[30.9979399996313,-22.3135620807254],[30.9978000003697,-22.3135230807255],[30.9976519998399,-22.3134910810485],[30.9975070003479,-22.3134680808872],[30.997287000095,-22.3134590804721],[30.9971459998881,-22.3134760812561],[30.9970029995888,-22.3135060808409],[30.9968580000967,-22.3135520811636],[30.996710999613,-22.3136070810019],[30.9965680002131,-22.3136720804022],[30.9964290000983,-22.3137450810706],[30.9962309999607,-22.3138650812085],[30.9961309998458,-22.3139430812082],[30.9960210001691,-22.3140350809542],[30.9959139997313,-22.3141280807463],[30.9958090002852,-22.3142230806306],[30.9957100002164,-22.3143250808378],[30.9956160003782,-22.314428081091],[30.9954390003097,-22.314681081067],[30.9953780001946,-22.3148030812971],[30.995321000264,-22.3149270807202],[30.9952669995724,-22.315055081227],[30.9952180000108,-22.3151850809267],[30.9951699995959,-22.3153160806725],[30.9951240001725,-22.3154500805567],[30.9950999999651,-22.3155470805333],[30.9950670002419,-22.3156670806712],[30.9950329995733,-22.3157890809013],[30.9949979997579,-22.3159130812237],[30.9949619998964,-22.316039080739],[30.994917999666,-22.3161990809228],[30.994885999989,-22.3163250804381],[30.9948520002197,-22.3164550810371],[30.9948170004043,-22.3165900809675],[30.9947849998279,-22.3167280810361],[30.9947520001048,-22.3168650810586],[30.9947259998051,-22.3170060812656],[30.9946950001742,-22.3172350810342],[30.9946839996669,-22.3173610805494],[30.9946780002895,-22.3174890810562],[30.9946760001973,-22.3176220808943],[30.9946800003818,-22.3177580808707],[30.9946812675265,-22.3177762894442],[30.9946780002895,-22.3178460003925],[30.9946760001973,-22.3179790002307],[30.9946800003818,-22.3181150002071],[30.9946909999897,-22.3182730002987],[30.994704999736,-22.3183910003443],[30.9947259998051,-22.3185309996059],[30.9947489999664,-22.3186699997207],[30.9947700000355,-22.3188089998354],[30.9947910001046,-22.318945999858],[30.9948079999892,-22.3190819998344],[30.994808920895,-22.3190953988336],[30.9948079999892,-22.319108081073],[30.9947849998279,-22.319228081211],[30.9946889998975,-22.3194480805644],[30.99461299999,-22.3195470806332],[30.9945139999212,-22.3196380812324],[30.9943919996911,-22.3197220806095],[30.9942430000145,-22.319795081278],[30.9942009998763,-22.3203080806534],[30.9941500002224,-22.3204170811833],[30.994076999554,-22.3205810806523],[30.9939910000846,-22.3207790807899],[30.9939039996699,-22.3209960809044],[30.9938160001084,-22.3212410805114],[30.99376100027,-22.3214260809488],[30.9937089996707,-22.3216180808097],[30.9936670004318,-22.3217960809243],[30.9936230002014,-22.3219600812927],[30.9935759998326,-22.3221100810154],[30.9935179998558,-22.3222500811763],[30.9933449999718,-22.3224960808294],[30.9932229997417,-22.3226080805984],[30.993082000434,-22.3227110808517],[30.9929289996737,-22.3228050806899],[30.9927630001124,-22.3229000805742],[30.9925930003668,-22.3229880810351],[30.9923699999755,-22.3231000808041],[30.9922059996072,-22.3231780808038],[30.9920440002305,-22.3232620810802],[30.9918819999544,-22.3233480805494],[30.9917179995861,-22.323434080918],[30.991554000117,-22.3235180811944],[30.9913879996565,-22.3235940811019],[30.9911840001416,-22.3236720811016],[30.9910159995887,-22.3237140812398],[30.9908399995664,-22.3237490810552],[30.9906590002128,-22.3237810807323],[30.9904739997753,-22.3238100811703],[30.990287000145,-22.3238350805245],[30.9900970003763,-22.3238610808242],[30.9898430003543,-22.3238990807779],[30.9896729997092,-22.3239170807087],[30.9894839999866,-22.323949081285],[30.989294000218,-22.3239850811465],[30.9891069996883,-22.3240310805698],[30.9889220001502,-22.3240880805005],[30.9886789997361,-22.3241840804309],[30.9885360003362,-22.3242600812377],[30.9883780002446,-22.3243570812143],[30.9882220002452,-22.3244660808449],[30.9880650001996,-22.3245800807061],[30.987907000108,-22.3246990807979],[30.987584999648,-22.3249370809814],[30.9874359999715,-22.3250420804276],[30.9872759997876,-22.3251430805886],[30.9871100002264,-22.325238080473],[30.9869380003885,-22.3253340804034],[30.98676100032,-22.3254250810027],[30.9865850002976,-22.3255170807486],[30.9863090001603,-22.3256640812323],[30.9861560002992,-22.3257500807016],[30.9859980002076,-22.3258410804015],[30.9858369999776,-22.325935081139],[30.9856749997015,-22.3260320811156],[30.9855130003248,-22.3261310811844],[30.9853510000486,-22.3262340805383],[30.9850970000266,-22.3264000809989],[30.9849830001654,-22.3264760809064],[30.984848000235,-22.3265660805601],[30.9847100001664,-22.3266590812515],[30.9845689999594,-22.3267530810898],[30.984423999568,-22.3268460808819],[30.9842749998914,-22.3269380806279],[30.9841209999842,-22.3270260810887],[30.9839340003539,-22.3271250811575],[30.9838100000316,-22.3271880804655],[30.9836610003549,-22.3272560809033],[30.9835070004478,-22.3273140808801],[30.9833500004023,-22.3273610812489],[30.9831920003106,-22.3273880806953],[30.9830009995965,-22.3273880806953],[30.9828679997584,-22.3273540809261],[30.982731999782,-22.3273040804189],[30.9825949997595,-22.3272430812032],[30.9823340003139,-22.3271130806041],[30.9822330001529,-22.327060080858],[30.9821089998305,-22.3270030809274],[30.981981000223,-22.3269490811351],[30.9818490004311,-22.3269020807664],[30.9817159996937,-22.3268620807204],[30.9815799997173,-22.3268230807205],[30.9814089999255,-22.326778080444],[30.9812940000181,-22.3267450807209],[30.9811610001801,-22.3267110809516],[30.9810250002037,-22.3266750810901],[30.9808839999966,-22.326646080652],[30.9807429997896,-22.326614080975],[30.9805980002975,-22.326585080537],[30.9803390000449,-22.3265350809292],[30.9802220000453,-22.3265160809523],[30.9800809998383,-22.326493080791],[30.9799380004384,-22.3264710806758],[30.9797909999547,-22.3264480805145],[30.9796420002781,-22.3264250812525],[30.9794919996561,-22.3264020810912],[30.9791849998879,-22.3263600809529],[30.9790400003957,-22.3263430810683],[30.9788929999121,-22.3263260811837],[30.9787420001433,-22.3263080812529],[30.9785880002361,-22.3262890812761],[30.9784330002828,-22.3262720804921],[30.9781150000073,-22.3262420809073],[30.977968000423,-22.3262320804461],[30.9778169997548,-22.3262190807459],[30.977665999986,-22.3262020808613],[30.9775160002633,-22.3261770806078],[30.9772240002874,-22.3260990806081],[30.977088000311,-22.3260390805391],[30.9769549995736,-22.3259670808161],[30.9768209996894,-22.3258870807242],[30.9766879998514,-22.3257990811627],[30.9765560000594,-22.3257080805634],[30.9762969998067,-22.3255210809331],[30.976167000107,-22.3254290811871],[30.9760409996924,-22.3253410807263],[30.9759140001311,-22.3252540812109],[30.9757879997165,-22.32516608075],[30.9756620002012,-22.3250800812807],[30.9755050001557,-22.3249730808429],[30.9754120003636,-22.3249100806357],[30.975285999949,-22.3248260812586],[30.9751600004337,-22.3247410809361],[30.9750340000191,-22.3246570806597],[30.9749079996046,-22.3245690810982],[30.9747810000432,-22.3244830807295],[30.9746530004357,-22.3243930810758],[30.9745229998366,-22.3243040805688],[30.9743930001369,-22.3242100807306],[30.9740959999305,-22.3239740806393],[30.9740250002536,-22.3238710812854],[30.9738359996317,-22.3235900809175],[30.9737540003469,-22.3234590811716],[30.973685999909,-22.3233410811259],[30.9736229997017,-22.3232360807805],[30.9735659997711,-22.3231350806194],[30.9734380001636,-22.3229440808046],[30.9733650003945,-22.3228470808281],[30.9732050002107,-22.3226440804599],[30.9731209999342,-22.3225380809676],[30.9729760004421,-22.3223490812451],[30.9728940002579,-22.3222320812455],[30.9728160002583,-22.3221080809231],[30.972742000443,-22.3219770811773],[30.9726709998668,-22.3218410812009],[30.9726040003744,-22.3217020810861],[30.9725430002593,-22.3215590807869],[30.9724329996832,-22.3212500809265],[30.9723910004444,-22.3210980811115],[30.9723510003984,-22.3209370808816],[30.9723199998681,-22.320771080421],[30.9722910003294,-22.3206020807214],[30.9722690002142,-22.3204300808835],[30.9722587209632,-22.3203023249923],[30.9722589997531,-22.3202990001987],[30.97227799973,-22.3201169998996],[30.9722969997068,-22.3199310003154],[30.9723120003986,-22.3197439997857],[30.9723179997759,-22.3195550000631],[30.9723122737925,-22.3193784487564],[30.9723179997759,-22.3191980807268],[30.9723120003986,-22.3190130811887],[30.9722720003526,-22.3187630804517],[30.9722300002144,-22.3186430812132],[30.9721520002147,-22.3184790808448],[30.9720530001459,-22.3183150804766],[30.971942000423,-22.3181490809153],[30.9718259995703,-22.3179810812618],[30.971711999709,-22.3178110806168],[30.971567000217,-22.3175610807792],[30.9714959996407,-22.3173930811258],[30.971435000425,-22.3171990811726],[30.9713839998718,-22.3169970808506],[30.9713360003562,-22.3167930804362],[30.9712809996185,-22.3165890809213],[30.9711259996652,-22.3162090804846],[30.9710139998962,-22.316039080739],[30.970880000012,-22.3158810806473],[30.9707290002432,-22.3157320809707],[30.9705629997827,-22.3155930808559],[30.9703859997141,-22.3154590809718],[30.9700100003613,-22.315208081088],[30.9696289998785,-22.3149600804433],[30.9694440003404,-22.3148340809281],[30.9692660002258,-22.3147040812283],[30.9690999997652,-22.3145710804909],[30.9688980003425,-22.3143700811143],[30.9677420000933,-22.3136440809096],[30.9673130000949,-22.31331408098],[30.9671440003954,-22.3131380809576],[30.9669969999117,-22.3129650810736],[30.9668650001197,-22.3127950804286],[30.9667449999818,-22.3126350811441],[30.9666249998439,-22.3124900807526],[30.9664970002364,-22.3123640812373],[30.9663289996836,-22.3122470812378],[30.9661939997533,-22.3121880812149],[30.9660110003075,-22.3121390807539],[30.9658079999393,-22.3121120804082],[30.9655950000093,-22.3121010808002],[30.9653700004253,-22.3121020808463],[30.9651389996652,-22.3121120804082],[30.9646680004279,-22.3121350805695],[30.9644369996678,-22.3121390807539],[30.964214000176,-22.3121310812843],[30.9640000001999,-22.312108081123],[30.9637999999701,-22.3120660809848],[30.9636189997171,-22.3119990805931],[30.9632430003642,-22.3119820807084],[30.9628559996048,-22.3119880809851],[30.962461000275,-22.3120150804316],[30.9620619998615,-22.312059080662],[30.9615549998634,-22.3121370806617],[30.9611829997957,-22.3122260811687],[30.9608050003505,-22.3123180809147],[30.9604239998678,-22.3124110807067],[30.9600390000998,-22.312505080545],[30.9596530002858,-22.3125980812364],[30.9592640003334,-22.3126900809824],[30.9588599996893,-22.3127850808667],[30.9586229995518,-22.3128500811663],[30.9582419999684,-22.3129440810045],[30.9578469997393,-22.3130350807044],[30.9574429999945,-22.313121081073],[30.9570350000653,-22.3132050804501],[30.9566209998593,-22.3132870806342],[30.9562089997456,-22.3133710809106],[30.9557660000009,-22.3134620806105],[30.9554000002099,-22.3135410806563],[30.9550219998654,-22.313628081071],[30.9546370000975,-22.3137180807248],[30.9545210001441,-22.3137710804709],[30.954398999914,-22.3138270812548],[30.9542540004218,-22.3138900805627],[30.9539499998926,-22.3140060805162],[30.9538170000546,-22.3140460805622],[30.9536929997322,-22.3140800812307],[30.9535779998249,-22.3141090807694],[30.9534720003326,-22.3141380812074],[30.9532659998261,-22.3142160812071],[30.9531629995728,-22.314267080861],[30.9530600002189,-22.3143260808839],[30.9529569999656,-22.3143910811834],[30.9528539997124,-22.3144600807681],[30.9527490002662,-22.314529081252],[30.9525680000132,-22.3146450812055],[30.9524679998983,-22.3147020811361],[30.9523649996451,-22.3147560809284],[30.9522570000606,-22.3148110807667],[30.9521440002455,-22.3148620804207],[30.952028000292,-22.3149100808355],[30.9519100002464,-22.3149560811582],[30.9517890000624,-22.3150000804893],[30.9515659996712,-22.3150760812961],[30.9514669996024,-22.315107080927],[30.9513579999718,-22.3151390806041],[30.9512460002028,-22.3151680810421],[30.9511290002032,-22.3151940804424],[30.9510130002498,-22.3152170806038],[30.9508950002041,-22.3152320812954],[30.9506559999745,-22.3152400807651],[30.9505359998366,-22.3152290811571],[30.9504199998831,-22.3152100811803],[30.9503049999758,-22.31517908065],[30.9501950002991,-22.3151410806963],[30.9500879998614,-22.3150930811807],[30.9499770001385,-22.3150300809734],[30.949891999816,-22.3149710809506],[30.9498060003467,-22.3148990812276],[30.949728000347,-22.3148170810434],[30.949658999863,-22.3147250812974],[30.9493019995876,-22.3146370808366],[30.9489379998888,-22.3145320804911],[30.9485679999133,-22.3144220808143],[30.9480339995695,-22.3142710810455],[30.9477099999166,-22.3141870807691],[30.9473510004483,-22.3141150810461],[30.946984999758,-22.3140560810233],[30.946610999598,-22.3140060805162],[30.9462330001529,-22.3139600810928],[30.9458559998546,-22.3139110806318],[30.9454209995795,-22.3138440811394],[30.9452529999261,-22.3138100804708],[30.9449359996967,-22.3137370807017],[30.9446160002283,-22.3136550805175],[30.9442899995839,-22.3135600806332],[30.9439639998388,-22.3134510810025],[30.9436390001398,-22.3133310808646],[30.9431429997497,-22.3131170808885],[30.9429659996812,-22.3130280812809],[30.9426799999821,-22.3128770806127],[30.9423960003751,-22.3127090809593],[30.9421190001918,-22.3125260806141],[30.9418519995702,-22.3123290805226],[30.9416019997325,-22.3121160805926],[30.941372999964,-22.3118870808241],[30.9410359997117,-22.3114370807566],[30.9409540004268,-22.311259080642],[30.9408530002658,-22.3109870806892],[30.9407629997127,-22.3107020810361],[30.9406810004279,-22.3104130811987],[30.9405230003363,-22.3098440810394],[30.940491999806,-22.3097200807171],[30.9404159998985,-22.3094610804645],[30.9403260002448,-22.309201081065],[30.9402229999915,-22.3089440809046],[30.9401130003147,-22.308686080698],[30.9398740000851,-22.3081790807],[30.9397830003852,-22.3079790804702],[30.9396699996708,-22.3077480806094],[30.9395539997174,-22.3075130805641],[30.9394300002943,-22.3072770804728],[30.9392999996953,-22.3070380811425],[30.9391669998572,-22.3068000809589],[30.9390249996041,-22.3065650809137],[30.9388650003195,-22.3063100808455],[30.9388040002045,-22.3062240804769],[30.9386520003895,-22.306012080593],[30.9384930002518,-22.3057950804786],[30.9383309999757,-22.3055720809867],[30.9381709997918,-22.3053470805033],[30.9379949997695,-22.3050870811039],[30.9379209999543,-22.3049770805278],[30.9377700001854,-22.304746080667],[30.9376219996556,-22.3045040811983],[30.9374800003018,-22.3042540804614],[30.9373370000026,-22.3039980812464],[30.9371919996112,-22.3037390809938],[30.9370490002112,-22.3034770806028],[30.9368819997046,-22.3031780812034],[30.9367520000048,-22.302941081066],[30.9365990001438,-22.3026780806289],[30.9364329996832,-22.3024150810911],[30.9362520003296,-22.3021580809307],[30.9358479996855,-22.3016940811169],[30.9356230001014,-22.3015110807717],[30.9353710001716,-22.301341081026],[30.9351000002649,-22.3011870811188],[30.9348100003813,-22.3010440808196],[30.9345049998059,-22.3009120810277],[30.9341879995766,-22.3007900807975],[30.9338619998315,-22.3006790810747],[30.9335059996022,-22.3005690804986],[30.9332040000646,-22.3004810809371],[30.932874000135,-22.3003970806607],[30.9325440002055,-22.3003230808455],[30.9322160003682,-22.3002650808688],[30.9318899997238,-22.3002220806844],[30.9315680001631,-22.3001990805231],[30.9312469997493,-22.300195081238],[30.9306219997056,-22.3002620807304],[30.9303159999835,-22.3003340804534],[30.9300189997771,-22.3004370807067],[30.9297269998012,-22.3005730806831],[30.9294430001943,-22.300742081282],[30.9291680001032,-22.3009500809814],[30.9260900002533,-22.3005480804295],[30.9239400000311,-22.3008470807282],[30.9218669997623,-22.3011010807503],[30.9194770001635,-22.3008830805896],[30.9167819999894,-22.3009200804973],[30.9144870002749,-22.299548081079],[30.9136100003013,-22.2984400812447],[30.9123889997526,-22.2973820810182],[30.9104549995986,-22.2962620806305],[30.9081260001149,-22.2950340806582],[30.9063409996375,-22.2942210809381],[30.9044830002903,-22.2941700812842],[30.9018819999544,-22.2950050811195],[30.8997929998471,-22.295285080542],[30.8976869998552,-22.2956310812094],[30.8953299999796,-22.297248081134],[30.8942620001912,-22.2986210805984],[30.8925529996213,-22.2992200812417],[30.8904360000215,-22.3003130812836],[30.8888030002583,-22.3019780807238],[30.8870230000115,-22.3037770809475],[30.8847729996742,-22.3035520804641],[30.8827639996589,-22.3031090807195],[30.8810970001265,-22.302201081115],[30.8794990001788,-22.3013850812565],[30.8779899998387,-22.300794080982],[30.8748560001044,-22.2995940805023],[30.8724400002059,-22.2982110805768],[30.8712249999339,-22.2975860805332],[30.8704769996139,-22.2972370806267],[30.8691549998035,-22.2967900806976],[30.8676660003857,-22.2964980807218],[30.8663400003908,-22.296235081184],[30.8649170004193,-22.296033080862],[30.8635080001941,-22.2959780810236],[30.8623479997605,-22.295961081139],[30.8608829996508,-22.2958980809316],[30.859597999748,-22.2964830809294],[30.8587409997974,-22.2964970806757],[30.8573719996181,-22.2965940806522],[30.856082000384,-22.2964340804684],[30.854371999768,-22.2963250808378],[30.8522809995685,-22.2963780805839],[30.8518040000546,-22.2965190807909],[30.8515009995715,-22.2963480809991],[30.8496739998553,-22.2960810812768],[30.8485940004128,-22.2950390808888],[30.8480030001384,-22.2939120810776],[30.84693500035,-22.2928380810126],[30.846195000399,-22.2921380811075],[30.8452619996416,-22.291598080487],[30.843988000246,-22.2910360806506],[30.8423340004138,-22.2907630806516],[30.8410220001653,-22.2906330809519],[30.839491999756,-22.2905070805373],[30.8382259998301,-22.2904140807452],[30.8369040000196,-22.2903700805148],[30.8352449999568,-22.2903490804457],[30.8332820002641,-22.2904620811601],[30.8313690001793,-22.2915470808331],[30.8306920004355,-22.2923370812912],[30.8297900002084,-22.2929760810812],[30.8281799997073,-22.2931610806193],[30.8270950000343,-22.2926820810132],[30.8261220001302,-22.292447080968],[30.8249890000424,-22.292358080461],[30.823141000257,-22.2925010807603],[30.8221640001685,-22.2926250810826],[30.8212710003564,-22.2927890805516],[30.8197630000624,-22.2929640805278],[30.8186510000436,-22.2930770812422],[30.817134000234,-22.2934300804338],[30.8157340004238,-22.2936340808481],[30.8137109997629,-22.2940110811465],[30.8121469995844,-22.2945320808908],[30.8107390003047,-22.295495081233],[30.8098709998468,-22.2963190805611],[30.8085229997367,-22.2972790807649],[30.807167000157,-22.2976850806019],[30.8052059996572,-22.2977710809706],[30.8037580003315,-22.2976390811786],[30.8019729998541,-22.2977400804403],[30.8007409996974,-22.2980170806237],[30.7984120002137,-22.298152080554],[30.7960720002227,-22.2983350808992],[30.7936639997938,-22.2988670811508],[30.7916670003319,-22.29957908071],[30.7893139997414,-22.3001970804308],[30.7868209998893,-22.3007580811205],[30.7840630004072,-22.3014560809333],[30.7816580001166,-22.3021900806077],[30.7794679998484,-22.3025330811367],[30.7777840004313,-22.3028630810663],[30.7756059998171,-22.3031610804195],[30.7731829995958,-22.3033820807184],[30.7713260002947,-22.3034010806953],[30.768928000327,-22.3033690810182],[30.76654800029,-22.303367080926],[30.7644859996292,-22.3033900810873],[30.7623310000756,-22.3036050811095],[30.7604669995524,-22.3038590811317],[30.758770999582,-22.3043640810375],[30.7565460003976,-22.3056160812171],[30.7539100002464,-22.3070500807966],[30.7508520004195,-22.3068170808436],[30.7507449999818,-22.3068040811434],[30.7504669997523,-22.3067750807054],[30.7500759997077,-22.3067410809361],[30.7492939996184,-22.3067010808902],[30.74918700008,-22.3066990807979],[30.7487850004275,-22.3067100804058],[30.7484219998755,-22.3067390808438],[30.7480899998537,-22.3067830810743],[30.7477809999932,-22.3068380809127],[30.747485999879,-22.3068990810277],[30.7472000001799,-22.3069640804279],[30.7466160002283,-22.3070770811423],[30.7463070003678,-22.3071200804273],[30.7459880000462,-22.307155081142],[30.7456600002089,-22.3071800804963],[30.7453250000488,-22.3072010805654],[30.7449889998425,-22.3072140811649],[30.7443649998449,-22.3072270808651],[30.7440050003306,-22.3072270808651],[30.7436789996862,-22.3072230806806],[30.7433449995721,-22.3072200805423],[30.7430070001729,-22.30721808045],[30.7426659997362,-22.30721808045],[30.7423220000603,-22.3072250807728],[30.7419520000848,-22.3072390805191],[30.7418000002698,-22.3072480809341],[30.7414890003172,-22.30727508128],[30.7411699999956,-22.307307080957],[30.7408440002505,-22.3073470810029],[30.7405160004132,-22.3073890811411],[30.7401840003914,-22.3074310812793],[30.7398490002312,-22.3074730805182],[30.7393970000716,-22.3075230810254],[30.7392040001645,-22.30754008091],[30.7388890000274,-22.3075630810713],[30.7385650003745,-22.3075820810482],[30.7382369996379,-22.3076010810251],[30.7376630001474,-22.3076390809787],[30.7374819998944,-22.3076550808173],[30.737173000034,-22.3076870804943],[30.7368599999891,-22.3077250804481],[30.7365409996675,-22.3077650804941],[30.7362170000146,-22.3078070806322],[30.7358910002695,-22.3078490807704],[30.7351949996496,-22.3079290808623],[30.7349089999504,-22.307958080401],[30.7346149998824,-22.3079830806546],[30.7343120002986,-22.3080040807237],[30.7340059996772,-22.3080250807928],[30.7336969998167,-22.3080400805852],[30.7333849998179,-22.3080530811847],[30.7330600001189,-22.3080630807465],[30.7328470001889,-22.3080650808388],[30.7325320000518,-22.3080650808388],[30.7322119996841,-22.3080680809771],[30.7318849998929,-22.3080740812538],[30.7315549999633,-22.3080820807234],[30.7312239999877,-22.3080970805158],[30.7306860003587,-22.3081430808385],[30.730375000406,-22.3081850809767],[30.7300539999922,-22.3082380807228],[30.7297280002471,-22.3083030810223],[30.7294019996027,-22.3083770808376],[30.728887000135,-22.3085110807218],[30.7286639997438,-22.3085800812057],[30.7283489996067,-22.3086810804675],[30.7280290001383,-22.3087860808129],[30.7277049995861,-22.3088960804897],[30.7273759997027,-22.3090110812963],[30.727044999727,-22.3091290804427],[30.7265239999826,-22.309322081249],[30.7262029995688,-22.3094490808104],[30.7258729996393,-22.3095790805101],[30.7255360002862,-22.3097130812936],[30.725190999665,-22.309848081224],[30.7248419997586,-22.3099850812465],[30.724085999969,-22.3102960811992],[30.7237450004314,-22.310447080968],[30.7233920003406,-22.3106050810596],[30.723032999973,-22.3107670804364],[30.7226710003664,-22.3109350809892],[30.7223049996761,-22.3111050807348],[30.7216910001396,-22.3114020809413],[30.7213509997489,-22.3115760808714],[30.7209999997502,-22.3117550810321],[30.7206420003281,-22.3119400805702],[30.720278999776,-22.3121290811921],[30.7199109998928,-22.3123240811913],[30.7195430000095,-22.3125200812367],[30.7189499996428,-22.3128410807512],[30.718767000197,-22.312951080428],[30.7184289998985,-22.3131480805195],[30.7180840001765,-22.313346080657],[30.7177269999012,-22.3135410806563],[30.7173610001101,-22.313731080425],[30.7169890000424,-22.3139090805396],[30.7163599998142,-22.3141570811843],[30.7162029997687,-22.3142040806538],[30.7158430002543,-22.3142960803997],[30.7154670000021,-22.3143740803994],[30.7150780000497,-22.3144450809757],[30.7146829998206,-22.3145100812752],[30.7142810001681,-22.3145740806293],[30.7138819997546,-22.314641081021],[30.7134339997793,-22.3147270804903],[30.713155000403,-22.3147800811358],[30.7128099997817,-22.3148590811816],[30.7124589997831,-22.3149540810659],[30.7121039995999,-22.315055081227],[30.7117480002701,-22.3151660809498],[30.7110549997885,-22.3153870812487],[30.7109139995815,-22.3154330806721],[30.7105920000208,-22.3155380810176],[30.710259999999,-22.3156440805099],[30.7099199996084,-22.3157440806248],[30.7095749998864,-22.3158330811318],[30.7089269996813,-22.3159570805548],[30.7085890002822,-22.3159900811772],[30.7082360001913,-22.3160010807852],[30.7078719995932,-22.315999080693],[30.7075039997098,-22.3159860809928],[30.7071300004492,-22.3159650809237],[30.7067200004277,-22.3159360804857],[30.7064010001061,-22.3159000806242],[30.7060710001766,-22.3158680809471],[30.7057339999242,-22.3158370804169],[30.7053920003406,-22.3158080808782],[30.7050469997193,-22.3157800804863],[30.7046999999051,-22.3157530810398],[30.704313000045,-22.3157230805557],[30.7040099995619,-22.3156980812015],[30.703665999886,-22.3156690807634],[30.7033270004408,-22.3156390811786],[30.7029870000501,-22.3156080806484],[30.7026499997977,-22.3155740808791],[30.7023120003985,-22.3155380810176],[30.7019760001923,-22.3154980809716],[30.7016410000322,-22.3154560808334],[30.7009769999886,-22.3153580808107],[30.7006429998746,-22.3153030809724],[30.7003109998528,-22.3152420808573],[30.699978999831,-22.3151750804656],[30.6996469998093,-22.3151050808348],[30.6993060002717,-22.3150230806506],[30.6990809997884,-22.3149750811351],[30.6982989996991,-22.3148110807667],[30.6981730001839,-22.3147860805132],[30.6977549997935,-22.3147060804212],[30.6973780003945,-22.3146370808366],[30.6970339998193,-22.3145760807215],[30.6967140003509,-22.3145210808831],[30.6964089997755,-22.314468081137],[30.6961129996153,-22.3144180806299],[30.6956289997786,-22.3143250808378],[30.695511999779,-22.3143020806764],[30.6951959995957,-22.3142330810918],[30.6948679997585,-22.3141590812766],[30.6945319995522,-22.3140800812307],[30.6941920000608,-22.3139980810466],[30.6938470003388,-22.3139160808624],[30.6933319999719,-22.3137960807245],[30.6931949999494,-22.3137660811397],[30.6928480001351,-22.3136870810939],[30.6924889997676,-22.3136110811864],[30.6921250000688,-22.3135370804719],[30.691753000001,-22.3134620806105],[30.6913769997488,-22.3133920809797],[30.6910010003959,-22.3133210804035],[30.690537999729,-22.3132370810264],[30.6902689999145,-22.3131920807499],[30.689920000008,-22.3131320806809],[30.6895629997327,-22.3130730806581],[30.6891990000339,-22.3130140806352],[30.6884590000828,-22.31288808112],[30.6877590001778,-22.3127660808899],[30.6876580000167,-22.312747080913],[30.687295000364,-22.3126770812822],[30.6869220002501,-22.312606080706],[30.6865419998135,-22.3125300807985],[30.6861549999533,-22.3124570810294],[30.6854780002096,-22.3123370808916],[30.6852980000028,-22.3123080804535],[30.6849340003039,-22.3122570807996],[30.684560000144,-22.312209081284],[30.6841789996612,-22.3121620809152],[30.6837939998932,-22.3121140805004],[30.6834039998947,-22.3120640808926],[30.6830060004266,-22.3120110811464],[30.6828610000352,-22.3119900810773],[30.6825019996676,-22.3119370804319],[30.6821339997843,-22.3118740811239],[30.6817580004314,-22.3118110809166],[30.6813769999487,-22.3117380811475],[30.6809920001807,-22.3116600811478],[30.6806079995596,-22.3115800810559],[30.6800610004149,-22.3114560807335],[30.6797179998858,-22.3113720804571],[30.6793489999565,-22.3112770805728],[30.6789739997503,-22.3111810806423],[30.6785920001208,-22.3110840806658],[30.6782050002606,-22.3109870806892],[30.6773660002408,-22.3107900805977],[30.6769819996196,-22.3107080804135],[30.6765860002438,-22.3106300804138],[30.6761760002223,-22.3105560805986],[30.6757640001086,-22.3104850809217],[30.6753459997182,-22.3104160804377],[30.6746190003667,-22.3103080808532],[30.6744820003441,-22.3102890808763],[30.6740949995846,-22.3102370811763],[30.6736939999782,-22.3101840805309],[30.6732860000489,-22.3101280806463],[30.6728739999352,-22.3100690806235],[30.6724599997293,-22.3100040812233],[30.6720230002613,-22.3099280804165],[30.6717850000778,-22.3098820809932],[30.6714000003098,-22.309800080809],[30.671007000173,-22.3097130812936],[30.6706059996672,-22.3096210806483],[30.6701979997379,-22.3095290809023],[30.6697879997164,-22.3094420804876],[30.6693740004098,-22.309362081295],[30.6688189999969,-22.3092720807419],[30.6685120002287,-22.3092400810648],[30.6680850003226,-22.3092070804424],[30.6676419996786,-22.3091840811804],[30.6671900004183,-22.3091690804886],[30.6667319999819,-22.3091540806962],[30.6659879998464,-22.3091250811575],[30.6656620001013,-22.3091040810884],[30.6652120000338,-22.3090660811347],[30.6647539995975,-22.3090260810887],[30.6642869996454,-22.3089900812272],[30.6638160004081,-22.3089630808814],[30.6631120003186,-22.3089610807892],[30.6626620002511,-22.3089970806507],[30.6621989995842,-22.3090580807658],[30.6617290003931,-22.3091440811344],[30.6612560001643,-22.3092550808573],[30.6607850000278,-22.3093920808798],[30.6603220002602,-22.3095520810637],[30.6598700001005,-22.309739080694],[30.6592819999644,-22.3100350808543],[30.6588760001274,-22.310315081176],[30.6584720003826,-22.310620080852],[30.6580669996923,-22.3109410812659],[30.6576629999476,-22.3112730812877],[30.6568710002965,-22.31192708087],[30.6565990003436,-22.3121650810536],[30.6562230000914,-22.3124690806835],[30.6558320000468,-22.3127680809821],[30.6554310004404,-22.3130640811424],[30.655024999704,-22.3133590812565],[30.654618999867,-22.313659080702],[30.6539260002847,-22.3141990804232],[30.6538270002159,-22.3142810806073],[30.6534499999176,-22.3146050811595],[30.6530850001727,-22.3149410804664],[30.652734000174,-22.3152840809955],[30.6523929997372,-22.3156370810864],[30.6520609997154,-22.3159950805085],[30.6517390001548,-22.316362081245],[30.6514240000176,-22.3167350804595],[30.6508139997663,-22.3174930812407],[30.6505160004131,-22.3178780810086],[30.6502220003451,-22.3182650808687],[30.6499290003231,-22.3186540808211],[30.6496409996325,-22.3190430807735],[30.6495239996329,-22.3191830809344],[30.6493489996566,-22.3193960808644],[30.6491260001648,-22.3196690808633],[30.6488720001427,-22.3199820809083],[30.648601000236,-22.3203210812529],[30.6483260001448,-22.3206700811593],[30.6479659997311,-22.321145080581],[30.6478289997086,-22.3213340812028],[30.647618999917,-22.3216280812709],[30.6474260000099,-22.3219020804166],[30.6472469998492,-22.3221600806232],[30.6470679996885,-22.3224040810835],[30.6466880001511,-22.3228710810355],[30.6464720000828,-22.3231020808962],[30.6462440003604,-22.3233350808492],[30.6460070002229,-22.32356608071],[30.6457629997627,-22.3237980806169],[30.6455170001095,-22.3240310805698],[30.6451850000877,-22.3243510809376],[30.6450360004112,-22.3244960804297],[30.6448150001122,-22.3247180807747],[30.6445959999055,-22.3249520807739],[30.644377999745,-22.3251930810958],[30.6439780001846,-22.3256680805175],[30.6439170000696,-22.3257480806094],[30.6437220000703,-22.3260050807698],[30.6435290001633,-22.3262740805843],[30.6433330001179,-22.3265490806755],[30.6431309997959,-22.326827080905],[30.6429250001887,-22.3271060811807],[30.6427110002126,-22.3273800812257],[30.6423469996144,-22.3278020809013],[30.6421310004454,-22.3280100806007],[30.6418809997084,-22.3282310808996],[30.6416160000784,-22.3284520811985],[30.6413420000333,-22.3286720805521],[30.6410649998499,-22.3288990811276],[30.6407899997587,-22.3291290809423],[30.6404720003825,-22.3294190808259],[30.6403229998066,-22.3295680805025],[30.6400919999459,-22.329826080709],[30.6398620001312,-22.3300960805696],[30.639637999694,-22.3303750808453],[30.6394079998793,-22.3306590804522],[30.6391729998341,-22.3309390807739],[30.6389290002732,-22.3312120807728],[30.6385869997903,-22.3315480809791],[30.6383240002524,-22.331760080863],[30.638037999654,-22.3319640812773],[30.637732999978,-22.3321580812304],[30.6374159997487,-22.332347080953],[30.6370879999113,-22.332528081206],[30.6367889996127,-22.3326870804444],[30.6365710003514,-22.3327970810204],[30.6362619995917,-22.332946080697],[30.6359480003999,-22.3330990805581],[30.6356229998016,-22.3332470810879],[30.6352949999643,-22.3333940806722],[30.6349619998964,-22.333533080787],[30.6344709997369,-22.3337150810861],[30.6343680003829,-22.3337450806709],[30.6340669999921,-22.3338310810395],[30.6337560000394,-22.3339090810392],[30.6334379997639,-22.3339840809006],[30.6331130000649,-22.334048081154],[30.6327850002276,-22.3341060811307],[30.6324530002058,-22.3341510805079],[30.6318949996545,-22.3341990809228],[30.6316500000475,-22.3341990809228],[30.6313489996567,-22.3341930806461],[30.631037999704,-22.3341840811304],[30.630724999659,-22.3341690804387],[30.6304090003751,-22.3341510805079],[30.6300900000535,-22.334132080531],[30.6296529996862,-22.3341040810385],[30.6295179997559,-22.3340900812922],[30.6292320000568,-22.3340660810847],[30.628940000081,-22.334048081154],[30.6286429998746,-22.3340350805545],[30.6283410003369,-22.3340290811771],[30.6278639999237,-22.3340350805545],[30.6277419996936,-22.3340410808312],[30.6274450003865,-22.3340580807158],[30.6271510003185,-22.3340810808771],[30.6268570002504,-22.334108081223],[30.6265640002285,-22.3341360807155],[30.6259820003691,-22.3341910805539],[30.6256900003933,-22.3342140807152],[30.6253639997489,-22.3342330806921],[30.6238039997548,-22.3329820805585],[30.623693000032,-22.3328930809509],[30.6235269995714,-22.33275308079],[30.6233209999642,-22.3325740806293],[30.6230880000113,-22.3323620807454],[30.622843999551,-22.3321280807463],[30.6226040001745,-22.3318800810009],[30.6221920000608,-22.3313800804263],[30.622041000292,-22.3311420811421],[30.6219190000618,-22.3309110812813],[30.6218159998086,-22.3306880808902],[30.6217209999243,-22.3304720808218],[30.6215090000404,-22.3300510811924],[30.6213770002484,-22.3298450806859],[30.6212289997186,-22.329642081217],[30.6210650002496,-22.3294440810794],[30.6208890002272,-22.3292480810341],[30.6205760001823,-22.3289310808047],[30.6204600002289,-22.3288300806437],[30.6202789999759,-22.3286720805521],[30.6200900002534,-22.3285130804143],[30.6198970003463,-22.3283490809453],[30.6197069996783,-22.3281810812918],[30.6195179999558,-22.3280100806007],[30.6193349996106,-22.3278320804861],[30.6191629997727,-22.327647080948],[30.6189699998657,-22.3274150810411],[30.6189089997506,-22.3273330808569],[30.6187660003507,-22.3271150806964],[30.6186310004204,-22.3268810806973],[30.6185029999136,-22.3266380811825],[30.6182570002604,-22.3261560805386],[30.6181790002607,-22.3259900809774],[30.6180469995694,-22.3257270805403],[30.6178999999851,-22.3254630809564],[30.617737999709,-22.3252100809804],[30.6175570003554,-22.3249690806585],[30.6170779998499,-22.3245230807755],[30.6168399996663,-22.3243990804531],[30.6165770001285,-22.3242960810992],[30.6162919995762,-22.3242080806384],[30.6159910000847,-22.3241320807309],[30.6156780000397,-22.3240630811462],[30.6153619998565,-22.3239970808006],[30.6150430004342,-22.3239300804088],[30.6146809999283,-22.3238420808473],[30.6144960003901,-22.3238000807091],[30.6141909998149,-22.3237110811015],[30.6138929995623,-22.3236080808482],[30.613594000163,-22.3234910808487],[30.613300000095,-22.3233690806185],[30.6130019998425,-22.3232490804807],[30.6124660003057,-22.3230560805736],[30.6123329995683,-22.3230220808043],[30.612014000146,-22.3229530812197],[30.6116840002165,-22.3228920811046],[30.6113469999642,-22.322835081174],[30.6110030002883,-22.3227780812434],[30.61025199983,-22.3226410812209],[30.6099429999695,-22.3225680805525],[30.6096279998324,-22.3224840811754],[30.609308000364,-22.3223980808068],[30.6089819997196,-22.3223110812913],[30.6083159995837,-22.3221580805309],[30.6080340000691,-22.3221200805772],[30.6077420000933,-22.3220890809463],[30.6074419997485,-22.3220650807389],[30.6071349999803,-22.3220420805775],[30.6068260001198,-22.3220170812233],[30.6065150001672,-22.3219880807853],[30.6062030001684,-22.321954081016],[30.6056420003781,-22.3218550809472],[30.6054090004251,-22.3217960809243],[30.6051209997344,-22.3217040811784],[30.6048289997586,-22.3216010809251],[30.6045339996444,-22.3214870810639],[30.604234000199,-22.3213680809721],[30.6039349999004,-22.3212480808342],[30.6035300001095,-22.3210980811115],[30.6033190002717,-22.3210230812501],[30.603048000365,-22.3209370808816],[30.6027690000893,-22.3208590808819],[30.6024869996754,-22.3207870811588],[30.6021549996536,-22.320708081113],[30.6019150002771,-22.320659080652],[30.6016289996787,-22.3206020807214],[30.6013429999795,-22.3205520811136],[30.6010570002804,-22.3205040806987],[30.6004900002134,-22.3204200804223],[30.600203999615,-22.3203820804686],[30.5999200000081,-22.3203440805149],[30.5996300001245,-22.3203060805611],[30.5993479997105,-22.3202680806074],[30.5987770003583,-22.3201880805154],[30.5984230002213,-22.3201460812766],[30.5982300003143,-22.3201460812766],[30.5979419996236,-22.3201440811844],[30.5975779999248,-22.3201360808154],[30.5971689999494,-22.3201230811153],[30.5967349997205,-22.3201020810462],[30.5960119996541,-22.3200390808389],[30.5958880002311,-22.3200240810465],[30.5955160001633,-22.3199650810236],[30.5951739996804,-22.3198980806318],[30.5948599995893,-22.3198230807705],[30.5945620002362,-22.3197450807708],[30.5942759996377,-22.3196670807711],[30.5939940001231,-22.3195910808636],[30.5935949997095,-22.3194970810254],[30.5934160004481,-22.3194610811639],[30.5931109998728,-22.3194080805184],[30.5927959997356,-22.3193660812796],[30.5924750002212,-22.3193240811414],[30.5921489995767,-22.3192840810954],[30.5918209997394,-22.3192420809572],[30.5914949999943,-22.3191960806346],[30.5911559996497,-22.3191410807962],[30.590924999789,-22.3190970805658],[30.5906180000208,-22.3190300810733],[30.5903029998836,-22.3189560812581],[30.589983999562,-22.31887508112],[30.5896620000013,-22.3187950810281],[30.5892079997494,-22.3186850804521],[30.5889110004424,-22.318612080683],[30.5886019996826,-22.3185420810522],[30.5882870004448,-22.3184770807526],[30.5879680001232,-22.318420080822],[30.5873959998256,-22.3183380806379],[30.5871270000111,-22.3183200807071],[30.5868220003351,-22.3183090810992],[30.586507000198,-22.3183050809147],[30.5855330002478,-22.3183050809147],[30.5852030003182,-22.3183030808225],[30.5848270000661,-22.3182920812145],[30.584634000159,-22.3182820807534],[30.5843159998835,-22.318259080592],[30.5839880000462,-22.318227080915],[30.5836539999322,-22.3181910810535],[30.5833159996337,-22.3181560812381],[30.5829750000962,-22.318126080754],[30.5825290002132,-22.3180990804082],[30.5823190004216,-22.3180970812153],[30.5819640002385,-22.3181030805927],[30.5816019997325,-22.3181240806617],[30.581231999757,-22.3181620806155],[30.5808629998276,-22.3182140812148],[30.5804970000366,-22.3182880810301],[30.5801159995538,-22.3183850810066],[30.5799960003152,-22.3184270811448],[30.5796620002012,-22.3185530806601],[30.579325999995,-22.3186940808671],[30.5789869996503,-22.3188510809126],[30.5786490002512,-22.3190170804738],[30.5783109999527,-22.3191920804501],[30.5778840000466,-22.3194230812102],[30.5775809995635,-22.3196000812787],[30.5772640002335,-22.3197760804018],[30.5769439998658,-22.3199550805625],[30.5766160000284,-22.3201340807232],[30.5762880001911,-22.3203210812529],[30.5759580002616,-22.3205140811599],[30.575385999964,-22.3208740806742],[30.5752229996418,-22.3210020811811],[30.5749159998736,-22.3212480808342],[30.5745999996903,-22.3214980806719],[30.5742739999452,-22.3217420811321],[30.573937999739,-22.3219710809006],[30.5735909999248,-22.3221710811304],[30.5729479999503,-22.3224250811525],[30.5728449996971,-22.3224480804145],[30.5724729996293,-22.3224960808294],[30.5720800003917,-22.3224990809678],[30.5716700003703,-22.3224670812907],[30.5712519999799,-22.3224060811757],[30.5705120000288,-22.3222360805307],[30.5703220002602,-22.3221660808999],[30.5699690001693,-22.3220320810157],[30.5696160000784,-22.3218990811776],[30.5692609998953,-22.3217710806708],[30.5689039996199,-22.3216510805329],[30.5685460001978,-22.3215440809945],[30.568184999738,-22.3214580806259],[30.5678230001314,-22.3213950804186],[30.5673350001102,-22.3213570804648],[30.5670240001575,-22.3213610806493],[30.5666790004356,-22.3213950804186],[30.5663260003447,-22.3214620808104],[30.5659710001616,-22.3215550806024],[30.5656159999785,-22.3216740806942],[30.5649940000731,-22.3219350810391],[30.5647640002584,-22.3220570812692],[30.5644619998215,-22.3222270810149],[30.5641669997073,-22.3224100804608],[30.5638769998237,-22.322602081221],[30.5633580001716,-22.3230160805276],[30.5631559998496,-22.3232280804115],[30.5629530003807,-22.3234470806182],[30.5627510000587,-22.3236740811939],[30.5625489997366,-22.3239030809624],[30.5623450002216,-22.3241360809154],[30.5621389997151,-22.3243670807761],[30.5617729999241,-22.3247650811435],[30.5615729996942,-22.3249810812119],[30.561355000433,-22.3251930810958],[30.5611259997651,-22.3254040809335],[30.5608860003887,-22.3256080804485],[30.5606359996517,-22.3258070806322],[30.5601899997687,-22.3261310811844],[30.5600430001844,-22.3262230809304],[30.5597799997473,-22.3263850812065],[30.559504999656,-22.326545080491],[30.5592250002337,-22.3267070807671],[30.558945999958,-22.3268730812277],[30.5584199999831,-22.3272050812495],[30.5581639998687,-22.3273820804187],[30.5579099998467,-22.327575081225],[30.5576549997785,-22.3277770806477],[30.5574009997564,-22.3279890805316],[30.5571459996882,-22.3282040805538],[30.556888000381,-22.3284220807144],[30.5565599996443,-22.3286890804367],[30.5564699999906,-22.328761081059],[30.5562220002452,-22.328954080966],[30.5559589998081,-22.3291430806886],[30.5556859998091,-22.329328081126],[30.5554020002022,-22.3295050811945],[30.5548069997433,-22.3298200804324],[30.5545460002977,-22.3299300810084],[30.5542239998377,-22.3300470810079],[30.5538860004386,-22.3301500812612],[30.5535389997251,-22.3302380808227],[30.5531820003491,-22.3303080804535],[30.5528219999354,-22.3303600810529],[30.5524570001904,-22.3303940808221],[30.5520450000768,-22.3304050804301],[30.5517760002622,-22.3303960809144],[30.5472219997955,-22.3292690811032],[30.5469829995658,-22.3292110811265],[30.5466319995672,-22.3291240807117],[30.5462010003759,-22.3290130809888],[30.5457280001472,-22.3288890806665],[30.5450379998039,-22.3287040811284],[30.544794000243,-22.3286350806444],[30.5443840002215,-22.3285150805065],[30.5440079999693,-22.3284010806453],[30.5436590000629,-22.3282900809224],[30.5433310002255,-22.3281810812918],[30.5430160000884,-22.3280750809002],[30.5427110004124,-22.3279680804625],[30.5420909997,-22.3277520812935],[30.5417690001393,-22.3276420807174],[30.5414350000253,-22.3275310809946],[30.5410910003494,-22.3274170811333],[30.540742000443,-22.3273080806034],[30.5403900003982,-22.3271970808805],[30.5400330001229,-22.3270900804428],[30.5393019996876,-22.3268880810201],[30.5389759999425,-22.3268040807437],[30.5386369995979,-22.3267220805595],[30.5382909998298,-22.3266420804676],[30.5379389997851,-22.3265640804679],[30.5375859996942,-22.3264880805604],[30.5369679999733,-22.3263600809529],[30.5367580001816,-22.3263200809069],[30.5364569997907,-22.3262610808841],[30.5361550002531,-22.3262020808613],[30.5358460003927,-22.3261410807463],[30.53553500044,-22.3260780805389],[30.5350430002343,-22.3259730810928],[30.5349290003731,-22.325946080747],[30.534665999936,-22.3258850806319],[30.5343950000293,-22.3258220804246],[30.5341199999381,-22.3257590811167],[30.5338419997086,-22.3257000810938],[30.5335590001478,-22.3256450812555],[30.5331720002876,-22.3255840811404],[30.5183840000216,-22.3218810812468],[30.5181710000916,-22.3218320807858],[30.5179570001155,-22.3217840812703],[30.5176830000705,-22.3217310806248],[30.5174629998177,-22.3216950807633],[30.5172360001413,-22.3216600809479],[30.5170040002345,-22.3216280812709],[30.5167690001892,-22.3215950806484],[30.5165289999135,-22.3215630809714],[30.5162879995916,-22.3215290812021],[30.5159559995698,-22.3214830808794],[30.5157259997551,-22.3214470810179],[30.5154909997099,-22.3214120812025],[30.5152510003335,-22.3213740812488],[30.5150069998732,-22.321338080488],[30.5145719995982,-22.3212840806957],[30.5144320003366,-22.32127508118],[30.5141899999686,-22.3212630806266],[30.5139380000387,-22.3212580812954],[30.5136829999705,-22.3212560812032],[30.5134229996718,-22.3212600804883],[30.5131620002262,-22.3212630806266],[30.5128969996968,-22.3212690809033],[30.5125269997213,-22.32127508118],[30.5123440002754,-22.3212810805574],[30.5120900002534,-22.321286080788],[30.5118289999085,-22.321286080788],[30.5115620001862,-22.3212810805574],[30.5112930003717,-22.3212690809033],[30.5108729998891,-22.3212370812263],[30.5106080002591,-22.3212020805116],[30.5103350002601,-22.3211590812266],[30.5100590001228,-22.321105080535],[30.5097769997088,-22.3210460805121],[30.509494000148,-22.3209830812042],[30.5092099996418,-22.3209160808124],[30.5088439998507,-22.320832080536],[30.5087099999666,-22.3207980807668],[30.5084529998061,-22.3207330804672],[30.5081880001761,-22.3206720812515],[30.5079170002694,-22.3206130812287],[30.5076420001782,-22.320558080491],[30.5073639999487,-22.3205020806065],[30.5068830002503,-22.3204200804223],[30.506607000113,-22.3203770811373],[30.5063279998374,-22.3203350809991],[30.5060379999538,-22.3202980810916],[30.505745999978,-22.3202560809534],[30.5054509998638,-22.3202110806768],[30.5051549997035,-22.3201630811612],[30.5047370002125,-22.320081080977],[30.5045410001671,-22.32003108047],[30.5042850000528,-22.3199610808392],[30.5040259998001,-22.3198810807472],[30.5037630002623,-22.319795081278],[30.5034979997329,-22.3197050807249],[30.5029860004037,-22.3195260805641],[30.5027440000357,-22.3194380810026],[30.5024960002903,-22.3193500805417],[30.5022440003604,-22.3192610809341],[30.5019890002922,-22.3191690811881],[30.5017310000856,-22.3190740804044],[30.5014760000174,-22.318975081235],[30.5009700000655,-22.3187630804517],[30.5007259996053,-22.3186470804983],[30.5004860002288,-22.3185300804988],[30.500245999953,-22.3184100812602],[30.5000109999078,-22.3182880810301],[30.4997210000242,-22.3181390804542],[30.4995399997712,-22.318046080662],[30.4993029996338,-22.3179260805242],[30.4990630002573,-22.3178130807091],[30.498818999797,-22.3177020809862],[30.4985710000516,-22.3175990807329],[30.4983170000296,-22.3175040808486],[30.4980559996847,-22.31741808048],[30.4978789996162,-22.3175020807564],[30.4977410004469,-22.3174750804106],[30.4975329998481,-22.3174300810334],[30.4972700003103,-22.3173710810106],[30.4969689999195,-22.3172960811492],[30.4966430001743,-22.3172080806883],[30.4963150003371,-22.3171110807118],[30.4956999998552,-22.3168880812199],[30.495444999787,-22.3167660809898],[30.4952160000184,-22.3166420806675],[30.4950060002268,-22.3165160811522],[30.4948019998125,-22.3163960810143],[30.4945960002053,-22.3162800810608],[30.4943790000908,-22.3161770808076],[30.4941500003223,-22.3160810808772],[30.4939110000926,-22.3159970806008],[30.4936630003472,-22.3159210806933],[30.4934100003713,-22.3158520811086],[30.4931520001647,-22.3157930810858],[30.492892999912,-22.3157420805326],[30.4925720003976,-22.3156880807403],[30.4923530001909,-22.3156600812477],[30.4921279997075,-22.3156330809019],[30.4918969998467,-22.3156080806484],[30.4916639998937,-22.3155850804871],[30.4912729998491,-22.3155570809944],[30.49103899985,-22.3155490806255],[30.4907980004274,-22.3155410811559],[30.4905539999672,-22.3155320807409],[30.4903060002218,-22.3155200810868],[30.4900579995771,-22.3155050812944],[30.4898089997856,-22.3154840812254],[30.4895610000402,-22.3154590809718],[30.4892310001106,-22.3154160807874],[30.4890170001345,-22.3153790808798],[30.4887979999278,-22.3153350806494],[30.4885730003438,-22.31528808118],[30.4883509999987,-22.3152360805806],[30.4879529996313,-22.3151370805118],[30.4877280000472,-22.3150760812961],[30.4874970001865,-22.315015081181],[30.487260000049,-22.3149560811582],[30.4870199997732,-22.3149010804205],[30.4867780003045,-22.3148470806282],[30.4865339998443,-22.3148010812049],[30.4862110002375,-22.3147500806517],[30.4860429996847,-22.3147290805826],[30.4858089996856,-22.3147060804212],[30.4855690003092,-22.3146910806289],[30.4853239998028,-22.3146890805366],[30.4850800002419,-22.3146980809516],[30.4847809999433,-22.3147330807671],[30.4845730002438,-22.314782081228],[30.4843249995991,-22.3148570810894],[30.4840749997615,-22.3149480807892],[30.4838229998316,-22.3150510810425],[30.483572999994,-22.3151640808576],[30.4833240002025,-22.3152820809033],[30.4829669999272,-22.3154630811562],[30.4827269996514,-22.3155910807637],[30.4824809999982,-22.3157190812705],[30.4822310001606,-22.315847080878],[30.4819810003229,-22.3159800807161],[30.4817349997705,-22.3161190808309],[30.4813649997949,-22.3163670805762],[30.48116100028,-22.3165470807831],[30.4809569998657,-22.3167430808285],[30.4807520003046,-22.3169430810583],[30.480544999752,-22.3171490806655],[30.4803329998681,-22.3173500809414],[30.4801119995692,-22.3175480810791],[30.4796810003779,-22.3178800811008],[30.4794440002405,-22.318025080593],[30.4791870000801,-22.3181530810998],[30.4789119999888,-22.3182710811455],[30.4786240001975,-22.3183780806838],[30.478325999945,-22.3184790808448],[30.4780249995541,-22.3185740807292],[30.4775249998789,-22.318725080498],[30.4772329999031,-22.318814081005],[30.4769379997889,-22.3189120810277],[30.4766360002513,-22.3190090810042],[30.476330999676,-22.319108081073],[30.4757629995628,-22.3192700804498],[30.4755590000478,-22.3193080804035],[30.4752569996109,-22.3193600810029],[30.4749479997504,-22.3194080805184],[30.4746339996594,-22.3194570809795],[30.4743150002371,-22.3195110807717],[30.4739990000539,-22.3195720808868],[30.4735829997557,-22.3196670807711],[30.4734229995718,-22.3197130810938],[30.4731040001495,-22.3198200806322],[30.4727799995974,-22.3199440809545],[30.4724499996678,-22.3200830810693],[30.472117999646,-22.3202260804692],[30.4714900003633,-22.3204930810908],[30.471315000387,-22.3205600805832],[30.4709889997426,-22.3206740804444],[30.4706490002512,-22.3207850810666],[30.4703039996299,-22.3208970808355],[30.4699569998157,-22.3210120807429],[30.4692820001642,-22.3212710809955],[30.469188000326,-22.3213170804189],[30.4688930002118,-22.3214710812254],[30.4685970000515,-22.3216430810633],[30.4682989997991,-22.3218300806936],[30.4680019995927,-22.3220280808312],[30.4677020001473,-22.3222320812455],[30.4673989996642,-22.3224420810371],[30.4670960000804,-22.3226500807366],[30.4667890003122,-22.3228560812431],[30.4661480004299,-22.3232570808495],[30.4658520002697,-22.3234230804108],[30.465541000317,-22.3235870807791],[30.465218999857,-22.323747080963],[30.4648869998352,-22.3238990807779],[30.4643229999066,-22.3241470805233],[30.463992999977,-22.3242790812146],[30.463658999863,-22.3244160812371],[30.4633209995645,-22.3245630808215],[30.462990999635,-22.324720080867],[30.4626730002588,-22.3248990810277],[30.4622630002373,-22.3251850807268],[30.4620389998,-22.3254020808413],[30.4618239997778,-22.3256430811632],[30.4616099998017,-22.3258980812314],[30.4613949997795,-22.3261580806309],[30.4611700001954,-22.3264130806991],[30.460893000012,-22.326686080698],[30.4606549998284,-22.3268810806973],[30.4603819998295,-22.327060080858],[30.4600830004302,-22.3272220811341],[30.4597640001086,-22.3273670806262],[30.4594320000868,-22.3274990804182],[30.45909099965,-22.3276230807405],[30.4586809996285,-22.3277580806708],[30.458562000436,-22.3277920804401],[30.458248000345,-22.3278820809932],[30.4579269999311,-22.327972080647],[30.4576030002783,-22.328065080439],[30.4572730003487,-22.3281590811766],[30.4569410003269,-22.3282500808765],[30.456607000213,-22.3283420806225],[30.4562720000528,-22.3284290810372],[30.4558559997546,-22.3285320812905],[30.4557029998936,-22.3285670811059],[30.455372999964,-22.3286430810134],[30.4550359997117,-22.3287190809208],[30.4546920000358,-22.3287940807821],[30.4543430001294,-22.3288600811278],[30.453701000201,-22.3289480806893],[30.4535690004091,-22.3289520808738],[30.4532160003182,-22.3289500807816],[30.4528559999045,-22.3289440805049],[30.4524930002518,-22.3289460805971],[30.4521349999304,-22.3289670806662],[30.4515509999787,-22.3290840806657],[30.4514479997255,-22.3291240807117],[30.4511810000032,-22.3292690811032],[30.4509219997506,-22.3294590808719],[30.4506699998207,-22.3296790811247],[30.4504199999831,-22.3299210805934],[30.4501700001454,-22.3301750806154],[30.4497010001011,-22.3306420805675],[30.44947799971,-22.3308670810509],[30.4492390003796,-22.3310790809348],[30.4489820002192,-22.3312770810724],[30.4487130004047,-22.3314620806105],[30.4484309999907,-22.3316340804484],[30.4481390000149,-22.3317940806323],[30.4476540001321,-22.3320210812079],[30.4473949998794,-22.3321180811844],[30.4470900002034,-22.3322210805384],[30.446772999974,-22.3323200806072],[30.4464510004134,-22.3324230808604],[30.4461320000918,-22.3325320804911],[30.4458169999546,-22.3326540807212],[30.445517999656,-22.332793080836],[30.4451459995883,-22.3330170812732],[30.4449270002809,-22.3332020808114],[30.444715000397,-22.3334090804647],[30.444504999706,-22.3336290807175],[30.4442899996838,-22.3338480809242],[30.4438760003771,-22.3342030811073],[30.4436350000553,-22.3343540808761],[30.4433719996181,-22.3344810804375],[30.4430880000112,-22.3345880808752],[30.4427889997126,-22.3346760804367],[30.4424829999905,-22.3347450809207],[30.4419020001772,-22.3348230809204],[30.4416310002705,-22.3348270811049],[30.4413540000871,-22.3348250810126],[30.4410739997653,-22.3348190807359],[30.4407920002507,-22.3348150805515],[30.4405069996984,-22.3348190807359],[30.4401809999532,-22.3348320804361],[30.4399449998619,-22.334851080413],[30.4396679996785,-22.3348880812199],[30.4393920004405,-22.334932080551],[30.4391190004416,-22.3349830811043],[30.4388460004426,-22.3350400810349],[30.4385730004437,-22.33510108115],[30.4383009995915,-22.3351660805501],[30.4379739998003,-22.3352420804576],[30.4377589997781,-22.3352900808725],[30.4374859997791,-22.3353490808953],[30.4372129997802,-22.3354030806876],[30.4369389997351,-22.3354480809641],[30.4366619995517,-22.3354850808718],[30.4363820001292,-22.3355090810792],[30.4361009997614,-22.3355210807333],[30.4356840003164,-22.3356450810556],[30.4355640001785,-22.3356910804789],[30.4352259998801,-22.3358110806169],[30.4347220000203,-22.3359900807776],[30.4340969999766,-22.3362060808459],[30.4333949999793,-22.336440080845],[30.4319449996621,-22.3368880808203],[30.4312799995724,-22.3370660809348],[30.4306639999437,-22.3372130805192],[30.430088000361,-22.3373310805649],[30.4295420003631,-22.3374300806337],[30.4290189996272,-22.3375140809101],[30.4285119996291,-22.3375900808175],[30.4280089998155,-22.3376610804944],[30.4272590003027,-22.3377720811166],[30.4269789999809,-22.3378150804016],[30.4264449996371,-22.3379050809547],[30.4258970004462,-22.3380060811157],[30.4253399999411,-22.3381150807463],[30.4247790001508,-22.3382290806076],[30.4242150002221,-22.3383510808376],[30.4231390000649,-22.3385960804447],[30.4226390003896,-22.3387100812053],[30.4221280002071,-22.3388340806283],[30.4216060004167,-22.3389640812274],[30.4208879996815,-22.3391510808577],[30.4206019999824,-22.3392330810418],[30.420181000353,-22.3393570804648],[30.4197540004468,-22.3394840809256],[30.4193170000796,-22.3396100804408],[30.4188760004271,-22.3397360808554],[30.4184299996448,-22.3398580810855],[30.4179780003844,-22.3399730809929],[30.4175240001326,-22.340078080439],[30.4170679997884,-22.3401710811304],[30.4165419998135,-22.3402610807842],[30.4161960000454,-22.340308081153],[30.4157839999317,-22.3403520804841],[30.4153590001178,-22.3403880812449],[30.414925999935,-22.3404110805069],[30.4144889995677,-22.3404270812448],[30.4138099997318,-22.3404270812448],[30.413437999664,-22.3404060811757],[30.4130170000346,-22.3403810809221],[30.4125910001746,-22.3403580807608],[30.4121620001762,-22.3403450810606],[30.411543999556,-22.3403560806685],[30.4112090002952,-22.3403750806454],[30.4108629996278,-22.3404130805992],[30.4105119996291,-22.3404670812908],[30.4101599995844,-22.3405370809215],[30.4098030002083,-22.3406210811979],[30.4094500001175,-22.3407200812667],[30.409101000211,-22.340835081174],[30.4085459997981,-22.3410500811963],[30.4082600000989,-22.3411950806883],[30.4079680001232,-22.3413460804572],[30.4076719999629,-22.3414990812176],[30.407370999572,-22.3416450807558],[30.4070619997116,-22.3417810807322],[30.406538999875,-22.3419640810775],[30.4062970004063,-22.3420210810081],[30.4059840003614,-22.3420750808003],[30.4056559996247,-22.3421090805696],[30.4053190002717,-22.3421340808231],[30.404978999881,-22.3421550808922],[30.4043670004368,-22.3422080806384],[30.4041500003223,-22.3422350809842],[30.4038479998853,-22.3422880807303],[30.4035430002094,-22.342355081122],[30.403237999634,-22.3424310810295],[30.4029289997736,-22.3425170804988],[30.4024769996139,-22.3426490811901],[30.4023170003293,-22.3426960806596],[30.4020149998924,-22.3427860812126],[30.4017159995938,-22.3428780809586],[30.4014160001483,-22.342965080474],[30.4011210000341,-22.3430550810271],[30.4008249998739,-22.3431450806809],[30.4004840003364,-22.3432480809341],[30.4002359996917,-22.3433220807494],[30.3999400004307,-22.3434120804031],[30.3996440002704,-22.3435010809101],[30.3993490001563,-22.3435910805639],[30.3990509999037,-22.3436810811169],[30.3987519996052,-22.3437720808169],[30.3984479999753,-22.3438640805628],[30.3981450003915,-22.343955081162],[30.3973800001869,-22.3441760805616],[30.3971320004415,-22.3442360806306],[30.3967720000278,-22.3443290804227],[30.3963409999372,-22.3444400810449],[30.3955799999171,-22.3446530809749],[30.3954439999407,-22.3446950811131],[30.3950459995733,-22.3448210806283],[30.3946850000128,-22.3449470810429],[30.394352999991,-22.345071080466],[30.3940460002228,-22.345193080696],[30.3937530002008,-22.3453110807417],[30.3934699997408,-22.3454300808335],[30.3931880002261,-22.3455440806947],[30.3928099998816,-22.3456930812707],[30.3926020001822,-22.3457690811781],[30.3922900001834,-22.3458780808088],[30.3919689997696,-22.3459850812465],[30.3916369997478,-22.3460910807387],[30.3913039996799,-22.346194080992],[30.3909640001885,-22.3462970812453],[30.3905010004209,-22.3464370805068],[30.3902319997071,-22.3465170805987],[30.3898999996853,-22.3466140805753],[30.3895620002862,-22.3467170808286],[30.3892189997571,-22.3468260804592],[30.3888740000351,-22.3469400812197],[30.3885339996444,-22.3470620805505],[30.3881429995998,-22.3472150804116],[30.3879620002461,-22.3472890811261],[30.3876799998322,-22.3474150806415],[30.3873950001791,-22.3475490805256],[30.3871089995807,-22.3476940809171],[30.3868229998816,-22.347846080732],[30.3865429995598,-22.3480060809159],[30.3861520004145,-22.3482490804307],[30.3859229997467,-22.3484050804301],[30.3856899997937,-22.3485690807984],[30.3854559997946,-22.3487370804519],[30.385215000372,-22.3489070810969],[30.384973000004,-22.3490780808887],[30.3847270003508,-22.3492480806344],[30.384294000168,-22.3495320811406],[30.3841950000992,-22.3495970805408],[30.3839830002153,-22.3497290812321],[30.3837599998242,-22.3498570808396],[30.3835289999634,-22.3499790810697],[30.3832889996876,-22.3500890807464],[30.3830430000345,-22.3501880808153],[30.3827550002431,-22.3502840807457],[30.3825580001516,-22.3503350803996],[30.3823100004062,-22.3503850809067],[30.382055000338,-22.3504210807682],[30.3817950000393,-22.3504400807451],[30.3815339996944,-22.3504440809296],[30.3811259997651,-22.3504060809758],[30.3810190002267,-22.3503770805378],[30.380788000366,-22.350307080907],[30.3805540003669,-22.3502270808151],[30.3803150001372,-22.3501460806771],[30.3799759997926,-22.3500430804238],[30.3797700001854,-22.3499940808621],[30.379544999702,-22.3499580810006],[30.3793119997491,-22.3499350808392],[30.3790739995655,-22.3499190810007],[30.3788310000506,-22.3499060804013],[30.3785889996826,-22.3498910806088],[30.3783470002139,-22.3498680804475],[30.3780089999154,-22.3498150807014],[30.3778089996856,-22.3497550806324],[30.3776070002629,-22.3496810808172],[30.3774009997564,-22.3495950804486],[30.3771930000569,-22.3495040807487],[30.3769830002653,-22.349406080726],[30.3767700003353,-22.3493130809339],[30.3765520001747,-22.3492210811879],[30.376332999968,-22.349141081096],[30.3760240001076,-22.349052080589],[30.3758249999239,-22.3490250811425],[30.3755699998557,-22.3490020809812],[30.3753099995569,-22.3489790808199],[30.375055000388,-22.3489430809583],[30.3747459996282,-22.3488570805898],[30.3745719996981,-22.3487410806363],[30.3743910003444,-22.3485840805908],[30.374214000276,-22.3484150808913],[30.3740400003458,-22.3482560807535],[30.3736850001627,-22.3480520812385],[30.3735290001633,-22.3480600807081],[30.3733629997027,-22.3481270810999],[30.3731840004413,-22.3482370807766],[30.3729969999117,-22.3483780809836],[30.3728040000046,-22.3485370811214],[30.3726039997748,-22.3486970804059],[30.3724000002599,-22.348848081074],[30.3721939997533,-22.3489700804049],[30.3718619997315,-22.3490880804505],[30.371684999663,-22.3490820810732],[30.3714729997791,-22.3490210809581],[30.3712520003796,-22.3489260810737],[30.3708360000814,-22.3487290809823],[30.3707159999435,-22.3486820806135],[30.3704890002672,-22.3486210804985],[30.3702560003142,-22.3485790812596],[30.3700180001306,-22.3485560810982],[30.3697749997165,-22.3485420804526],[30.3695290000634,-22.3485350810291],[30.3692830004102,-22.3485290807524],[30.3688730003887,-22.3485120808678],[30.3686560002743,-22.3484970810754],[30.3684339999292,-22.3484740809141],[30.3682110004374,-22.3484390810987],[30.3679900001384,-22.3483920807299],[30.3677760001623,-22.3483290805226],[30.3673910003944,-22.3481550805924],[30.3672920003256,-22.3480850809617],[30.3671239997728,-22.347938080478],[30.3669600003038,-22.3477720809167],[30.3667959999355,-22.3475960808944],[30.3666300003742,-22.3474210809181],[30.366457999637,-22.3472510811724],[30.3662049996611,-22.3470510809426],[30.3660879996615,-22.3469760810812],[30.3658769998237,-22.3468750809202],[30.3656439998708,-22.3467970809205],[30.3653960001254,-22.3467420810821],[30.3651389999649,-22.3467060812206],[30.3648490000813,-22.3466850811515],[30.3646030004282,-22.3466960807595],[30.3643529996912,-22.3467170808286],[30.3640969995769,-22.3467460812666],[30.3638420004081,-22.3467780809436],[30.3635820001093,-22.3468090805746],[30.3633229998566,-22.346841081151],[30.3629580001117,-22.3468720807819],[30.3627700004352,-22.346885080482],[30.3625080000442,-22.3468890806665],[30.3622370001375,-22.3468790811046],[30.3619630000924,-22.3468680805974],[30.361685999909,-22.3468580810356],[30.3614119998639,-22.3468580810356],[30.3609480000502,-22.3468960809893],[30.3607540000971,-22.3469500807815],[30.360488000421,-22.3470430805737],[30.360217999661,-22.3471560812881],[30.3599469997543,-22.3472780806189],[30.3596699995709,-22.3473960806646],[30.3593900001484,-22.3475030811023],[30.3590919998959,-22.3475910806638],[30.3588820001042,-22.3476340808481],[30.3585730002438,-22.347665080479],[30.3582509997839,-22.3476670805713],[30.3579169996698,-22.3476480805944],[30.3575800003168,-22.3476120807329],[30.356965999881,-22.3475350807793],[30.356681000228,-22.3474910805489],[30.3563229999066,-22.3474480812639],[30.3559550000233,-22.347411080457],[30.3555829999555,-22.3473850810566],[30.3552069997033,-22.3473690812181],[30.3546880000512,-22.3473670811259],[30.3544119999139,-22.3473730805033],[30.354068000238,-22.3473920804801],[30.3537150001472,-22.3474230810103],[30.3533549997335,-22.3474650811485],[30.3529889999425,-22.3475160808025],[30.3526210000592,-22.3475750808253],[30.3522510000836,-22.3476380810326],[30.3517110003624,-22.3477370811014],[30.3515179995561,-22.347774081009],[30.3511559999495,-22.3478420805475],[30.3507969995819,-22.3479110810315],[30.3504390001598,-22.3479820807084],[30.3500880001611,-22.3480520812385],[30.3497350000703,-22.3481230809154],[30.3493840000716,-22.3481950806384],[30.3490350001652,-22.3482660812146],[30.3486840001665,-22.3483380809377],[30.3482930001219,-22.3484180810296],[30.3479840002615,-22.3484830804298],[30.3476330002628,-22.3485560810982],[30.3472800001719,-22.3486280808212],[30.3469229998966,-22.3487010805903],[30.3465669996673,-22.3487730812127],[30.3464580000367,-22.3487920811896],[30.3461720003376,-22.3488420807973],[30.3457659996013,-22.3489090811891],[30.3448410001121,-22.3490550807273],[30.3444190004366,-22.3491130807041],[30.3440389999999,-22.3491580809806],[30.3436900000935,-22.3491950808883],[30.3433640003484,-22.3492210811879],[30.3430510003035,-22.349242081257],[30.3427459997282,-22.3492600811878],[30.3424329996832,-22.3492750809801],[30.3421130002149,-22.3492900807726],[30.3417810001931,-22.349305080565],[30.3414419998485,-22.3493210804035],[30.341092999942,-22.3493380811875],[30.3407399998512,-22.3493590812565],[30.3403829995758,-22.3493820805186],[30.3400260001998,-22.349406080726],[30.3394050003406,-22.3494600805183],[30.3391389997651,-22.3494920810947],[30.3387869997203,-22.349538080518],[30.3384280002521,-22.3495860809329],[30.3380619995617,-22.3496260809788],[30.3376939996784,-22.3496560805637],[30.3371770001185,-22.3496700812093],[30.3370299996348,-22.3496620808403],[30.3366870000051,-22.3496300811633],[30.3363380000987,-22.3495800806562],[30.3359829999156,-22.349515081256],[30.3356220003551,-22.3494410805414],[30.3352579997569,-22.3493610804495],[30.3348940000581,-22.3492790811646],[30.3344860001288,-22.3491970809804],[30.334154000107,-22.3491300805887],[30.333808000339,-22.3490730806581],[30.3334560002942,-22.3490230810503],[30.3330990000189,-22.3489770807277],[30.33273500032,-22.3489330804972],[30.3323070003678,-22.3488860810278],[30.3319750003461,-22.3488440808896],[30.3316339999092,-22.3488040808436],[30.3312850000028,-22.3487600806132],[30.3309299998197,-22.3487140811898],[30.3305739995905,-22.3486640806827],[30.3298749997315,-22.3485580811904],[30.3297500002624,-22.3485370811214],[30.3294289998485,-22.3484760810063],[30.3291010000112,-22.348413080799],[30.3287649998049,-22.3483440812144],[30.3284260003597,-22.3482700804998],[30.3280829998307,-22.3481950806384],[30.3277370000625,-22.3481210808232],[30.3271330000879,-22.3479910811234],[30.3269499997427,-22.3479530811697],[30.3266290002282,-22.347886080778],[30.3262950001142,-22.3478180812394],[30.3259579998618,-22.3477550810321],[30.325614000186,-22.3476920808248],[30.3250290001882,-22.3475850812864],[30.3249219997505,-22.3475660804102],[30.3246040003744,-22.3475090804797],[30.3242769996838,-22.3474530805951],[30.3239439996159,-22.3473980807568],[30.3236060002168,-22.3473410808262],[30.32326499978,-22.3472820808033],[30.3226389996901,-22.3471770804579],[30.3223360001064,-22.3471270808501],[30.3220209999692,-22.3470740811039],[30.3216990004086,-22.3470200804123],[30.321370999672,-22.3469630804817],[30.3210429998346,-22.3469040804589],[30.3205519996751,-22.3468140808051],[30.3204300003443,-22.3467880805055],[30.3201160002533,-22.3467270812897],[30.3197929997472,-22.346660080898],[30.3194649999099,-22.3465950805984],[30.3191289997036,-22.3465340804834],[30.3187920003506,-22.346479080645],[30.3182670004218,-22.3464080809681],[30.3180979998229,-22.3463930811757],[30.3178039997549,-22.3463740811989],[30.3174990000788,-22.3463620806455],[30.3171880001262,-22.346358080461],[30.316872999989,-22.3463640807377],[30.3165559997597,-22.3463790805301],[30.3162380003835,-22.3464040807837],[30.3157820000393,-22.3464560804837],[30.3154789995563,-22.3465050809447],[30.3151679996035,-22.3465630809214],[30.3148549995586,-22.3466290812671],[30.3145370001824,-22.3467060812206],[30.3142240001375,-22.3467930807361],[30.3139130001849,-22.3468910807587],[30.3135159998636,-22.3470370811963],[30.3133500003023,-22.3471160812421],[30.3130930001419,-22.3472420807574],[30.3128329998431,-22.3473750805954],[30.3125700003053,-22.3475090804797],[30.3120859995693,-22.3477600812627],[30.3118009999163,-22.3479050807548],[30.3115079998943,-22.3480480810541],[30.3112060003567,-22.3481880812149],[30.3108989996891,-22.3483290805226],[30.3105879997365,-22.3484700807296],[30.310278999876,-22.3486110809366],[30.3099019995777,-22.3487880810051],[30.3096499996478,-22.3489160806126],[30.3093330003177,-22.3490800809809],[30.30901299995,-22.3492520808188],[30.308647000159,-22.3494540811409],[30.3084100000215,-22.349588081025],[30.3080949998844,-22.3497730805632],[30.307775000416,-22.3499630812312],[30.3074509998638,-22.3501560811382],[30.3071209999342,-22.3503540812758],[30.3067889999124,-22.3505530805602],[30.3064529997062,-22.35075308079],[30.3061140002609,-22.3509510809276],[30.3057739998703,-22.3511480810191],[30.3052920001257,-22.3514170808336],[30.3049539998273,-22.3515980810865],[30.3046029998286,-22.3517810805324],[30.304241000222,-22.3519640808776],[30.303867000062,-22.3521470812228],[30.3034850004325,-22.3523280805764],[30.3030999997652,-22.3525080807833],[30.3023829999755,-22.3528320804362],[30.3021770003683,-22.3529220809892],[30.3017880004159,-22.3530880805504],[30.3013869999102,-22.3532590812416],[30.3009810000731,-22.3534310810795],[30.300188000376,-22.3537510805479],[30.2998920002157,-22.3538680805474],[30.2995889997326,-22.3539860805931],[30.2992799998722,-22.3541040806388],[30.2989629996428,-22.3542210806383],[30.2986430001744,-22.3543350804995],[30.2983179995761,-22.3544460811217],[30.2979899997388,-22.3545490804756],[30.297657999717,-22.3546480805445],[30.297324999649,-22.3547360810053],[30.2969029999735,-22.3548330809819],[30.2966550002282,-22.3548790804052],[30.2963179999758,-22.3549400805202],[30.295985999954,-22.3549910810735],[30.2956499997478,-22.3550390805891],[30.2953159996337,-22.3550900811423],[30.2946510004434,-22.3552070811418],[30.2942479998454,-22.3552770807726],[30.2940420002382,-22.3552680812569],[30.2937290001933,-22.3552540806113],[30.2933329999181,-22.3552350806344],[30.292875000381,-22.3552120804731],[30.2923830001754,-22.3551840809805],[30.2918770002235,-22.3551510812574],[30.2911600004337,-22.3550960805197],[30.2909240003424,-22.3550750804506],[30.2905100001365,-22.3550290810272],[30.2901279996075,-22.3549800805662],[30.2897720002777,-22.3549210805434],[30.2894319998869,-22.354854081051],[30.2887699999356,-22.3546860804982],[30.2884329996833,-22.3545850812365],[30.2880890000074,-22.354472080522],[30.2877440002854,-22.3543520812835],[30.2873930002868,-22.3542220806845],[30.2870420002881,-22.3540890808463],[30.2866890001973,-22.3539520808238],[30.2863360001064,-22.3538120806629],[30.2858140003159,-22.3536060810558],[30.2856819996246,-22.3535510812174],[30.2853980000177,-22.3534370804568],[30.2851039999497,-22.3533220805496],[30.2848069997433,-22.3532040805039],[30.2845050002056,-22.3530860804582],[30.2841180003455,-22.3529290804127],[30.2838590000928,-22.3528170806437],[30.2835920003706,-22.3526970805058],[30.283324999749,-22.3525730810828],[30.2830559999345,-22.352445080576],[30.2827890002122,-22.3523090805995],[30.2825239996829,-22.3521660811996],[30.2822660003757,-22.3520160805776],[30.281967000077,-22.3518270808551],[30.2818310001006,-22.3517300808785],[30.2816410003319,-22.3515880806254],[30.2814480004249,-22.3514420810871],[30.2812530004257,-22.351291080419],[30.2809689999195,-22.3510700810194],[30.2808170001045,-22.3509530810198],[30.2806489995517,-22.3508270806053],[30.2804749996216,-22.3507000810438],[30.2802999996453,-22.3505740806293],[30.280123999623,-22.3504460810218],[30.2799469995545,-22.3503140812298],[30.2796439999707,-22.3500820804237],[30.2794989995792,-22.3499600810928],[30.2793540000871,-22.3498360807705],[30.279201000226,-22.3497120804481],[30.2790430001344,-22.3495910811634],[30.2788789997661,-22.3494810805873],[30.2787069999281,-22.3493820805186],[30.2785030004132,-22.3492880806803],[30.2783640002984,-22.3492480806344],[30.2781539996075,-22.3492020812111],[30.2779360003462,-22.349162081165],[30.2776750000013,-22.3491110806119],[30.2775339997943,-22.3490780808887],[30.2773280001871,-22.3490170807736],[30.2771239997728,-22.3489410808661],[30.2769220003501,-22.3488510812124],[30.2767179999358,-22.3487540812358],[30.2765120003286,-22.3486530810748],[30.2761150000073,-22.3484580810755],[30.2759129996853,-22.348373080753],[30.2756989997091,-22.3482910805689],[30.2754780003095,-22.348209081284],[30.2752570000106,-22.3481210808232],[30.27503899985,-22.3480270809849],[30.27482599992,-22.3479220806395],[30.2746309999208,-22.347806080686],[30.2743769998987,-22.3476120807329],[30.2742500003373,-22.3474440810795],[30.2741260000149,-22.3472400806651],[30.2740170003843,-22.3470180812194],[30.2739059997621,-22.3467880805055],[30.2737939999931,-22.3465590807369],[30.273671999763,-22.3463360812451],[30.2734809999482,-22.3460590810617],[30.2733229998566,-22.3458910805089],[30.2731360002263,-22.345739080694],[30.2729279996275,-22.3455940812019],[30.2727080002741,-22.3454580812255],[30.2724849998829,-22.3453190811107],[30.2721079995846,-22.3450520804891],[30.2719359997466,-22.3448900811123],[30.2717740003699,-22.3447090808593],[30.2716209996095,-22.3445120807679],[30.2714719999329,-22.3443080812529],[30.2713260003947,-22.3441000806541],[30.2710219998655,-22.3436880805405],[30.2708599995893,-22.3434940805873],[30.2706899998437,-22.3433090810492],[30.2705149998674,-22.3431290808423],[30.2703359997067,-22.3429540808661],[30.2701540003069,-22.3427820810282],[30.2699659997311,-22.3426050809597],[30.2697939998932,-22.3424410805914],[30.2696169998247,-22.3422670806612],[30.2694449999868,-22.3420880805004],[30.2692809996185,-22.3419030809624],[30.2691230004262,-22.3417100810553],[30.2689780000347,-22.3415060806411],[30.2688440001505,-22.3412930807111],[30.2687561831514,-22.3411254974437],[30.2687680002431,-22.3409950004189],[30.2687809999433,-22.3406859996591],[30.2687760365849,-22.3404470542881],[30.2687809999433,-22.3403290812221],[30.2687739996205,-22.3399920809697],[30.2687349996206,-22.3396480812939],[30.268605999967,-22.3392040806038],[30.2685239997828,-22.3390570810194],[30.268343999576,-22.3388380808127],[30.2681329997382,-22.3386570805598],[30.2679039999697,-22.3385000805143],[30.2676710000167,-22.3383550810221],[30.26745199981,-22.3382080805384],[30.2672319995572,-22.3380140805853],[30.2671120003186,-22.3378540804014],[30.2670039998348,-22.3376360811402],[30.2669229996967,-22.3373960808644],[30.2668659997661,-22.3371400807501],[30.2668200003428,-22.3368730810278],[30.2667780002046,-22.3366000810288],[30.2667309998358,-22.3363300811683],[30.2665929997672,-22.3358300805937],[30.2665100004362,-22.3356560806636],[30.26638700016,-22.3354580805259],[30.2662480000452,-22.3352630805267],[30.2660980003225,-22.3350690805736],[30.2657959998855,-22.3346780805289],[30.2656569997708,-22.3344780811984],[30.2655290001633,-22.3342750808303],[30.2654069999331,-22.3340690812231],[30.2652950001642,-22.3338600805783],[30.2651859996342,-22.3336500807865],[30.2650830002803,-22.3334380809027],[30.2649319996121,-22.3331140812498],[30.2648840000966,-22.3330110809965],[30.2647850000278,-22.3327970810204],[30.264685999959,-22.3325820809982],[30.2645849997979,-22.3323680810221],[30.2644669997523,-22.3320670806312],[30.2644269997063,-22.3318210809781],[30.2643640003984,-22.3314490809103],[30.264280000122,-22.3309760806815],[30.2641810000532,-22.3304320807758],[30.2640680002381,-22.3298470807781],[30.2639460000079,-22.3292480810341],[30.26377400017,-22.328479080645],[30.2636869997553,-22.328122081269],[30.2635509997789,-22.3276280809711],[30.2634139997563,-22.3271720806269],[30.2632749996416,-22.3267470808131],[30.2631340003339,-22.3263450811605],[30.2629889999424,-22.3259560812081],[30.2628400002658,-22.3255700804948],[30.2626319996671,-22.3250400812347],[30.2625329995983,-22.3247860812126],[30.26240878164,-22.3244717007084],[30.2622006722233,-22.3242958310877],[30.2620370001075,-22.3238900003232],[30.2618559998546,-22.3234630004171],[30.2615890001323,-22.3228679999582],[30.2614130001099,-22.3225129997751],[30.2612200002029,-22.3221449998918],[30.2610139996964,-22.321772999824],[30.2607969995819,-22.3214009997563],[30.2605679998134,-22.3210309997808],[30.2603240002525,-22.3206649999897],[30.2600680001381,-22.3203059996221],[30.2597059996322,-22.3198429998545],[30.2595840003014,-22.3197089999703],[30.2593250000488,-22.3194370000175],[30.2590560002343,-22.3191579997418],[30.2587769999586,-22.3188800004116],[30.2584969996369,-22.3185969999515],[30.2581590002377,-22.3182540003218],[30.2580499997078,-22.3181469998841],[30.2577969997318,-22.3178899997237],[30.2575429997097,-22.3176250000937],[30.2572860004486,-22.3173520000947],[30.2570280002421,-22.3170749999113],[30.2567669998972,-22.3167969996817],[30.2565020002672,-22.3165200003976],[30.2561850000378,-22.3162040002144],[30.2560379995541,-22.3160609999152],[30.2558170001545,-22.3158510001235],[30.2555840002015,-22.3156390002396],[30.2553399997412,-22.3154349998254],[30.2550859997191,-22.3152399998261],[30.2548210000891,-22.3150589995731],[30.2545029998137,-22.314874000035],[30.254261000345,-22.3147580000816],[30.2539650001847,-22.3146379999437],[30.2536619997016,-22.3145369997827],[30.2533549999334,-22.3144470001289],[30.2530419998884,-22.314367000037],[30.2527249996591,-22.3142920001756],[30.2522219998455,-22.3141760002222],[30.2520960003302,-22.3141459997381],[30.2517830002853,-22.3140649996],[30.2514740004248,-22.3139759999923],[30.251173000034,-22.3138709996469],[30.2508080002891,-22.3137719995781],[30.250635000405,-22.3138159998085],[30.2505219996906,-22.3138400000159],[30.2504000003598,-22.3138630001773],[30.2502719998529,-22.3138800000619],[30.2501460003377,-22.3138880004308],[30.2500260001998,-22.3138860003386],[30.2499189997621,-22.3138709996469],[30.2498382109647,-22.3138485120991],[30.239504999756,-22.3051160806426],[30.239433000033,-22.3049920812196],[30.2393830004252,-22.3048620806205],[30.2393449995721,-22.3047360811052],[30.2392860004486,-22.3046010811749],[30.2392149998724,-22.3044430810833],[30.239150999619,-22.3043090811991],[30.239088000311,-22.3041950804385],[30.239027000196,-22.3040970804159],[30.2389579997119,-22.3039980812464],[30.2388910002196,-22.3039010812698],[30.2388209996894,-22.3037940808321],[30.238754000197,-22.3036820810631],[30.2387019995976,-22.303580080856],[30.2386550001282,-22.3034660809948],[30.2386109998978,-22.3033310810645],[30.238551999875,-22.3031840805808],[30.2384909997599,-22.30306208125],[30.2384089995757,-22.302941081066],[30.2382450001067,-22.3027700812742],[30.2381300001994,-22.3026800807211],[30.2380039997848,-22.3025920811596],[30.237873000039,-22.3025070808371],[30.2377200001779,-22.3024110809066],[30.237588000386,-22.302325080538],[30.2374640000636,-22.3022260804692],[30.2373789997411,-22.3021370808615],[30.2373189996721,-22.3020490804007],[30.2372469999491,-22.3019020808163],[30.2371859998341,-22.3017420806325],[30.2371150001572,-22.3015380811175],[30.2370560001344,-22.3013870804493],[30.2369879996965,-22.3012340805883],[30.2369420002731,-22.3011370806117],[30.2368769999736,-22.3009830807046],[30.2367989999739,-22.3008190812355],[30.2367070002279,-22.3006550808672],[30.236557999652,-22.3004500804069],[30.2364310000906,-22.3003130812836],[30.2362909999297,-22.3001720810767],[30.2361939999532,-22.3000730810078],[30.2361060003917,-22.2999830804548],[30.2360379999538,-22.2999070805473],[30.2359690003691,-22.2998290805476],[30.2358999998851,-22.2997490804556],[30.2358320003466,-22.2996700804098],[30.2357589996781,-22.2995920804102],[30.2356560003242,-22.299487080964],[30.2355629996328,-22.299407080872],[30.2354849996331,-22.2993420805725],[30.235401000256,-22.2992770811723],[30.2353169999796,-22.2992110808267],[30.235230999611,-22.2991460805271],[30.2350419998884,-22.2989950807583],[30.2349639998887,-22.2989280812659],[30.2348839997968,-22.298860080828],[30.2348059997971,-22.2987870810589],[30.2347269997513,-22.2987150804366],[30.2346489997516,-22.2986370804369],[30.2345709997519,-22.2985620805755],[30.2344949998444,-22.2984860806681],[30.2343939996834,-22.2983870805992],[30.2343230000065,-22.2983120807379],[30.2342490001913,-22.2982380809227],[30.2341740003299,-22.298160080923],[30.2341019997075,-22.2980820809232],[30.2340200004227,-22.2979940804624],[30.2339429995698,-22.2979040808086],[30.2338790002157,-22.2978260808089],[30.2338139999162,-22.2977500809015],[30.2337450003316,-22.2976710808557],[30.2336749998014,-22.2975950809482],[30.2335579998019,-22.2974860804182],[30.2334359995718,-22.2973970808106],[30.2333520001947,-22.29734008088],[30.2332639997339,-22.2972860810878],[30.2331750001262,-22.2972290811571],[30.2330849995731,-22.2971720812265],[30.2328579998969,-22.2969920810197],[30.2327840000816,-22.2969160811122],[30.2327090002202,-22.2968320808358],[30.2326330003128,-22.2967500806516],[30.2324580003365,-22.2965900804678],[30.2323719999679,-22.2965350806294],[30.2322749999913,-22.2964830809294],[30.2321719997381,-22.296439080699],[30.2320630001074,-22.296399080653],[30.2319500002923,-22.2963650808837],[30.2318360004311,-22.2963340812528],[30.2316279998324,-22.2962910810685],[30.231521000294,-22.2962730811377],[30.2314089996257,-22.296258080446],[30.231299999995,-22.2962410805614],[30.2311890002722,-22.2962240806767],[30.2310769996039,-22.2962070807921],[30.2309639997888,-22.2961890808613],[30.2308520000198,-22.296174081069],[30.2306780000897,-22.2961490808154],[30.2305709996519,-22.2961360811152],[30.2304609999752,-22.2961210804235],[30.2303500002524,-22.2961060806311],[30.2302360003911,-22.2960880807003],[30.2300030004382,-22.2960600812077],[30.2298060003467,-22.2960410812309],[30.2297050001857,-22.296033080862],[30.2296040000246,-22.296022081254],[30.2295009997713,-22.2960140808851],[30.2293980004175,-22.2960030812771],[30.2292000002798,-22.2959780810236],[30.2290210001191,-22.2959470804933],[30.2288430000045,-22.2959110806318],[30.2286199996133,-22.2958580808857],[30.2284659997061,-22.2958180808397],[30.2283109997529,-22.2957720805171],[30.2281779999148,-22.295720080817],[30.2280419999384,-22.295659080702],[30.2279070000081,-22.2955890810712],[30.2277689999394,-22.2955140812098],[30.2276699998707,-22.2954570812792],[30.2275250003785,-22.2953690808184],[30.2273149996876,-22.2952830804497],[30.2271360004261,-22.2952550809572],[30.2269419995737,-22.2952490806805],[30.2267410001971,-22.2952530808649],[30.2265510004284,-22.2952680806574],[30.2263579996221,-22.2952760810263],[30.2261600003837,-22.2952720808418],[30.2259570000156,-22.2952570810494],[30.2257549996936,-22.2952300807036],[30.2255569995559,-22.2951920807499],[30.2253619995567,-22.2951560808884],[30.225171999788,-22.2951310806348],[30.2249850001577,-22.2951310806348],[30.2248049999508,-22.2951630812112],[30.2246320000668,-22.2952430804038],[30.2245479997904,-22.2953040805189],[30.2244659996062,-22.2953810804725],[30.2243860004136,-22.2954740811639],[30.2238960003002,-22.2951020810961],[30.2237940000931,-22.295121081073],[30.2236669996324,-22.2951440812343],[30.2235179999558,-22.2951670804963],[30.2233599998642,-22.2951860804732],[30.2231970004412,-22.2952010811649],[30.2230010003959,-22.2952070805423],[30.2228939999582,-22.2952030812572],[30.2227630002124,-22.2951880805654],[30.22263899989,-22.2951670804963],[30.2225239999827,-22.2951420811421],[30.2224140003059,-22.2951160808424],[30.2223069998682,-22.2950890804966],[30.2220869996154,-22.2950510805429],[30.2219729997542,-22.2950430810733],[30.2218549997085,-22.2950430810733],[30.2217349995706,-22.2950490804507],[30.2216120001937,-22.2950620810502],[30.2214899999636,-22.2950790809348],[30.2213679997334,-22.2951040811884],[30.2211759998726,-22.2951480805195],[30.2210690003341,-22.2951800810958],[30.2209619998964,-22.2952150809112],[30.2208510001736,-22.2952510807727],[30.2207409995975,-22.2952830804497],[30.2206279997824,-22.2953160810723],[30.2204529998061,-22.2953560811182],[30.2203290003831,-22.2953790812795],[30.2201989997841,-22.2953920809797],[30.220065999946,-22.2954000804493],[30.2198309999008,-22.2953960811641],[30.2197109997629,-22.2953830805647],[30.2195890004321,-22.2953640805878],[30.2194650001097,-22.2953430805187],[30.2193369996029,-22.2953220804496],[30.2192089999954,-22.2953030804728],[30.2189539999272,-22.2952680806574],[30.2188260003197,-22.2952590811416],[30.2186979998129,-22.2952530808649],[30.2185700002054,-22.2952510807727],[30.2184419996986,-22.2952530808649],[30.2183170002294,-22.2952610812339],[30.2181909998149,-22.2952700807496],[30.2180650002996,-22.2952830804497],[30.217938999885,-22.2952990811876],[30.2178149995626,-22.2953180811644],[30.2175669998172,-22.2953640805878],[30.2174430003942,-22.2953920809797],[30.2173210001641,-22.2954230806107],[30.2171989999339,-22.2954530810948],[30.2170769997038,-22.2954880809102],[30.2169569995659,-22.2955240807717],[30.2168360002813,-22.2955620807254],[30.2167429995898,-22.2955980805869],[30.2166400002359,-22.2956360805407],[30.2165139998213,-22.2956800807711],[30.2163729996143,-22.2957240810015],[30.2160869999151,-22.2957950806784],[30.2159610003999,-22.295812080563],[30.2158450004465,-22.2958160807475],[30.2157359999165,-22.2958140806552],[30.2155260001248,-22.2957950806784],[30.2154169995949,-22.2957870812088],[30.2153069999181,-22.2957790808399],[30.2151940001031,-22.2957740806093],[30.2150800002419,-22.2957700804248],[30.2149650003345,-22.2957700804248],[30.2148490003811,-22.2957720805171],[30.2145969995519,-22.2957930805862],[30.2144900000135,-22.295812080563],[30.2143800003368,-22.2958330806321],[30.2142669996224,-22.2958580808857],[30.2141529997612,-22.2958820810931],[30.2140359997616,-22.2959050812544],[30.213917999716,-22.2959260804242],[30.2137199995784,-22.2959490805856],[30.2136069997633,-22.2959490805856],[30.2134929999021,-22.2959430812082],[30.2133749998564,-22.2959340807931],[30.2132559997646,-22.2959260804242],[30.213137999719,-22.2959220811391],[30.2128540001121,-22.2959570809545],[30.2127469996743,-22.2959970810005],[30.2126380000437,-22.2960460805621],[30.212528000367,-22.2961020804466],[30.2124169997448,-22.2961590812765],[30.2123049999758,-22.2962180804],[30.212154000207,-22.296287080884],[30.2120489998615,-22.2963290810223],[30.2119360000464,-22.2963630807915],[30.211820000093,-22.2963900811373],[30.2115260000249,-22.2964240809065],[30.2114039997948,-22.2964240809065],[30.2112780002796,-22.2964180806299],[30.2111509998188,-22.2964090811142],[30.2110230002114,-22.296399080653],[30.2108910004194,-22.2963920812295],[30.2107619998665,-22.2963860809529],[30.2105019995677,-22.2963900811373],[30.2103950000293,-22.2964010807452],[30.2102729997991,-22.2964260809988],[30.2101490003761,-22.2964550805375],[30.2100199998232,-22.2964830809294],[30.2098940003079,-22.2965120804681],[30.2096150000323,-22.2965440810445],[30.2094949998944,-22.29654008086],[30.2093749997565,-22.2965290812521],[30.2092490002412,-22.2965120804681],[30.2091229998266,-22.2964890812061],[30.2089950002191,-22.2964640809525],[30.2088659996662,-22.2964370806067],[30.2085989999439,-22.2963880810451],[30.2084799998522,-22.2963650808837],[30.208357999622,-22.2963480809991],[30.208234000199,-22.296338080538],[30.2081079997844,-22.2963340812528],[30.2079859995543,-22.2963420807224],[30.2078660003157,-22.2963610806993],[30.2076490002012,-22.2964450809757],[30.2075399996713,-22.2965140805603],[30.2074310000407,-22.2965840810904],[30.2072180001107,-22.2966950808133],[30.2070939997883,-22.2967250812974],[30.2069619999963,-22.2967430812282],[30.2068209997894,-22.2967430812282],[30.2066780003894,-22.2967390810437],[30.2063749999064,-22.2967200810668],[30.2062199999531,-22.2967100806057],[30.2060639999537,-22.2967060804213],[30.2059039997698,-22.2967100806057],[30.205741000347,-22.2967180809746],[30.2055790000708,-22.2967290805826],[30.2054149997025,-22.2967430812282],[30.2052360004411,-22.296762081205],[30.2050679998883,-22.2967750809052],[30.2048889997276,-22.2967920807898],[30.2047040001895,-22.296813080859],[30.2045169996599,-22.2968320808358],[30.2043259998451,-22.2968530809049],[30.2038700004002,-22.2968930809509],[30.2037140004009,-22.2968970811353],[30.2035520001248,-22.2968990812276],[30.2033859996642,-22.2968990812276],[30.2030460001728,-22.2968950810431],[30.2028730002888,-22.2968930809509],[30.2026990003586,-22.2968930809509],[30.2025240003824,-22.2968970811353],[30.2021749995766,-22.2969120809278],[30.2020029997387,-22.2969280807663],[30.2018309999008,-22.2969450806509],[30.201660000109,-22.2969620805355],[30.2014900003633,-22.2969770812273],[30.2013219998105,-22.2969890808814],[30.2011560002493,-22.2969910809736],[30.2009899997887,-22.2969850806969],[30.2007690003891,-22.2969560811582],[30.2006619999514,-22.2969330809968],[30.2004289999984,-22.296874080974],[30.2002829995608,-22.2968610812738],[30.2001760000225,-22.2968490807204],[30.2000159998386,-22.2968320808358],[30.1998530004157,-22.2968110807667],[30.1997029997937,-22.2967900806976],[30.1995619995867,-22.296773080813],[30.1994200002329,-22.2967520807439],[30.1992739997953,-22.2967290805826],[30.1990959996807,-22.2966910806288],[30.1989530002808,-22.2966550807673],[30.1988039997049,-22.2966190809058],[30.1986499997977,-22.2965900804678],[30.1985339998442,-22.2965790808598],[30.1983809999832,-22.2965650811136],[30.1982740004448,-22.296548081229],[30.1981500001224,-22.2965060810907],[30.1980279998924,-22.2964430808834],[30.1979079997544,-22.2963690810682],[30.1977879996165,-22.2962850807918],[30.197700000055,-22.2962220805845],[30.197598999894,-22.296146080677],[30.1974829999405,-22.2960710808157],[30.1973639998488,-22.2960010811849],[30.1972669998722,-22.2959490805856],[30.1971509999188,-22.2958960808395],[30.1970269995964,-22.2958440811394],[30.1968699995509,-22.2957740806093],[30.1967769997588,-22.2957260810937],[30.1966799997822,-22.2956760805866],[30.1965839998518,-22.2956290811172],[30.1964600004287,-22.29557908061],[30.1963629995528,-22.2955490810252],[30.1962309997609,-22.2955220806795],[30.1960899995539,-22.2955010806103],[30.195947000154,-22.2954650807488],[30.1958290001083,-22.2954130810488],[30.1957069998782,-22.2953560811182],[30.1955600002938,-22.2952970810954],[30.195461000225,-22.2952700807496],[30.1952850002027,-22.2952380810725],[30.1951559996497,-22.2952210811879],[30.1950280000422,-22.2952010811649],[30.1949099999965,-22.2951650804041],[30.1947780002046,-22.2951190809808],[30.1946430002743,-22.2950770808426],[30.1945090003901,-22.2950600809579],[30.1943999998601,-22.2950830811192],[30.1942670000221,-22.2951420811421],[30.1941259998151,-22.2952210811879],[30.1939810003229,-22.2952990811876],[30.193820000093,-22.2953620804956],[30.1936620000013,-22.2953880807953],[30.1934960004401,-22.2953920809797],[30.1933190003716,-22.2953900808875],[30.1931640004183,-22.295394081072],[30.1930060003267,-22.2953980812564],[30.1928460001428,-22.2953960811641],[30.1926609997054,-22.2953770811873],[30.1925200003977,-22.2953500808415],[30.1923770000985,-22.29531408098],[30.1922339997993,-22.2952610812339],[30.1921230000764,-22.2952070805423],[30.192007000123,-22.2951540807961],[30.1918770004233,-22.2950980809117],[30.1917699999856,-22.2950640811424],[30.1916499998476,-22.295032080566],[30.1915260004246,-22.2950050811195],[30.1913409999872,-22.2949690812581],[30.1912169996648,-22.2949420809123],[30.1911120002187,-22.2949590807969],[30.1909980003575,-22.2949820809582],[30.1908560001044,-22.2950110804969],[30.190700000105,-22.2950470812577],[30.1905420000133,-22.2950910805889],[30.1903510001986,-22.2951560808884],[30.1902560003142,-22.2951980810266],[30.1901390003147,-22.2952570810494],[30.1900339999692,-22.2953180811644],[30.1899349999004,-22.2953730810028],[30.1897310003854,-22.2954630806566],[30.1896189997171,-22.2954890809563],[30.1894980004324,-22.295507080887],[30.1893740001101,-22.2955200805872],[30.1892469996494,-22.2955310810944],[30.189008000319,-22.295558080541],[30.1888880001811,-22.29557908061],[30.1887639998587,-22.2956060809558],[30.1886400004357,-22.2956400807251],[30.1885140000211,-22.2956760805866],[30.1883860004136,-22.2957130804942],[30.188258999953,-22.295751080448],[30.1881290002532,-22.2957870812088],[30.1879989996542,-22.2958190808858],[30.1877679997934,-22.2958630811162],[30.1876370000476,-22.2958750807703],[30.1875010000712,-22.2958820810931],[30.1873619999564,-22.2958860812776],[30.1872209997494,-22.2958900805627],[30.1870459997731,-22.2958940807472],[30.1869059996122,-22.2959000810239],[30.1867630002124,-22.2959050812544],[30.1866129995903,-22.2959150808163],[30.186466000006,-22.2959240812313],[30.1863170003293,-22.2959360808854],[30.1861659996612,-22.2959430812082],[30.1858939997084,-22.2959550808623],[30.1857640000086,-22.2959590810467],[30.1854950001942,-22.2959590810467],[30.1853539999872,-22.29595308077],[30.1852129997802,-22.2959450804011],[30.1849819999194,-22.2959190810008],[30.1848429998046,-22.2958940807472],[30.1847029996438,-22.2958630811162],[30.1845600002439,-22.2958350807244],[30.1844169999446,-22.295812080563],[30.1842759997376,-22.2957970807706],[30.1841369996229,-22.2957970807706],[30.1839269998312,-22.2958310805399],[30.1838220003851,-22.2958820810931],[30.1837170000396,-22.2959490805856],[30.1836139997863,-22.2960270805853],[30.1835090003402,-22.2961130809539],[30.1834029999486,-22.2962010805154],[30.1831619996266,-22.2963820807684],[30.1830459996732,-22.2964490811601],[30.1829240003424,-22.2965080811829],[30.1827979999278,-22.2965610809291],[30.1826700003203,-22.2966170808136],[30.1824160002982,-22.2967540808361],[30.1823190003217,-22.2968280806514],[30.1822240004373,-22.2969100808355],[30.1821250003685,-22.2969980812964],[30.182030999631,-22.2970840807657],[30.1819319995622,-22.2971700811343],[30.1817179995861,-22.2973280812259],[30.1816120000938,-22.2973890804417],[30.1814990002787,-22.2974430811332],[30.1813790001408,-22.2974960808794],[30.1812549998185,-22.2975440812943],[30.1811270002109,-22.2975910807637],[30.1809989997041,-22.2976350809942],[30.1808160002582,-22.2977000812937],[30.1807170001895,-22.297734081063],[30.1805970000515,-22.2977780812934],[30.1804749998215,-22.2978240807167],[30.1803510003984,-22.2978740812238],[30.1802270000761,-22.2979210806933],[30.1799709999617,-22.298019080716],[30.1798529999161,-22.2980610808541],[30.1797309996859,-22.2981040810385],[30.1796070002629,-22.2981460811766],[30.1794789997561,-22.2981860812226],[30.1793510001486,-22.2982250812225],[30.1790479996655,-22.2982990810377],[30.1789359998965,-22.2983200811068],[30.1788209999892,-22.2983390810837],[30.1787029999435,-22.2983560809683],[30.1785829998057,-22.298373080853],[30.1784639997139,-22.2983920808299],[30.1782849995531,-22.2984170810834],[30.1781860003837,-22.2984310808297],[30.1779799998772,-22.2984630805067],[30.177875000431,-22.2984760811062],[30.177765999901,-22.2984900808525],[30.1776580003165,-22.2984990812676],[30.1775489997866,-22.2985070807371],[30.1773329997182,-22.2985070807371],[30.1772149996726,-22.2984990812676],[30.1770969996269,-22.2984840805758],[30.1769839998118,-22.2984570811294],[30.1767760001123,-22.2983180810146],[30.1767170000895,-22.2982230811302],[30.1766580000667,-22.2981270811998],[30.1765880004359,-22.2980380806928],[30.1765020000673,-22.2979800807161],[30.1763300002294,-22.2979730812926],[30.1762290000684,-22.2979940804624],[30.1761200004377,-22.298028081131],[30.176003999585,-22.2980680811769],[30.1758840003464,-22.2981140806003],[30.1757620001163,-22.2981580808307],[30.1756399998861,-22.2982000809689],[30.1753609996105,-22.2982590809917],[30.1752410003719,-22.2982590809917],[30.1751230003263,-22.2982440811994],[30.1750030001884,-22.2982130806691],[30.174888000281,-22.2981790808998],[30.1747700002354,-22.2981410809461],[30.1745160002133,-22.2980830809694],[30.1744020003521,-22.2980780807388],[30.1742850003525,-22.2980780807388],[30.1741650002147,-22.2980820809232],[30.1739249999388,-22.2980930805312],[30.173804999801,-22.2980970807157],[30.1735679996635,-22.2980970807157],[30.1734519997101,-22.2980950806235],[30.1733339996644,-22.2980890812461],[30.1732169996649,-22.2980830809694],[30.1731009997114,-22.2980780807388],[30.172984999758,-22.2980700812692],[30.1727499997128,-22.2980530804852],[30.1726339997593,-22.2980430809234],[30.1724349995756,-22.29797908067],[30.1723490001063,-22.2979270809699],[30.1722449998069,-22.2978720811316],[30.1721319999918,-22.2978240807167],[30.1719790001308,-22.2977900809474],[30.1718270003159,-22.2978110810165],[30.171667000132,-22.2979060809009],[30.171575000386,-22.2979770805778],[30.1714320000868,-22.2980780807388],[30.1712620003411,-22.2981730806231],[30.1710889995578,-22.2982460812916],[30.1709090002502,-22.298293080761],[30.1707150002971,-22.2983090805995],[30.1705370001825,-22.2982860804382],[30.1703489996067,-22.2982340807382],[30.170250999584,-22.2982020810612],[30.1701520004145,-22.2981690804386],[30.1700530003457,-22.2981370807616],[30.169954000277,-22.2981060811307],[30.1698150001622,-22.2980680811769],[30.1697079997244,-22.2980450810156],[30.1695970000016,-22.2980300812232],[30.1694539997024,-22.2980220808543],[30.1693209998643,-22.2980220808543],[30.169217999611,-22.298028081131],[30.1691150002571,-22.298040080785],[30.1690099999116,-22.2980570806697],[30.1689069996584,-22.2980820809232],[30.1688060003967,-22.2981140806003],[30.1686840001665,-22.2981640811074],[30.1685920004205,-22.2982250812225],[30.1684409997524,-22.2983350808992],[30.1682889999374,-22.2984440805299],[30.1681269996614,-22.298534081083],[30.1679850003076,-22.2985870808291],[30.1678599999391,-22.2986060808059],[30.1676710002166,-22.298595081198],[30.1675720001477,-22.2985760812211],[30.1674689998945,-22.2985490808753],[30.1672030002184,-22.2984500808066],[30.1671040001495,-22.298402081291],[30.1669120002886,-22.2983410811759],[30.1667760003122,-22.2983560809683],[30.1666980003125,-22.2984610804145],[30.1666580002665,-22.298555081152],[30.166623999598,-22.298658080506],[30.1665279996675,-22.2988180806898],[30.1664810001981,-22.298667080921],[30.1664460003827,-22.2985620805755],[30.1664060003367,-22.2984520808988],[30.1663569998757,-22.2983470805533],[30.1662569997608,-22.2982070812917],[30.1660839998767,-22.2981100804158],[30.1659869999002,-22.2980820809232],[30.1658000002698,-22.2980380806928],[30.1656450003165,-22.2979560805087],[30.1655887774002,-22.2979795770958],[30.165588000386,-22.2979579996619],[30.1655820001093,-22.297855000308],[30.1655169998098,-22.2977249997089],[30.1653480001102,-22.2977400004007],[30.1652350002951,-22.2977790004005],[30.1651109999727,-22.2978300000544],[30.1648990000888,-22.2979179996159],[30.1647300003893,-22.2979850000077],[30.164627000136,-22.2980149995925],[30.1645239998828,-22.2980379997538],[30.1643229996068,-22.2980609999151],[30.1641269995614,-22.2980690002841],[30.1638830000005,-22.2980779997998],[30.1637799997473,-22.2980860001687],[30.1636750003011,-22.2980910003993],[30.1635679998633,-22.2980969997767],[30.1634590002327,-22.2981050001456],[30.1633489996567,-22.29810900033],[30.163138999865,-22.2981220000302],[30.163037999704,-22.2981260002147],[30.1628279999123,-22.2981369998227],[30.1627229995668,-22.2981450001915],[30.1625860004436,-22.2981539997073],[30.1624159997986,-22.2981680003529],[30.1622229998916,-22.2981850002375],[30.162024999754,-22.2982020001222],[30.1618380001237,-22.298221000099],[30.1616420000783,-22.2982359998915],[30.161538999825,-22.2982480004448],[30.1614359995718,-22.298261000145],[30.1611839996419,-22.29832200026],[30.1610010001961,-22.2983970001214],[30.1609070003578,-22.2984370001674],[30.1608139996664,-22.2984790003056],[30.1605999996903,-22.2985679999132],[30.1605049998059,-22.2986029997286],[30.1604019995527,-22.2986330002128],[30.1602970001065,-22.2986599996592],[30.1601879995766,-22.2986809997283],[30.1600779998998,-22.2986999997051],[30.1599650000847,-22.2987169995898],[30.1598510002235,-22.2987280000971],[30.1596099999016,-22.2987480001201],[30.1594879996715,-22.2987550004429],[30.1593640002484,-22.298758999728],[30.1591199997882,-22.2987650000047],[30.1590170004343,-22.2987629999125],[30.1588839996969,-22.2987569996358],[30.1587499998127,-22.2987530003507],[30.1586129997901,-22.2987490001662],[30.1583340004138,-22.2987490001662],[30.1580839996769,-22.2987609998202],[30.1579620003461,-22.2987740004197],[30.1578349998854,-22.2987910003044],[30.1577050001857,-22.2988120003735],[30.1575710003015,-22.2988349996355],[30.1574379995641,-22.2988579997968],[30.1573000003947,-22.2988789998659],[30.1571630003722,-22.2988959997505],[30.1570089995657,-22.2989100003962],[30.1568749996815,-22.2989100003962],[30.156737999659,-22.2989060002117],[30.1565990004436,-22.2988959997505],[30.1564540000521,-22.2988850001426],[30.1563109997529,-22.2988729995892],[30.1561660002608,-22.2988640000735],[30.1558530002158,-22.2988619999813],[30.1557269998012,-22.2988700003502],[30.1555990001938,-22.2988890003271],[30.1554660003557,-22.2989100003962],[30.1553359997566,-22.2989339997043],[30.1552019998725,-22.29896100005],[30.1549679998733,-22.2990129997501],[30.1548550000583,-22.2990369999575],[30.1547390001048,-22.2990620002111],[30.1546210000591,-22.2990850003724],[30.154498999829,-22.2991060004415],[30.154375000406,-22.2991230003262],[30.1541289998535,-22.2991440003953],[30.1540200002229,-22.2991440003953],[30.1539109996929,-22.2991459995882],[30.1538020000623,-22.2991519998649],[30.1536959996707,-22.2991649995651],[30.1535029997637,-22.2992220003949],[30.1533709999717,-22.2993120000487],[30.1532449995572,-22.2994530002557],[30.1531539998572,-22.2996230000014],[30.1531159999035,-22.2997699995857],[30.1531250003185,-22.2998879996314],[30.1531479995805,-22.3000499999075],[30.153151999765,-22.3001970003912],[30.1530569998807,-22.3003650000447],[30.1529209999043,-22.3004409999521],[30.1527530002508,-22.3004969998366],[30.1525819995597,-22.300551999675],[30.1524309997909,-22.3006089996056],[30.1523169999297,-22.3006889996975],[30.1522349997455,-22.3007560000893],[30.1521349996306,-22.300834000089],[30.1520209997694,-22.3009199995583],[30.1517879998164,-22.3010759995577],[30.1516780001397,-22.3011369996727],[30.1515749998864,-22.3011910003643],[30.1514769998637,-22.3012389998799],[30.1513860001638,-22.3012820000642],[30.1512239998877,-22.3013800000869],[30.1511320001417,-22.3014580000866],[30.1510269997963,-22.3015859996941],[30.1509719999579,-22.3016730001088],[30.1509170001195,-22.3017629997626],[30.1508630003273,-22.3018550004079],[30.1507680004429,-22.3019959997156],[30.1506949997745,-22.3020870003148],[30.1506129995903,-22.3021729997841],[30.1505219998904,-22.3022590001527],[30.15042599996,-22.3023410003369],[30.1503269998912,-22.3024210004288],[30.1501269996614,-22.3025849998978],[30.1500329998231,-22.302667000082],[30.1499379999388,-22.3027529995512],[30.1498409999622,-22.3028389999199],[30.1495930002168,-22.3030410002419],[30.1494800004018,-22.3031210003339],[30.1493620003561,-22.3032010004258],[30.1492380000337,-22.3032809996184],[30.1491100004262,-22.303357999572],[30.1489789997811,-22.3034359995717],[30.1488449998969,-22.3035100002862],[30.1487099999666,-22.3035830000554],[30.1484869995754,-22.3036929997321],[30.1483860003137,-22.3037369999625],[30.1482419999684,-22.3037959999854],[30.1480960004301,-22.3038590001927],[30.1479510000387,-22.3039239995929],[30.147803999555,-22.3039930000769],[30.1474969997868,-22.3041510001685],[30.1473629999026,-22.3042310002604],[30.1472300000645,-22.3043189998219],[30.1470980002725,-22.304411999614],[30.1469659995813,-22.304511999729],[30.1468390000199,-22.3046160000283],[30.1467110004124,-22.3047229995667],[30.1465490001363,-22.3048700000504],[30.1463659997911,-22.3050530003956],[30.1462550000683,-22.3051620000263],[30.146141000207,-22.3052729997491],[30.1460260002997,-22.3053830003251],[30.1459080002541,-22.305494000048],[30.1457399997013,-22.3056390004395],[30.1456390004396,-22.305727000001],[30.1455150001172,-22.3058239999776],[30.1453850004175,-22.3059169997697],[30.1452480003949,-22.3060050002305],[30.1448989995892,-22.3061790001607],[30.144764999705,-22.3062170001144],[30.1446279996825,-22.3062509998837],[30.1444870003748,-22.306284999653],[30.1443440000756,-22.3063200003677],[30.1441989996841,-22.3063560002292],[30.1440580003764,-22.3063999995603],[30.1439170001695,-22.3064510001135],[30.1436990000089,-22.3065660000208],[30.1435850001477,-22.3066500002972],[30.1434700002404,-22.3067430000893],[30.1433560003792,-22.3068369999276],[30.1432409995725,-22.3069260004346],[30.143121000334,-22.3070010002959],[30.1429060003117,-22.3070770002034],[30.1427759997127,-22.3070689998344],[30.1426369995979,-22.3070430004341],[30.1424920001058,-22.3070040004342],[30.1422400001759,-22.3069450004114],[30.1421030001534,-22.3069260004346],[30.1419619999464,-22.3069260004346],[30.1418199996933,-22.3069400001808],[30.1416790003856,-22.3069699997656],[30.1415360000864,-22.3070119999038],[30.1413949998794,-22.307062000411],[30.1411759996727,-22.3071510000186],[30.1410839999267,-22.3071930001568],[30.1409530001808,-22.3072540002718],[30.1408249996741,-22.3073189996721],[30.1406990001588,-22.3073920003405],[30.1405769999287,-22.307468000248],[30.1404620000213,-22.3075539997172],[30.1403500002523,-22.3076549998783],[30.1402769995839,-22.3077459995782],[30.1402110001376,-22.3078439996008],[30.1401479999303,-22.3079469998541],[30.1400889999074,-22.3080520001996],[30.1400309999307,-22.3081700002453],[30.1399740000002,-22.3082900003832],[30.1399149999773,-22.3084159998985],[30.1398010001161,-22.3086730000589],[30.1397608184071,-22.3087734534321],[30.1387734617259,-22.3091860839705],[30.1387609998204,-22.3091769999186],[30.1385889999824,-22.3092109996878],[30.1385019995677,-22.309282000264],[30.1384745585541,-22.3093109998027],[30.1379676907564,-22.3095228279161],[30.1377829996857,-22.3096570805098],[30.1376719999629,-22.3096840808556],[30.1375560000095,-22.3096920812245],[30.1374390000099,-22.3096920812245],[30.137318999872,-22.3096840808556],[30.1372029999185,-22.3096780805789],[30.1370880000113,-22.3096800806711],[30.1368879997814,-22.3097370806017],[30.1368040004044,-22.3097980807168],[30.1367260004046,-22.3098750806704],[30.1366499995979,-22.3099590809468],[30.1365030000135,-22.3101280806463],[30.1364209998293,-22.3102010804155],[30.1363310001756,-22.310254081061],[30.1362300000146,-22.3102830805996],[30.1361140000611,-22.3102830805996],[30.1359780000847,-22.3102430805537],[30.1358240001775,-22.3101610812689],[30.1356829999705,-22.3102470807381],[30.1355760004321,-22.3103080808532],[30.1354500000176,-22.3103740811989],[30.135312999995,-22.3104430807835],[30.1351660004107,-22.3105060809908],[30.1348779997199,-22.3105920804601],[30.1347419997435,-22.310611080437],[30.1346160002283,-22.3106170807137],[30.1344960000904,-22.3106190808059],[30.1343820002292,-22.310620080852],[30.1341739996304,-22.3106590808518],[30.1340749995616,-22.3107020810361],[30.1339809997234,-22.3107620811051],[30.1338879999313,-22.3108340808281],[30.1337960001853,-22.3109100807356],[30.1337030003932,-22.3109890807814],[30.1334660002557,-22.311147080873],[30.1333729995644,-22.3111890810112],[30.1332720003026,-22.3112210806883],[30.1331669999572,-22.3112500811263],[30.1330580003265,-22.3112730812877],[30.1329459996582,-22.3112920812645],[30.1328329998431,-22.3113090811492],[30.1326270002359,-22.3113410808262],[30.1325219998905,-22.3113590807569],[30.1323069998682,-22.3114020809413],[30.1322000003298,-22.3114220809642],[30.1319379999388,-22.3114580808257],[30.1318300003543,-22.3114670812408],[30.1317189997321,-22.3114730806182],[30.1316069999631,-22.3114730806182],[30.1314960002402,-22.3114710805259],[30.1312380000337,-22.3114410809411],[30.1311369998727,-22.3114180807797],[30.1310320004266,-22.311391080434],[30.1309260000349,-22.3113620808953],[30.1308189995972,-22.3113320804112],[30.1307099999666,-22.3113030808725],[30.1305370000825,-22.3112610807343],[30.1304299996448,-22.3112380805729],[30.1303189999219,-22.3112190805961],[30.1302050000608,-22.3112040808036],[30.1300880000612,-22.3111950812879],[30.1299700000155,-22.311187080919],[30.1297560000394,-22.311187080919],[30.1296499996478,-22.3111910811035],[30.1295410000172,-22.3111980805269],[30.1294280002021,-22.3112080809881],[30.1293160004331,-22.3112190805961],[30.1292009996265,-22.3112350804346],[30.1290849996731,-22.3112540804115],[30.1288240002275,-22.3113090811492],[30.128718999882,-22.31134008078],[30.1286120003436,-22.3113700812642],[30.1285029998136,-22.3114010808951],[30.1283950002292,-22.3114250811026],[30.1282839996069,-22.3114460811717],[30.1281729998841,-22.3114580808257],[30.1279519995852,-22.311452080549],[30.1278510003235,-22.3114330805722],[30.1277459999779,-22.3114060811257],[30.1276390004396,-22.3113760806415],[30.1275340000941,-22.31134008078],[30.1273929998871,-22.3112900811723],[30.1272939998183,-22.3112540804115],[30.1271929996573,-22.3112190805961],[30.1270880002111,-22.3111890810112],[30.1269829998656,-22.3111600805732],[30.1267869998202,-22.3111140811499],[30.1266469996594,-22.3110840806658],[30.1265460003976,-22.3110690808733],[30.1264430001444,-22.311055081127],[30.1263369997528,-22.3110440806198],[30.1262300002144,-22.3110380812424],[30.1259489998465,-22.3110500808964],[30.1258499997777,-22.3110630805966],[30.1257509997089,-22.3110780812884],[30.1255490002862,-22.3111050807348],[30.1254460000329,-22.3111140811499],[30.1253429997797,-22.3111220806195],[30.1250970001265,-22.3111130811038],[30.1249020001272,-22.3110740811039],[30.1248050001507,-22.3110420805276],[30.1247100002664,-22.3110040805738],[30.1246199997133,-22.3109560810582],[30.1244829996907,-22.3108630812661],[30.1243570001755,-22.3107330806671],[30.1242349999453,-22.3105900812672],[30.1240939997384,-22.3104340812678],[30.1239729995543,-22.3103230806456],[30.1238019997625,-22.3101530808999],[30.1237389995553,-22.3100670805313],[30.1236970003164,-22.3099620810851],[30.1236570002704,-22.3098170806937],[30.1236219995557,-22.3096650808788],[30.123582000409,-22.3095280808562],[30.123543999556,-22.3094260806491],[30.1234699997407,-22.3092850804421],[30.1233460003177,-22.3090850811116],[30.1232700004102,-22.3089710812504],[30.1232098717383,-22.3088546424278],[30.1232349996955,-22.3087839997817],[30.1233040001795,-22.3086390002896],[30.1233519996951,-22.3085089996906],[30.1233290004331,-22.3083739997603],[30.1232699491489,-22.3083536373105],[30.1233040001795,-22.3082820809532],[30.1233519996951,-22.3081520812535],[30.1233290004331,-22.3080170804239],[30.1231840000417,-22.3079670808161],[30.1230920002956,-22.307906080701],[30.1230009996964,-22.3078030804477],[30.1228980003425,-22.3076470804484],[30.1228289998585,-22.3075360807255],[30.1227469996743,-22.3074050809797],[30.1226380000437,-22.3072560804038],[30.1225220000903,-22.3071190812805],[30.1224280002521,-22.3070160810273],[30.1223219998604,-22.3069050804051],[30.1222029997687,-22.3067790808898],[30.1221019996077,-22.3066670811208],[30.122001000346,-22.3065500811213],[30.121891999816,-22.3064300809834],[30.1218099996318,-22.3063520809837],[30.1217020000473,-22.3062490807304],[30.1215890002322,-22.3061440812843],[30.1214799997023,-22.3060330806621],[30.1213599995644,-22.3058960806396],[30.121273000049,-22.3057760805017],[30.1211869996803,-22.3056460808019],[30.1210889996577,-22.3054920808948],[30.1210020001423,-22.3053580810106],[30.1209009999812,-22.3052250811725],[30.1207959996357,-22.3051160806426],[30.1206760003972,-22.3050240808966],[30.1205380003285,-22.3049370804818],[30.1204069996833,-22.3048620806205],[30.1202729997992,-22.304795081128],[30.1201399999611,-22.3047210804135],[30.1200100002613,-22.3046370810364],[30.119885999939,-22.3045460804372],[30.1197279998474,-22.3043910804839],[30.1196380001936,-22.3042710812454],[30.1195430003092,-22.304147080923],[30.1194189999869,-22.3040040806238],[30.1192999998951,-22.3038950809931],[30.1191730003338,-22.303773080763],[30.1190940002879,-22.3036620810402],[30.1190219996656,-22.30354008081],[30.1189509999887,-22.3034130812487],[30.1188919999659,-22.3033100809954],[30.1188289997586,-22.3032100808805],[30.1187450003815,-22.3031000812038],[30.1186499995978,-22.3029910806738],[30.1185470002439,-22.3028880804205],[30.118467000152,-22.3028190808359],[30.1183639998987,-22.302739080744],[30.1182609996455,-22.3026570805598],[30.1180659996462,-22.3024880808602],[30.1179790001308,-22.3023980812064],[30.1179020001772,-22.3023010812299],[30.1178240001775,-22.3021900806077],[30.1177500003623,-22.3020640810924],[30.1176829999705,-22.3019670811158],[30.1176090001553,-22.3018710811854],[30.1175300001095,-22.3017760804017],[30.1174310000406,-22.3016480807942],[30.1173509999487,-22.3015380811175],[30.1172649995801,-22.3014250804031],[30.1171299996498,-22.3012840810954],[30.1169919995812,-22.3011830809344],[30.1168399997662,-22.3010890810962],[30.1167330002278,-22.3010320811656],[30.1166219996056,-22.3009770804279],[30.1164549999983,-22.3008990804282],[30.1162830001604,-22.3008300808435],[30.116107000138,-22.3007840805208],[30.1159419997235,-22.3007770810974],[30.1158180003005,-22.3008110808667],[30.1156420002781,-22.3008830805896],[30.1153640000486,-22.3009920811196],[30.1152569996109,-22.301019080566],[30.1150999995654,-22.3010340812578],[30.1149059996122,-22.301007080912],[30.1147149997975,-22.3009480808892],[30.1145399998212,-22.3008680807973],[30.1143789995912,-22.3007670806362],[30.1142340000991,-22.3006510806828],[30.114101000261,-22.3005230810753],[30.1139790000309,-22.3003840809605],[30.1138660002158,-22.3002370804769],[30.1137959996857,-22.3001470808231],[30.1136760004471,-22.3000370811463],[30.1135839998018,-22.29995308087],[30.1134770002634,-22.2998520807089],[30.1133649995951,-22.299741080986],[30.1132479995956,-22.2996250810326],[30.1131379999188,-22.2995080810331],[30.1130290002882,-22.2993860808029],[30.1129450000118,-22.2992870807341],[30.1128690001043,-22.2991860805731],[30.1127999996203,-22.2990890805966],[30.1127350002201,-22.2989970808505],[30.1126020003821,-22.2988180806898],[30.1125269996214,-22.2987280810361],[30.1124489996217,-22.2986400805752],[30.1123650002446,-22.2985510809676],[30.1122809999682,-22.2984610804145],[30.1121939995535,-22.298373080853],[30.1121100001764,-22.2982820811531],[30.1119400004307,-22.2981030809923],[30.1118689998545,-22.2980220808543],[30.1117990002238,-22.2979370805318],[30.1117259995553,-22.2978530811547],[30.1116539998323,-22.2977650806939],[30.1115810000632,-22.2976750810401],[30.1114379997639,-22.2975020811561],[30.1113639999487,-22.2974140806952],[30.111285999949,-22.2973240810414],[30.1112059998571,-22.2972330804423],[30.1111239996729,-22.2971390806041],[30.1109939999732,-22.2969980812964],[30.1109230002963,-22.296926080674],[30.1108410001121,-22.296842081297],[30.1107569998357,-22.2967560809283],[30.1106700003203,-22.2966680804675],[30.1105839999517,-22.296580080906],[30.1104370003673,-22.2964260809988],[30.1103590003676,-22.2963420807224],[30.110272999999,-22.2962470808381],[30.1101850004375,-22.296146080677],[30.1100969999766,-22.2960460805621],[30.1100099995619,-22.2959430812082],[30.1099199999081,-22.2958370808166],[30.1098110002775,-22.2957130804942],[30.1097310001855,-22.2956230808405],[30.109644999817,-22.2955260808639],[30.1095560002093,-22.2954250807028],[30.1094659996562,-22.2953270806802],[30.1093749999563,-22.2952240804269],[30.1092850003026,-22.2951190809808],[30.1091230000265,-22.294919080751],[30.1090480001651,-22.2948180805899],[30.1089740003499,-22.2947130811438],[30.1088999996353,-22.294606080706],[30.108824999774,-22.2944960810293],[30.1087489998665,-22.2943830812142],[30.108672999959,-22.2942710805459],[30.1085960000054,-22.2941580807308],[30.1084379999138,-22.2939350812389],[30.1083660001908,-22.2938400804553],[30.1082910003295,-22.2937400812397],[30.1082130003297,-22.2936430812632],[30.1081330002378,-22.2935420811021],[30.1079819995697,-22.2933550805724],[30.1079099998466,-22.2932670810109],[30.1078370000776,-22.2931760804118],[30.1077670004468,-22.2930840806657],[30.1076939997783,-22.2929890807814],[30.1076240001475,-22.2928920808049],[30.1075320004015,-22.2927490805056],[30.107435000425,-22.2925790807599],[30.1073890001023,-22.2924890811062],[30.1073409996874,-22.292398080507],[30.1072970003563,-22.2923040806688],[30.1072459998031,-22.2921900808075],[30.1071790003107,-22.2920180809696],[30.1071089997806,-22.2918410809011],[30.1070380001037,-22.2916610806943],[30.1069850003576,-22.2915390804641],[30.1069099995968,-22.2913770810874],[30.1067349996206,-22.2910240809965],[30.1066930003817,-22.2909270810199],[30.1066199997132,-22.2907520810436],[30.106554000267,-22.2905720808368],[30.1064869998752,-22.2903950807683],[30.1064120000139,-22.2902180806998],[30.1063269996914,-22.2900480809541],[30.1062200001529,-22.2898820804936],[30.1061569999457,-22.2898020804017],[30.106088000361,-22.2897240804019],[30.1058629998776,-22.2897140808401],[30.1058500001774,-22.2896000809789],[30.1058330002928,-22.2894760806565],[30.1058100001314,-22.2893330812567],[30.1057469999242,-22.2890270806352],[30.1057069998782,-22.2888920807049],[30.1056609995555,-22.288772080567],[30.1056089998555,-22.2886670811209],[30.1055479997404,-22.2885750804755],[30.1053959999255,-22.2884230806606],[30.1053040001795,-22.2883600804533],[30.1052030000185,-22.2883030805227],[30.1050940003879,-22.2882530809149],[30.1049799996273,-22.2882070805923],[30.1048600003888,-22.2881610811689],[30.1046180000207,-22.2880740807542],[30.1044379998139,-22.2880010809851],[30.1043300002294,-22.2879570807546],[30.1042229997917,-22.2879080811929],[30.1041200004377,-22.2878510812623],[30.1040190002767,-22.2877880810551],[30.1039180001156,-22.2877210806633],[30.1038180000007,-22.2876520810787],[30.1036579998169,-22.2875360811252],[30.1035740004398,-22.2874770811023],[30.1034870000251,-22.2874160809873],[30.1033989995642,-22.28735308078],[30.1033089999105,-22.2872900805727],[30.1032180002106,-22.2872250811725],[30.1031279996575,-22.287160080873],[30.1029660002807,-22.2870490811501],[30.1028300003043,-22.2869560804587],[30.1025819996596,-22.2867980812664],[30.1023820003291,-22.2866760810363],[30.1022329997532,-22.2865900806676],[30.1021110004224,-22.2865120806679],[30.1020120003536,-22.2864330806222],[30.1018900001234,-22.2863270811298],[30.1017619996167,-22.2862200806921],[30.1015850004475,-22.2861070808771],[30.1014339997793,-22.2860480808542],[30.1012700003103,-22.2859970812003],[30.1011249999189,-22.2859470806932],[30.1009689999195,-22.2858860805781],[30.1008109998278,-22.2858040812933],[30.1006559998746,-22.2857090805096],[30.1004769997138,-22.2855730805332],[30.1003619998065,-22.285468081087],[30.1002439997608,-22.2853600806032],[30.10012200043,-22.2852530810648],[30.1000190001768,-22.2851730809729],[30.0998850002926,-22.2850910807887],[30.0997440000856,-22.2850120807429],[30.099607000063,-22.2849250812275],[30.0995019997176,-22.2848350806744],[30.0993990003636,-22.2847150805365],[30.0992689997646,-22.2845830807445],[30.0991420002032,-22.2845050807449],[30.0989999999501,-22.2844380812524],[30.0988359995818,-22.2843770811373],[30.0986970003663,-22.2843280806763],[30.0985499998827,-22.2842760809763],[30.0984030002983,-22.2842270805153],[30.0982599999991,-22.2841750808153],[30.0981169996998,-22.2841220810691],[30.0979760003922,-22.2840630810463],[30.0978370002774,-22.284000080839],[30.0976960000704,-22.2839270810699],[30.0973260000949,-22.2839790807699],[30.0971920002107,-22.283948081139],[30.0970889999574,-22.2839250809777],[30.096973000004,-22.2838970805857],[30.0968489996816,-22.2838660809549],[30.0966030000285,-22.283807080932],[30.0964920003056,-22.2837800805862],[30.0962960002603,-22.2837290809323],[30.0961220003301,-22.2836770812323],[30.0959620001462,-22.2836200804023],[30.0958019999624,-22.2835510808177],[30.0955560003092,-22.2834240812563],[30.0953970001715,-22.2833360807954],[30.095271999803,-22.283260080888],[30.0951210000342,-22.2831740805193],[30.0949629999425,-22.2830920812345],[30.0948948403247,-22.2830620654619],[30.0927135526883,-22.2816654776796],[30.0926219999054,-22.2815850000476],[30.0924930002518,-22.2814799997022],[30.0924029996987,-22.281426999956],[30.0922801873808,-22.2813880116474],[30.0906409580139,-22.2803384812359],[30.0905279995676,-22.2802270003757],[30.0904060002368,-22.2801280003069],[30.0902930004217,-22.2800169996847],[30.090215000422,-22.2798900001234],[30.0901789996611,-22.2797410004468],[30.0901579995921,-22.2795899997786],[30.0901239998228,-22.2794470003787],[30.0900550002381,-22.2793359997565],[30.0899200003078,-22.2792700003102],[30.0898170000546,-22.2792559996646],[30.0896719996631,-22.2792490002411],[30.0895460001478,-22.2791629998725],[30.0894500002174,-22.2791019997574],[30.0893439998258,-22.2790390004495],[30.089123999573,-22.2789320000118],[30.0889280004269,-22.2788709998967],[30.0887470001739,-22.2788459996431],[30.0886070000131,-22.2788329999429],[30.0884780003595,-22.2788200002428],[30.088292999922,-22.278792999897],[30.0882017475127,-22.2787767563422],[30.0696410004319,-22.2668930806511],[30.0696059997172,-22.2667950806284],[30.0694770000636,-22.2665450807908],[30.0694139998562,-22.2664630806066],[30.0693410000871,-22.2663870806992],[30.0692630000875,-22.2663090806995],[30.0690759995578,-22.266132080631],[30.0689370003423,-22.2659850810466],[30.0688699999506,-22.2659050809547],[30.0688029995588,-22.2658240808166],[30.0687380001586,-22.2657420806325],[30.0686739999052,-22.2656590804022],[30.0686109996979,-22.2655730809329],[30.0685339997443,-22.2654660804952],[30.0684539996524,-22.2653500805417],[30.0682920002756,-22.2651020807963],[30.0682389996302,-22.2650160804277],[30.0681849998379,-22.2649300809584],[30.0681029996538,-22.2647960810742],[30.0680099998617,-22.2646400810748],[30.0679109997928,-22.2644760807065],[30.067840000116,-22.2643580806608],[30.0677660003007,-22.2642340812378],[30.0676799999321,-22.2640870807541],[30.0675900002784,-22.2639360809853],[30.0675140003709,-22.263801081055],[30.0674409997024,-22.2636670811708],[30.0673629997027,-22.2635300811483],[30.0672950001642,-22.2634170804339],[30.0672279997724,-22.2633200804573],[30.067131999842,-22.2631900807576],[30.0670309996809,-22.2630590810118],[30.0669210000042,-22.2629060811507],[30.066827000166,-22.2627690811282],[30.0667300001894,-22.2626260808289],[30.0666310001206,-22.2624920809448],[30.066504999706,-22.2623570810144],[30.0663640003983,-22.2622230811302],[30.0662860003986,-22.2621590808768],[30.0661830001454,-22.262071080416],[30.066047000169,-22.2619740804394],[30.0659649999848,-22.2619140812698],[30.0658809997084,-22.2618530811548],[30.0657970003314,-22.2617900809474],[30.0657150001472,-22.261726080694],[30.0655570000555,-22.2615960809943],[30.0654410001021,-22.2614890805566],[30.0653660002408,-22.2614170808335],[30.0652939996185,-22.26134008088],[30.0652250000338,-22.2612600807881],[30.0651560004491,-22.2611760805117],[30.0650920001957,-22.2610900810424],[30.0650190004266,-22.260986080743],[30.0649679998734,-22.2609000812737],[30.0649140000811,-22.2608060805362],[30.0648590002427,-22.2607090805596],[30.064751999805,-22.260511080422],[30.0646949998744,-22.260408081068],[30.064588000336,-22.2602210805384],[30.0645270002209,-22.2601160810923],[30.0644579997369,-22.260013080839],[30.0643819998295,-22.2599140807702],[30.0641699999456,-22.25974008084],[30.0640669996923,-22.2596920804251],[30.0639549999233,-22.2596520812785],[30.0638349997855,-22.2596180806099],[30.0637110003624,-22.259587080979],[30.0635829998556,-22.2595610806793],[30.0633309999258,-22.2595020806564],[30.0632279996725,-22.2594790804951],[30.0631119997191,-22.2594480808642],[30.0629969998117,-22.2594080808182],[30.0628850000428,-22.2593640805878],[30.0627720002277,-22.2593150810261],[30.0626599995594,-22.2592590811416],[30.0625489998365,-22.259204080404],[30.0624370000676,-22.2591450812805],[30.0622420000683,-22.2590420810272],[30.0621369997228,-22.2589900804279],[30.0620320002766,-22.2589350805895],[30.0619269999311,-22.2588740804744],[30.0618279998624,-22.2588090810742],[30.0616489997016,-22.258655081167],[30.0615820002092,-22.2585730809829],[30.0615169999097,-22.2584870806143],[30.0614539997024,-22.2583970809605],[30.0613890003022,-22.2583080804535],[30.0613229999565,-22.258220080892],[30.0611869999801,-22.2580690811232],[30.0610370002574,-22.257947080893],[30.0609509998888,-22.2578900809624],[30.0608590001428,-22.257835081124],[30.060720000028,-22.2577560810782],[30.0605500002823,-22.2576610811939],[30.0604619998215,-22.2576110806868],[30.0603750003061,-22.2575620811251],[30.060284999753,-22.257512080618],[30.0601269996613,-22.2574260811487],[30.060011999754,-22.2573690812181],[30.05983899987,-22.2572830808495],[30.0597490002162,-22.2572380805729],[30.0595700000555,-22.2571440807347],[30.0593119998489,-22.2570010804355],[30.0591499995729,-22.256902081266],[30.0589840000117,-22.2567970809205],[30.0588740003349,-22.2567260812436],[30.0587079998743,-22.256620080852],[30.058622000405,-22.2565660810598],[30.0584460003827,-22.2564560804837],[30.0583569998757,-22.2564000805992],[30.0581789997611,-22.2562920810147],[30.0580920002457,-22.2562360811302],[30.0580039997848,-22.2561830804847],[30.0578299998547,-22.2560780810385],[30.0577430003393,-22.2560260804392],[30.0576569999706,-22.2559750807853],[30.0575690004091,-22.2559250811775],[30.057478999856,-22.2558740806243],[30.0573249999488,-22.2558260811087],[30.0567009999513,-22.2556350812939],[30.0565470000441,-22.2555920811096],[30.0561729998841,-22.2554870807641],[30.0558349995856,-22.2553990812026],[30.0555279998174,-22.2553230812951],[30.0552440002105,-22.2552600810878],[30.0549730003038,-22.2552020811111],[30.0547119999589,-22.2551470812728],[30.0543230000065,-22.2550630809964],[30.054177999615,-22.25503108042],[30.0538970001465,-22.2549640809275],[30.0536060002168,-22.2548950804436],[30.0533059998721,-22.2548250808128],[30.0529990001038,-22.2547540811359],[30.0526860000589,-22.2546870807441],[30.0523699998756,-22.2546230804907],[30.0520470002689,-22.254565080514],[30.0516089998555,-22.2544990810677],[30.0513990000638,-22.2544720807219],[30.0510730003187,-22.254441081091],[30.0507479997204,-22.2544240812063],[30.0504260001598,-22.2544220811141],[30.0501059997921,-22.2544360808604],[30.0497949998394,-22.2544680805374],[30.049485999979,-22.2545200811368],[30.0491840004413,-22.254594080952],[30.0488910004194,-22.2546930810209],[30.0486079999593,-22.2548170804439],[30.04846499966,-22.2548420806974],[30.0481939997533,-22.2548880810201],[30.0480779997999,-22.2549070809969],[30.0479710002615,-22.2549260809738],[30.0477770003084,-22.2549700812043],[30.0475899997787,-22.2550290812271],[30.0474939998483,-22.2550670811808],[30.0473969998717,-22.2551090804197],[30.0472029999186,-22.255201081065],[30.0471029998037,-22.2552460804422],[30.0468550000583,-22.2553570810644],[30.0466739998053,-22.2554260806491],[30.0465769998287,-22.2554600804184],[30.0464799998522,-22.2554890808564],[30.0463789996911,-22.2555170812482],[30.0462789995762,-22.2555420806025],[30.0460790002457,-22.2555860808329],[30.0459759999924,-22.2556030807175],[30.045870999647,-22.2556200806022],[30.0457630000624,-22.2556350812939],[30.0456540004319,-22.2556490810402],[30.0453909999947,-22.2556750804405],[30.0452879997414,-22.2556830808095],[30.0451830002953,-22.2556910811784],[30.0450759998575,-22.2557000806941],[30.0447969995819,-22.2557170805787],[30.0446089999054,-22.2557270810399],[30.0444139999062,-22.2557380806479],[30.0442159997687,-22.2557540804864],[30.0439469999541,-22.2557820808783],[30.0437639996089,-22.2558090812241],[30.0435749998864,-22.2558380807628],[30.0433840000716,-22.2558720805321],[30.0432789997261,-22.2558870812238],[30.0431360003262,-22.2559080812929],[30.042942000373,-22.2559330806471],[30.0427240002125,-22.2559580809007],[30.0425369996829,-22.2559750807853],[30.0423449998219,-22.2559840812003],[30.0421519999149,-22.2559730806931],[30.0419650002846,-22.255941081016],[30.0419217671759,-22.255929268421],[30.0353579006467,-22.2496200107548],[30.0203498191889,-22.2351940838399],[30.0203910000446,-22.234932999858],[30.0204459998831,-22.2345769996288],[30.0205609997904,-22.233848000185],[30.0206140004358,-22.233514000071],[30.0206579997669,-22.233209000395],[30.0206890002972,-22.232926999981],[30.0207040000896,-22.2326640004432],[30.0206979998129,-22.2324139997063],[30.0206680002281,-22.2321730002837],[30.0205989997441,-22.2319079997544],[30.02051699956,-22.2317060003316],[30.0203990004136,-22.2314720003325],[30.0202610003449,-22.2312370002873],[30.0201109997229,-22.2310000001498],[30.0199579998618,-22.2307599998741],[30.019807000093,-22.2305140002209],[30.0196659998861,-22.2302640003833],[30.0195419995637,-22.2300070002228],[30.0194299997947,-22.2296960002702],[30.0193970000715,-22.2295430004091],[30.0193669995874,-22.2292860002487],[30.0193499997028,-22.2290209997193],[30.0193359999565,-22.2287550000432],[30.0193109997029,-22.2284939996983],[30.0192620001412,-22.2282459999529],[30.0191569997958,-22.2279869997003],[30.0190690002342,-22.2278719997929],[30.0189110001426,-22.2277240001624],[30.01872200042,-22.2275819999093],[30.0185119997291,-22.227446999979],[30.0182930004217,-22.2273120000487],[30.0178960001004,-22.2270600001189],[30.0177470004237,-22.226949000396],[30.0175910004244,-22.2268179997508],[30.017437999664,-22.226675000351],[30.0172879999413,-22.2265299999595],[30.0171370001725,-22.226384999568],[30.0169099995969,-22.2261880003759],[30.0167690002892,-22.2260870002148],[30.0166070000131,-22.2259860000538],[30.0164350001752,-22.2258910001695],[30.0162560000144,-22.2258069998931],[30.0158609997854,-22.2256689998245],[30.0156800004317,-22.2256350000552],[30.0154889997176,-22.2256119998938],[30.0152949997645,-22.2255990001937],[30.0150959995808,-22.225592999917],[30.0148940001581,-22.2255950000092],[30.0146899997437,-22.225604999571],[30.0143159995837,-22.2256390002396],[30.0141269998612,-22.2256669997322],[30.0139350000003,-22.2256960001702],[30.0137420000933,-22.2257269998012],[30.013547000094,-22.2257609995704],[30.0133530001409,-22.2257990004235],[30.0131469996344,-22.2258490000313],[30.0130129997502,-22.2258940003079],[30.0128250000737,-22.2259649999848],[30.0126300000745,-22.2260389998],[30.0124340000291,-22.2261139996613],[30.0122349998454,-22.2261840001914],[30.0120330004227,-22.2262489995916],[30.0116550000782,-22.2263430003292],[30.0115260004246,-22.226362000306],[30.0113230000564,-22.2263790001907],[30.0111851231949,-22.2263848808575],[30.0111120002187,-22.2263879997064],[30.0108960001504,-22.2263960000753],[30.0106790000358,-22.2264079997294],[30.0103280000372,-22.2264509999137],[30.0101580002915,-22.2264930000518],[30.0099600001539,-22.2265639997287],[30.0097609999702,-22.2266480000051],[30.0095589996482,-22.2267429998895],[30.0093570038227,-22.2268420080522],[30.0091529998111,-22.2269420000732],[30.008837999674,-22.2270770000035],[30.0086570003203,-22.2271440003952],[30.0084469996294,-22.2272069997032],[30.008228000322,-22.2272560001642],[30.0080009997464,-22.2272960002102],[30.0077699998856,-22.2273249997489],[30.0075369999327,-22.2273419996336],[30.0071829997956,-22.2273520000947],[30.0069400002809,-22.2273380003484],[30.0066870003049,-22.2273209995644],[30.0064310001906,-22.2272980003024],[30.0061719999379,-22.2272750001411],[30.005585999894,-22.2272299998646],[30.0053440004253,-22.2272160001183],[30.0050959997806,-22.2272089997955],[30.0048419997585,-22.2272119999338],[30.0045849995981,-22.2272180002105],[30.0043270002909,-22.2272279997723],[30.0039079998543,-22.227244999657],[30.0038069996933,-22.2272489998414],[30.0035490003861,-22.2272560001642],[30.003295000364,-22.2272639996338],[30.0030400002958,-22.2272699999105],[30.002788000366,-22.2272730000489],[30.0025360004361,-22.2272770002334],[30.0020329997232,-22.2272810004178],[30.0015309999557,-22.2272810004178],[30.0012810001181,-22.2272829996107],[30.0005240002824,-22.2272829996107],[30.0002700002603,-22.2272849997029],[30.0000130000999,-22.2272869997952],[29.9991089997806,-22.2271689997495],[29.9979149995776,-22.2269680003729],[29.9967089997206,-22.226565999821],[29.9950670004418,-22.2262379999837],[29.9932169996649,-22.2260929995922],[29.9917290002932,-22.225886999985],[29.9903749999064,-22.2254980000327],[29.9894610000252,-22.2249770002883],[29.9885920004205,-22.2243510001984],[29.987695000424,-22.2240249995541],[29.9866140000361,-22.2236650000397],[29.9855359997866,-22.223354000087],[29.9844069998832,-22.2231169999495],[29.9822989997991,-22.2226599995593],[29.980848000335,-22.2227209996743],[29.9786050003206,-22.2228730003886],[29.9768080001891,-22.2229609999501],[29.9747349999204,-22.2230509996039],[29.9729949997195,-22.223081000088],[29.9715129997252,-22.2229929996272],[29.9704009997064,-22.2227320001816],[29.9694990003786,-22.2222860002987],[29.9687419996436,-22.2216539999321],[29.9680779996,-22.2210360002112],[29.9677139999012,-22.2206989999588],[29.9673629999025,-22.2204130002597],[29.9671380003185,-22.2201859996841],[29.9667870003199,-22.2197829999854],[29.9665520002746,-22.2194780003094],[29.9662909999298,-22.2190389998499],[29.9661400001609,-22.2187500000125],[29.9659529996313,-22.2183830001753],[29.9657280000472,-22.2179099999465],[29.9654990002787,-22.2176660003856],[29.9653830003252,-22.2174369997177],[29.9652379999338,-22.2169030002732],[29.9651120004185,-22.2163499999525],[29.965015000442,-22.2158660001158],[29.964997999658,-22.2154750000711],[29.9649670000271,-22.2150629999574],[29.9649439998657,-22.2146299997746],[29.9649100000965,-22.2141570004452],[29.9648029996588,-22.2137450003315],[29.9647360001663,-22.2132560002642],[29.9646980002126,-22.2127850001276],[29.9641320001917,-22.2116390003396],[29.9629820002192,-22.2114709997867],[29.9586120001437,-22.2107410002969],[29.9561360001763,-22.209031999727],[29.9550549997884,-22.2065769998287],[29.951878999916,-22.2045230004361],[29.9492409996724,-22.2032999997951],[29.9449610001501,-22.2008130002197],[29.9417949998394,-22.1989319998119],[29.9374330001329,-22.1971369997727],[29.9338430000545,-22.194728000197],[29.9308010000661,-22.1930959995807],[29.9268359997816,-22.1912319999568],[29.9245119996291,-22.1890920001956],[29.9218209996395,-22.1885329995982],[29.921287000195,-22.1884229999214],[29.9166919996361,-22.1890269998961],[29.9110660000959,-22.1911099997267],[29.9071419999034,-22.1913710000716],[29.901454000202,-22.1917549997934],[29.8952059998571,-22.1936469998092],[29.8893179999258,-22.1946749995515],[29.8860890003071,-22.1939520003844],[29.8819799996773,-22.1914039997947],[29.8792240002874,-22.1910339998192],[29.876091999746,-22.1886569999206],[29.8716770002934,-22.1846840001664],[29.8668400002658,-22.1799310004153],[29.8645030004132,-22.1774189996871],[29.8623059998221,-22.1742639998836],[29.8609229998966,-22.1739590002077],[29.8567059996822,-22.1740720000228],[29.8529750002961,-22.1735799998171],[29.8473259996952,-22.1735340003938],[29.8437755023376,-22.1736953270776],[29.8391830000954,-22.1739040003693],[29.8368699995509,-22.1744719995831],[29.8356029995788,-22.1742029997686],[29.8313559997796,-22.1739440004153],[29.8278140001161,-22.1725940002129],[29.8261030003532,-22.1726069999131],[29.8199190002617,-22.1708269996663],[29.8144390002597,-22.1694999996253],[29.8127089996207,-22.167814000116],[29.8090990004186,-22.1661469996842],[29.8055379998788,-22.1643709996219],[29.8020299999845,-22.1611589998879],[29.7988309999507,-22.1569300000194],[29.7959510002385,-22.1550230002113],[29.7919760003921,-22.1524840000365],[29.7893040003794,-22.1509759997426],[29.7876749999014,-22.149926999931],[29.7854170000945,-22.1478710004463],[29.7841370004223,-22.1469110002424],[29.7825160003132,-22.1455209999941],[29.7805060002518,-22.1439339996544],[29.7781579998918,-22.1428409996124],[29.7758189999469,-22.1415860001937],[29.7743749999064,-22.1408610000351],[29.7697079996245,-22.1398199996932],[29.7649319997121,-22.1397199995783],[29.7612760001873,-22.1397009996014],[29.7599766830775,-22.1397141063209],[29.7349331676317,-22.1396843216741],[29.7341569996458,-22.1398380805629],[29.7311240000726,-22.1400440810694],[29.727714000201,-22.1403170810684],[29.7219689996696,-22.1416350806944],[29.7203020001372,-22.1418180810395],[29.7184860000289,-22.1420170812233],[29.7147440001356,-22.1416640811324],[29.7112750002411,-22.1405560812981],[29.709097999673,-22.1400560807235],[29.7070670004418,-22.1388390812586],[29.7045090002902,-22.1377140806402],[29.7026879999513,-22.1365270807601],[29.7015470003938,-22.1360960806695],[29.6984339998293,-22.1357720810167],[29.6962030003682,-22.1357340810629],[29.694215000422,-22.1354900806027],[29.692514000221,-22.1352720804421],[29.6906010001361,-22.1345840810905],[29.6893760003022,-22.1344180806299],[29.6883430003293,-22.1347230812052],[29.6857159996937,-22.1358860808779],[29.68317400028,-22.1365630806216],[29.680814000266,-22.1369350806894],[29.6790580002266,-22.1372520809188],[29.6773489996567,-22.1377060811707],[29.6756820001243,-22.1382840808456],[29.6739120003386,-22.1382800806612],[29.6728259997201,-22.1381960812841],[29.6718210001391,-22.1377960808244],[29.6704970002364,-22.1362530807151],[29.6694640002635,-22.1348930809509],[29.6685519995752,-22.1327490810052],[29.6680059995773,-22.1311220806195],[29.6663450003215,-22.1296610806943],[29.6649889998425,-22.1286350810441],[29.6629900002883,-22.1264280808912],[29.660891999766,-22.1249310811045],[29.6583949997295,-22.1248120810127],[29.6563109998528,-22.1250700812192],[29.654591999721,-22.1249040807586],[29.6523990002137,-22.1247740810589],[29.6511510002185,-22.1257600806632],[29.6498260002697,-22.1272290809572],[29.6475179999558,-22.1283390808839],[29.6451830001953,-22.1301620804156],[29.6437750000163,-22.1306770807826],[29.6414309998408,-22.1309620804356],[29.6398649995701,-22.1304010806453],[29.6384829996907,-22.1305230808754],[29.6357359998166,-22.1315830811942],[29.6335479996405,-22.1320030807775],[29.6307389996052,-22.1331020810961],[29.6285009998213,-22.1345320804911],[29.6265640004283,-22.1363230812452],[29.6258220003851,-22.1380300808235],[29.6233309997259,-22.1406760805367],[29.621294000218,-22.1436400805253],[29.6198270000161,-22.1449180810046],[29.6188689999045,-22.1469150804666],[29.6180800003917,-22.148893080851],[29.6172540000721,-22.1505370811214],[29.6147780001046,-22.1526670804214],[29.6130060002268,-22.153867080901],[29.6112280000722,-22.1554040807337],[29.6091480003799,-22.1561020805465],[29.6078279997624,-22.1563460810068],[29.607245999903,-22.1560850806619],[29.6056930002318,-22.1545150811061],[29.6044250002137,-22.1538540812009],[29.6032960003102,-22.1523910811834],[29.6014169999946,-22.1515760804717],[29.5998050003006,-22.150361081099],[29.5975299997098,-22.1496360809404],[29.5961010003609,-22.1482360811302],[29.5948080000892,-22.1460720811615],[29.5935090004401,-22.1441380810076],[29.5919969999616,-22.1431300812882],[29.5906580002666,-22.1420640806927],[29.5882580002066,-22.1415700812942],[29.587087000165,-22.1412990804881],[29.5842800002219,-22.1401130806541],[29.5816949997245,-22.1388100808205],[29.5802929998221,-22.1385090804297],[29.5795990001938,-22.1386940808671],[29.5789289998735,-22.1386310806598],[29.5777110003625,-22.1390110810965],[29.5761260001149,-22.1402710807457],[29.5733750000563,-22.1422000806692],[29.5710410003419,-22.1440590809618],[29.5685669995675,-22.1462050809997],[29.5676650002396,-22.1477630809014],[29.5669889996427,-22.1484250808528],[29.5645899996288,-22.1488890806665],[29.5624420003981,-22.1493540805263],[29.5596540004318,-22.1508040808436],[29.5563960003752,-22.15200508047],[29.5534490002712,-22.1520990812076],[29.5518320003466,-22.1520700807696],[29.5491390002647,-22.1517990808629],[29.5474909998098,-22.1505900808675],[29.5446870000051,-22.1499510810775],[29.5432850001027,-22.1500900811923],[29.5421790003606,-22.1500080810081],[29.53927799968,-22.150272080592],[29.5373109998029,-22.151000080889],[29.535528000317,-22.1524120812525],[29.5345110001826,-22.1539570805548],[29.5342820004141,-22.1557190808708],[29.53428274865,-22.1560702418481],[29.5342820004141,-22.1560760002072],[29.5342859996992,-22.1579530004306],[29.5354419999484,-22.1596060002167],[29.535568000363,-22.1616740002549],[29.5365709998518,-22.1646649996899],[29.5373375603801,-22.1675647656014],[29.5371929997572,-22.1690460812117],[29.5360370004073,-22.1713550806724],[29.5349329998581,-22.1735760805716],[29.5326630003972,-22.1747050804751],[29.5306720003126,-22.1752750806804],[29.5284379998139,-22.1756430805637],[29.5269119995892,-22.1759650810236],[29.5253579998719,-22.1760760807465],[29.5220940004378,-22.1753460812566],[29.5183620001063,-22.174794080982],[29.5165569996059,-22.1743840809605],[29.5152410000721,-22.1739530808699],[29.5133469999641,-22.1737050811245],[29.5118670000621,-22.1737950807783],[29.5103530003907,-22.1743650809836],[29.5089699995659,-22.1740620805006],[29.5072840000566,-22.1733100808955],[29.5049929996273,-22.1722270804154],[29.5038869998852,-22.1717180812244],[29.5021620003761,-22.1715160809024],[29.5000399996463,-22.1712410808112],[29.4977599997243,-22.1703900811373],[29.4954429998946,-22.1695740812788],[29.4931520003646,-22.1689140805204],[29.4910620002112,-22.1680710812154],[29.4887770000586,-22.1676590811017],[29.4866790004356,-22.1670280807813],[29.4820300000845,-22.1659580809007],[29.4787709999817,-22.1653010811799],[29.4754060003867,-22.1649830809044],[29.4715509997789,-22.1642390807689],[29.4667070003279,-22.1643290804227],[29.4625199996983,-22.1643760807914],[29.460551999775,-22.1641300811383],[29.4581749998764,-22.1645730808829],[29.4557240001625,-22.1659560808084],[29.4519380000387,-22.1672810807572],[29.448405999937,-22.1679260808239],[29.443604999771,-22.1686340810979],[29.4397619997165,-22.1699080804935],[29.4379289997236,-22.1701880808153],[29.4348390002197,-22.1696100811403],[29.4320429998846,-22.1701020804466],[29.4292790001258,-22.1703430807685],[29.4263219995607,-22.1701180811845],[29.4241310001456,-22.1700370810464],[29.422868000358,-22.1703850809067],[29.4195880001861,-22.1720250809926],[29.416507000198,-22.1733240806418],[29.4142890004371,-22.1743790807299],[29.4126050001207,-22.1750420807274],[29.4112509997339,-22.1754470805183],[29.4102739996454,-22.1762440804],[29.4092779995801,-22.1774490811102],[29.4090059996273,-22.178645080506],[29.408567000067,-22.1799730805931],[29.408091999746,-22.1808710806358],[29.4060550002381,-22.1817070805173],[29.402844999697,-22.1822830809994],[29.3996139999862,-22.182775081205],[29.3977690003392,-22.1837630809014],[29.3948440003504,-22.1856760809863],[29.3926580002665,-22.1870490804507],[29.3905480000902,-22.1879760809313],[29.3881579995921,-22.1881500808615],[29.3857649998549,-22.1895840804409],[29.3841550002531,-22.1902760808764],[29.3816540000321,-22.1909500804818],[29.3790470003188,-22.1918270804554],[29.3777709999317,-22.1931470810729],[29.3764219997755,-22.1945260808139],[29.3745279996675,-22.1956210809481],[29.3726779997899,-22.1955120804182],[29.3712990000488,-22.1954010806953],[29.3682420002681,-22.1964160807375],[29.3647480001202,-22.1974290806875],[29.3624890002672,-22.1980070812617],[29.3614399995564,-22.1984890810063],[29.3601260001149,-22.1939400807701],[29.3523779998449,-22.1806500812362],[29.3463420002831,-22.1761280804465],[29.3340110000077,-22.1595010808102],[29.3029419998734,-22.1343380805379],[29.2967139995515,-22.1282040809535],[29.2866835208279,-22.1210207622983],[29.2802480001452,-22.1102120003835],[29.2749969999117,-22.0962959998604],[29.264557999652,-22.0746610004048],[29.2569230000964,-22.0661900000684],[29.251418999887,-22.0607619997664],[29.2484620002212,-22.0606819996745],[29.2477620003161,-22.0609529995812],[29.2235059996023,-22.0703389998449],[29.2175264594786,-22.0714939973501],[29.2171339422777,-22.0712128962581],[29.1974599999791,-22.0750130804892],[29.1862290000684,-22.0792990811876],[29.1771250002186,-22.0785900808675],[29.1717620002162,-22.076608081198],[29.1569990002038,-22.0755130810638],[29.14659999999,-22.0768350808742],[29.1346930003817,-22.0712250811725],[29.1148770002734,-22.0660850806619],[29.1066240000976,-22.0619520807239],[29.0836310000706,-22.0482250808228],[29.0641700001455,-22.0320660811847],[29.0548700002504,-22.0221610812689],[29.0468079998893,-22.0109360807355],[29.0426264599432,-22.0051134039604],[29.0424510004134,-22.0052259999799],[29.0423310002755,-22.0050600004187],[29.0366930001819,-21.9972069998032],[29.0300860003687,-21.9802579997069],[29.0225269998213,-21.9545549997134],[29.0233760003022,-21.95113500028],[29.0220050000308,-21.932265999776],[29.0239560000694,-21.9098159996087],[29.0271829995958,-21.8936020001322],[29.0326509999438,-21.884342000283],[29.0336599997092,-21.8758730000389],[29.039511999779,-21.8622579999067],[29.0458879997315,-21.8553180000256],[29.0552339999492,-21.8401939995534],[29.0662339999992,-21.8271840003413],[29.0754470003788,-21.8208379999737],[29.076807000143,-21.8199019999773],[29.0620779998998,-21.802952999881],[29.0609849998579,-21.8024399996062],[29.0511620001263,-21.7978219997854],[29.0179249998389,-21.7902240001375],[29.017246000003,-21.7883679999832],[29.0071829999955,-21.7813180004254],[29.0015710002015,-21.7730420000882],[28.9999999997003,-21.7755869996403],[28.9846489995517,-21.7719490000463],[28.9748489999814,-21.7729640000885],[28.9636699997707,-21.7765499999825],[28.9427429996898,-21.7760920004454],[28.9285180002056,-21.7708180000506],[28.9117579998319,-21.7665039998597],[28.9071539997573,-21.7653169999795],[28.8913510003484,-21.7637670004466],[28.8913189997721,-21.762849000381],[28.8781490003761,-21.7593740002099],[28.8704909997599,-21.7584760001672],[28.855185999934,-21.7504739998752],[28.8470050003805,-21.7422399996762],[28.8387540002969,-21.7386030001283],[28.8185419999134,-21.7374190003865],[28.797104999696,-21.7349909999347],[28.7945610001901,-21.7354250001636],[28.7743659996912,-21.7189630000424],[28.7717199999781,-21.7168079995895],[28.7700549996385,-21.7154499999175],[28.744855000358,-21.704221000099],[28.7343309997759,-21.7012360000413],[28.7220259998001,-21.6977460000778],[28.6941159996537,-21.6861260002147],[28.6767839998818,-21.6822470002988],[28.6712619997415,-21.678725999805],[28.6631770001185,-21.664249000391],[28.655807000193,-21.6566459996132],[28.6503159996837,-21.6540409999921],[28.6323680002831,-21.6538500001773],[28.6199010000312,-21.6482199995533],[28.6190729996193,-21.6481360001762],[28.6026399999361,-21.6464000001598],[28.5889809995735,-21.6341429996996],[28.5807850002276,-21.631379999987],[28.5711740003799,-21.6304949996445],[28.5673039999797,-21.6324380002135],[28.5669719999579,-21.6333000003947],[28.5643499995529,-21.6401000001148],[28.5593279999873,-21.6445989998439],[28.5542240002375,-21.6463470004137],[28.5460409996924,-21.644041000192],[28.5411889998725,-21.6460130002997],[28.5275929997172,-21.6592419997184],[28.5150119996042,-21.6647049998358],[28.4978729997392,-21.6684679997983],[28.4904490000214,-21.667086999965],[28.4788490001812,-21.6587119995591],[28.465577999725,-21.6517630001623],[28.4574259997101,-21.6506320001666],[28.4505320001517,-21.6432590001027],[28.4284990003287,-21.6386430003741],[28.4047870004198,-21.6352209999491],[28.3920510003534,-21.6256500001474],[28.3906680004279,-21.6246099998515],[28.3665180001057,-21.6072570000105],[28.3606809998283,-21.6092490001412],[28.3549269997812,-21.6139920003305],[28.3480180004304,-21.6130229997116],[28.336254000222,-21.6057509998088],[28.3280709996769,-21.6032060002567],[28.2768110001276,-21.5978689996546],[28.2673750002561,-21.598287000045],[28.2645430000595,-21.5984129995602],[28.2584949999443,-21.6015539996174],[28.225611999794,-21.6028510000736],[28.21278700012,-21.6096069995633],[28.2002939995685,-21.6108409998122],[28.1766979996131,-21.6020200004226],[28.1616170002244,-21.59872200032],[28.1607529999511,-21.598652999836],[28.1463500003523,-21.59749600044],[28.1381010003609,-21.5942760003371],[28.1292070003029,-21.5908030002582],[28.1188520003196,-21.5894520000098],[28.1104139997064,-21.5864459998829],[28.0782769997838,-21.587925999785],[28.0675460004476,-21.5819890002921],[28.0503440003754,-21.5800410003918],[28.0304999998751,-21.5817449998318],[28.0242900003832,-21.5796219999553],[28.0162310001606,-21.5734129996102],[28.0103640002984,-21.5624040000445],[28.0099579995621,-21.5616430000244],[28.0009489995967,-21.5488009995664],[27.9933410003869,-21.5336200000629],[27.9941629996228,-21.5285449998518],[27.9997019996476,-21.5251750000262],[28.0000700004302,-21.5212610002949],[27.9958469999391,-21.5197689998394],[27.9829970000116,-21.5249500004421],[27.9763429998296,-21.5242129997301],[27.9665869995904,-21.513758999678],[27.9701290001533,-21.5055709998018],[27.9830719998729,-21.4942340003988],[27.9849280000273,-21.4902849999527],[27.9823410003369,-21.4855249998788],[27.9766040001745,-21.4822170002143],[27.965061000265,-21.4820339998692],[27.9605689999594,-21.4793870001099],[27.9584480001751,-21.473695000224],[27.959298999849,-21.4688509998737],[27.9638690001543,-21.4655260003246],[27.9711830001954,-21.4637429999394],[27.9740500002074,-21.4609180000656],[27.9749050000657,-21.4563040004292],[27.9725009998214,-21.4492410002719],[27.9679030000235,-21.4426910003893],[27.9561290002532,-21.4340149995925],[27.9540549999384,-21.4299290000233],[27.9590449998269,-21.4240680004378],[27.9603420002832,-21.4191199997881],[27.9580259996002,-21.4137569997857],[27.9486960001204,-21.4045600001439],[27.9383119996991,-21.3859780002845],[27.9347639997588,-21.3796269996863],[27.9332822174005,-21.3782534129646],[27.970077602999,-21.346714510766],[27.9877832683832,-21.3231069563209],[27.9965268073663,-21.3154563598231],[28.0140138844333,-21.2935975137142],[28.0192600076433,-21.2883513905042],[28.0271291924583,-21.2706457251201],[28.0485906047726,-21.2572323421988],[28.0795904236592,-21.2214633204758],[28.1123786937218,-21.2116268399067],[28.1451669628851,-21.1919538778691],[28.1812340595043,-21.1952327044257],[28.2036345196174,-21.1952327044257],[28.1994219998255,-21.2041850003375],[28.2008510000737,-21.2101839999916],[28.2054210003789,-21.2147540002968],[28.2051349997805,-21.2284640003133],[28.2078489999315,-21.2361769998686],[28.2047059997821,-21.2418889997775],[28.2049920003806,-21.2521720000377],[28.1984229996218,-21.2664540003518],[28.198707000128,-21.2715960000553],[28.20413500043,-21.2824489996216],[28.2056295063966,-21.2839087108183],[28.2118169499923,-21.2824237241755],[28.2497425225994,-21.2705719834103],[28.2592239157511,-21.2666214028554],[28.3066308806107,-21.2508190815353],[28.3619390065799,-21.2310661787611],[28.4172471325492,-21.2192144379959],[28.4449011955338,-21.2192144379959],[28.4669648145746,-21.2274882952486],[28.4919569985167,-21.2296615285567],[28.5199622242773,-21.2271155982062],[28.5752703502465,-21.2231650185507],[28.6011402797002,-21.2268607222445],[28.6248731744575,-21.2240686168731],[28.62469099969,-21.2242900002833],[28.6526870002049,-21.2343940003828],[28.6926799999821,-21.2360779997998],[28.6880489995617,-21.2651270003108],[28.7015220003401,-21.2865980002974],[28.7421469995844,-21.3173290001332],[28.7549869999501,-21.3358530000159],[28.7619799195377,-21.3704481069945],[28.7625122282567,-21.3704761235742],[28.7690690998591,-21.3715689347585],[28.7854612793146,-21.3704761235742],[28.8396465378575,-21.3832255954848],[28.9059437946705,-21.3934251737327],[28.9499294749654,-21.3934251737327],[29.0302511518692,-21.4087245411046],[29.0952734623005,-21.4125493829476],[29.1105728296724,-21.4087245411046],[29.1488212472029,-21.4125493829476],[29.1689519929402,-21.4246278302102],[29.1794199810473,-21.4278487494202],[29.2291429241067,-21.4354984331062],[29.282690709009,-21.4354984331062],[29.3209391265395,-21.4431481167921],[29.343888176698,-21.4546226423211],[29.3692529173883,-21.4602592511635],[29.3974359616004,-21.4813965343225],[29.4269915574145,-21.4953050497882],[29.4548085883457,-21.511995268167],[29.4803688074745,-21.5261953906048],[29.5192080004489,-21.51032200036],[29.495447000079,-21.4509200003577],[29.7191979995881,-21.4826009999362],[29.800382000429,-21.4944820001442],[29.8906740004048,-21.3527080002739],[29.884337999599,-21.3234019996025],[29.8498839998468,-21.3036000001399],[29.9024419998984,-21.2676669996323],[29.9063769996988,-21.270125999715],[29.9091829995958,-21.2729319996121],[29.9080599999691,-21.286401000206],[29.9091829995958,-21.2925749998363],[29.9119890003921,-21.2959420004229],[29.9198470003388,-21.2981869996303],[29.9237739997703,-21.2981869996303],[29.9293879996565,-21.3021160000533],[29.932754000197,-21.3189540004267],[29.9277030001933,-21.3301790000608],[29.9417339997244,-21.3464539996523],[29.9501530003607,-21.3498210002389],[29.9596949997245,-21.3593629996027],[29.9686750001512,-21.3638529998161],[29.9877559996397,-21.3733950000792],[30.0082410000222,-21.3840559997845],[30.0155370001325,-21.3896709997168],[30.0177820002392,-21.3980880002609],[30.0222719995532,-21.4098749997314],[30.0329360002962,-21.4205389995751],[30.03686499982,-21.4255899995788],[30.0419169998697,-21.4379359996466],[30.0447229997667,-21.4413050003255],[30.052018999877,-21.4469160000733],[30.0593139999412,-21.4497240000625],[30.0654879995716,-21.4631929997571],[30.0694169999946,-21.4710499996578],[30.0722229998916,-21.4761019997075],[30.0761520003146,-21.4783469998142],[30.0901829998456,-21.4766630003971],[30.0969180001656,-21.4805919999208],[30.0957959996857,-21.4839589996081],[30.0924279999523,-21.4918169995548],[30.0896220000553,-21.4991129996652],[30.090744999682,-21.5047240003123],[30.0952349998954,-21.5080920000457],[30.1036510003934,-21.5080920000457],[30.1064600004287,-21.4991129996652],[30.1221730001839,-21.497428000202],[30.124980000127,-21.497428000202],[30.1339599996543,-21.5019180004154],[30.1423790002907,-21.5019180004154],[30.1575330003477,-21.5007969999815],[30.1631450001417,-21.5019180004154],[30.1637049998859,-21.5103370001524],[30.1625840003514,-21.5187559998894],[30.1665109997829,-21.5254910002095],[30.1698790004156,-21.5294199997331],[30.1749300004192,-21.5294199997331],[30.1839099999466,-21.5243679996834],[30.1867159998436,-21.5243679996834],[30.203554000217,-21.5344709997368],[30.2086060002667,-21.5406450002665],[30.2108510003734,-21.5479410003768],[30.2118218670856,-21.5490739186264],[30.2209765392359,-21.5441444799837],[30.2220739999152,-21.5428900003732],[30.2242303565458,-21.5423924243709],[30.2317177521726,-21.5383607501485],[30.2888248163123,-21.5050482967414],[30.4077978663785,-21.476494764222],[30.4791816967779,-21.4431823099156],[30.5933958250573,-21.4241466218691],[30.6362261229373,-21.4098698565086],[30.7171277969103,-21.3765574022023],[30.8075473153564,-21.3670395577294],[30.8551365350231,-21.3717984804155],[30.9645917415157,-21.3717984804155],[31.0359755719152,-21.3908341684621],[31.0930826360549,-21.4003520120357],[31.1501897001946,-21.4051109338225],[31.2453681404274,-21.4241466218691],[31.3072341263539,-21.4289055445552],[31.3232361322418,-21.434620546401],[31.375246000003,-21.390452999806],[31.4909720001577,-21.2954550004479],[31.5065170002594,-21.2695459999479],[31.5220620003611,-21.2643640001984],[31.5358810000082,-21.2600469998691],[31.5445169998597,-21.255729000393],[31.5566079998594,-21.2436370003472],[31.5712889996876,-21.2410459995732],[31.5747429997896,-21.2410459995732],[31.5781989999839,-21.2341380002684],[31.5825170003593,-21.229819999893],[31.585107000188,-21.229819999893],[31.5876959999705,-21.2177289998934],[31.5876959999705,-21.2153130017936],[31.6055790836079,-21.2111861361312],[31.6268353893418,-21.2111861361312],[31.7490591459629,-21.2058720592481],[31.8925392074186,-21.1846157544135],[31.9509940477371,-21.1793016775304],[32.0094488880558,-21.1846157544135],[32.1529289495115,-21.1686735246634],[32.2113837898301,-21.1739876015465],[32.2592104772817,-21.1633594486796],[32.2881269213204,-21.1633594486796],[32.2888250002736,-21.1670999997651]]]},"properties":{"FID":7,"gez_name":"Region Vb","ID2":7,"ID3":5,"GlobalID":"adaed246-4cbc-4996-8bca-894fbbf86786"}}]}